{
  "session_id": "BLOQUE_12CFG_584_20260609_141436_CFG010_CONFIG_01_-_B7F_AVG4_ADC16384",
  "id": "584",
  "base_name": "BLOQUE_12CFG_584_20260609_141436_CFG010_CONFIG_01_-_B7F_AVG4_ADC16384",
  "mode": "configurations",
  "measurement_condition": "LEFT",
  "config_label": "CONFIG 01 - B7F_AVG4_ADC16384",
  "config_description": "Brillo alto, sin promediado, rango ADC 16384",
  "reason": "BLOQUE_COMPLETADO",
  "requested_duration_s": 60.0,
  "samples": 2335,
  "metrics": {
    "n": 2234,
    "hz": 39.378619145073394,
    "duration_s": 56.705899000000045,
    "bpm": 102.2073181795648,
    "bpm_peak": 104.07349379414651,
    "bpm_fft": 100.51864269006643,
    "bpm_autocorr": 180.03824909346315,
    "spo2": 98.80957193339309,
    "ratio_r": 0.4963850975220371,
    "resp_rate_rpm": 7.406636829794369,
    "resp_quality": 60.13359562682831,
    "resp_reason": "experimental: pico lento 7.4 resp/min; dominancia=1.33; banda=0.30; ciclos~7.0",
    "quality": 49.40109837214148,
    "quality_label": "aceptable",
    "artifact_ir_pct": 0.9312638580931265,
    "artifact_red_pct": 0.3133393017009848,
    "pi_ir_pct": 0.06451483419280668,
    "pi_red_pct": 0.0320242022624144,
    "ac_ir": 32.56084234335493,
    "dc_ir": 50470.31857207411,
    "ac_red": 3.557156352095982,
    "dc_red": 11107.71260732038,
    "saturation_pct": 0.0,
    "contact_label": "contacto débil / baja perfusión",
    "polarity": "normal",
    "reason": "primeros 1.0 s ignorados; cribado robusto descarta 0.9 % | cv_intervalos=0.34 | dominancia_fft=1.03 | autocorr=0.70 | estimadores coherentes spread=3.6 | estimada no calibrada",
    "peaks_count": 35
  },
  "temperature": {
    "temp_samples": 2335,
    "temp_c_last": 34.72,
    "temp_c_mean": 35.110980728051395,
    "temp_c_min": 32.15,
    "temp_c_max": 37.77,
    "temp_raw_last": 2416.0
  },
  "bpm_blocks_10s_mean": [
    NaN,
    NaN,
    NaN,
    NaN,
    NaN,
    NaN
  ],
  "sensor_config": {
    "red": 63,
    "ir": 127,
    "avg": 4,
    "rate": 800,
    "width": 411,
    "adc": 16384,
    "skip": 50,
    "debug": false
  },
  "analysis_config": {
    "bpm_min": 45,
    "bpm_max": 180,
    "peak_threshold_sd": 0.55,
    "detrend_seconds": 2.0,
    "smooth_seconds": 0.07,
    "ignore_initial_seconds": 1.0,
    "min_quality_to_accept": 45.0,
    "spo2_formula": "quad",
    "spo2_custom_a": 94.845,
    "spo2_custom_b": 30.354,
    "spo2_custom_c": -45.06
  },
  "files": {
    "raw": "C:\\Users\\julia\\OneDrive\\Desktop\\tesis\\mtestv2\\resultados\\raw\\raw_BLOQUE_12CFG_584_20260609_141436_CFG010_CONFIG_01_-_B7F_AVG4_ADC16384.csv",
    "processed": "C:\\Users\\julia\\OneDrive\\Desktop\\tesis\\mtestv2\\resultados\\processed\\proc_BLOQUE_12CFG_584_20260609_141436_CFG010_CONFIG_01_-_B7F_AVG4_ADC16384.csv",
    "plot": "C:\\Users\\julia\\OneDrive\\Desktop\\tesis\\mtestv2\\resultados\\figures\\plot_BLOQUE_12CFG_584_20260609_141436_CFG010_CONFIG_01_-_B7F_AVG4_ADC16384.png",
    "bpm_blocks_10s": "C:\\Users\\julia\\OneDrive\\Desktop\\tesis\\mtestv2\\resultados\\reports\\bpm_blocks_10s_BLOQUE_12CFG_584_20260609_141436_CFG010_CONFIG_01_-_B7F_AVG4_ADC16384.csv"
  },
  "manual_reference": {
    "pulso_previo": "105",
    "pulso_final_pulsio": "105",
    "pulso_final_fonendo": ""
  },
  "created": "2026-06-09T14:29:26.520365"
}