{
  "session_id": "BLOQUE_12CFG_marco_no_oveja_20260603_102305_CFG002_3M_02_-_RED63_IR63_AVG1_ADC16384",
  "id": "marco_no_oveja",
  "base_name": "BLOQUE_12CFG_marco_no_oveja_20260603_102305_CFG002_3M_02_-_RED63_IR63_AVG1_ADC16384",
  "mode": "experimento_3m",
  "measurement_condition": "Experimento 3M: optimizacion adaptativa con BPM manual, PPG y SpO2",
  "config_label": "3M 02 - RED63 IR63 AVG1 ADC16384",
  "config_description": "Experimento 3M: sube IR porque el PI IR es muy bajo; sube RED relativo a IR para mejorar SpO2; mantiene el AVG de la mejor candidata provisional",
  "reason": "BLOQUE_COMPLETADO",
  "requested_duration_s": 100.0,
  "samples": 3938,
  "metrics": {
    "n": 3898,
    "hz": 39.88777910608528,
    "duration_s": 97.69909700000001,
    "bpm": 78.40077178537325,
    "bpm_peak": 79.77555821217021,
    "bpm_fft": 77.99457962236843,
    "bpm_autocorr": 77.20215310855215,
    "spo2": 99.51497067261201,
    "ratio_r": 0.23778657596781164,
    "resp_rate_rpm": 6.141305482076255,
    "resp_quality": 73.75253302161309,
    "resp_reason": "experimental: pico lento 6.1 resp/min; dominancia=1.20; banda=0.59; ciclos~10.0",
    "quality": 86.67121402809532,
    "quality_label": "buena",
    "artifact_ir_pct": 0.0,
    "artifact_red_pct": 0.0,
    "pi_ir_pct": 0.08413896349811448,
    "pi_red_pct": 0.02000711603569733,
    "ac_ir": 39.58173499979308,
    "dc_ir": 47043.28809645972,
    "ac_red": 10.037853335392278,
    "dc_red": 50171.41559774243,
    "saturation_pct": 0.0,
    "contact_label": "contacto débil / baja perfusión",
    "polarity": "invertida",
    "reason": "cv_intervalos=0.08 | dominancia_fft=1.09 | autocorr=0.84 | estimadores coherentes spread=2.6 | estimada no calibrada",
    "peaks_count": 133
  },
  "temperature": {
    "temp_samples": 3938,
    "temp_c_last": 29.3,
    "temp_c_mean": 28.38679532757745,
    "temp_c_min": 25.72,
    "temp_c_max": 30.25,
    "temp_raw_last": 2215.0
  },
  "bpm_blocks_10s_mean": [
    79.79864000343775,
    81.03464265374669,
    77.96355040433879,
    79.8778090773685,
    77.55782289654587,
    76.95090615364293,
    79.87842453341013,
    76.05190527232322,
    77.51894629520905,
    78.507084357182
  ],
  "sensor_config": {
    "red": 63,
    "ir": 63,
    "avg": 1,
    "rate": 100,
    "width": 411,
    "adc": 16384,
    "skip": 50,
    "debug": false
  },
  "analysis_config": {
    "bpm_min": 45,
    "bpm_max": 180,
    "peak_threshold_sd": 0.55,
    "detrend_seconds": 2.0,
    "smooth_seconds": 0.07,
    "ignore_initial_seconds": 1.0,
    "min_quality_to_accept": 45.0,
    "spo2_formula": "quad",
    "spo2_custom_a": 94.845,
    "spo2_custom_b": 30.354,
    "spo2_custom_c": -45.06
  },
  "files": {
    "raw": "C:\\Users\\julia\\OneDrive\\Desktop\\tesis\\mtestv2\\resultados\\raw\\raw_BLOQUE_12CFG_marco_no_oveja_20260603_102305_CFG002_3M_02_-_RED63_IR63_AVG1_ADC16384.csv",
    "processed": "C:\\Users\\julia\\OneDrive\\Desktop\\tesis\\mtestv2\\resultados\\processed\\proc_BLOQUE_12CFG_marco_no_oveja_20260603_102305_CFG002_3M_02_-_RED63_IR63_AVG1_ADC16384.csv",
    "plot": "C:\\Users\\julia\\OneDrive\\Desktop\\tesis\\mtestv2\\resultados\\figures\\plot_BLOQUE_12CFG_marco_no_oveja_20260603_102305_CFG002_3M_02_-_RED63_IR63_AVG1_ADC16384.png",
    "bpm_blocks_10s": "C:\\Users\\julia\\OneDrive\\Desktop\\tesis\\mtestv2\\resultados\\reports\\bpm_blocks_10s_BLOQUE_12CFG_marco_no_oveja_20260603_102305_CFG002_3M_02_-_RED63_IR63_AVG1_ADC16384.csv"
  },
  "manual_reference": {
    "pulso_previo": "81",
    "pulso_final_pulsio": "76",
    "pulso_final_fonendo": ""
  },
  "created": "2026-06-03T10:46:33.997954"
}