{
  "session_id": "BLOQUE_16CFG_184_SinVacio_20260602_131802_CFG013_CONFIG_13-B5F_AVG1_ADC8192",
  "id": "184_SinVacio",
  "base_name": "BLOQUE_16CFG_184_SinVacio_20260602_131802_CFG013_CONFIG_13-B5F_AVG1_ADC8192",
  "mode": "configurations",
  "measurement_condition": "toma con tabla personalizada de configuraciones",
  "config_label": "CONFIG 13-B5F_AVG1_ADC8192",
  "config_description": "Configuracion personalizada 13",
  "reason": "BLOQUE_COMPLETADO",
  "requested_duration_s": 30.0,
  "samples": 1149,
  "metrics": {
    "n": 1147,
    "hz": 39.8743699866939,
    "duration_s": 28.74026600000002,
    "bpm": 132.91456662231303,
    "bpm_peak": 132.91456662231303,
    "bpm_fft": 83.50653400354743,
    "bpm_autocorr": 184.0355537847411,
    "spo2": 97.83164029698362,
    "ratio_r": 0.5539918630665593,
    "resp_rate_rpm": 8.350653400354743,
    "resp_quality": 65.8556958265337,
    "resp_reason": "experimental: pico lento 8.4 resp/min; dominancia=1.50; banda=0.99; ciclos~4.0",
    "quality": 44.69454334179273,
    "quality_label": "dudosa",
    "artifact_ir_pct": 0.0,
    "artifact_red_pct": 0.0,
    "pi_ir_pct": 0.17171575300862915,
    "pi_red_pct": 0.0951291299271276,
    "ac_ir": 113.64468012242656,
    "dc_ir": 66181.86050566696,
    "ac_red": 22.493315116832242,
    "dc_red": 23645.03400174368,
    "saturation_pct": 0.0,
    "contact_label": "contacto útil",
    "polarity": "normal",
    "reason": "cv_intervalos=0.17 | dominancia_fft=1.02 | autocorr=0.87 | estimadores discrepantes; se usa picos spread=49.4 | BPM por debajo del umbral de calidad | estimada no calibrada",
    "peaks_count": 25
  },
  "temperature": {
    "temp_samples": 1149,
    "temp_c_last": 37.19,
    "temp_c_mean": 36.53946040034813,
    "temp_c_min": 33.43,
    "temp_c_max": 38.64,
    "temp_raw_last": 2503.0
  },
  "bpm_blocks_10s_mean": [
    136.91668652627584,
    149.57328770404357,
    165.14085690964026,
    111.82949683148652
  ],
  "sensor_config": {
    "red": 95,
    "ir": 95,
    "avg": 1,
    "rate": 100,
    "width": 411,
    "adc": 8192,
    "skip": 50,
    "debug": false
  },
  "analysis_config": {
    "bpm_min": 45,
    "bpm_max": 180,
    "peak_threshold_sd": 0.55,
    "detrend_seconds": 2.0,
    "smooth_seconds": 0.07,
    "ignore_initial_seconds": 1.0,
    "min_quality_to_accept": 45.0,
    "spo2_formula": "quad",
    "spo2_custom_a": 94.845,
    "spo2_custom_b": 30.354,
    "spo2_custom_c": -45.06
  },
  "files": {
    "raw": "C:\\Users\\julia\\OneDrive\\Desktop\\tesis\\mtestv2\\resultados\\raw\\raw_BLOQUE_16CFG_184_SinVacio_20260602_131802_CFG013_CONFIG_13-B5F_AVG1_ADC8192.csv",
    "processed": "C:\\Users\\julia\\OneDrive\\Desktop\\tesis\\mtestv2\\resultados\\processed\\proc_BLOQUE_16CFG_184_SinVacio_20260602_131802_CFG013_CONFIG_13-B5F_AVG1_ADC8192.csv",
    "plot": "C:\\Users\\julia\\OneDrive\\Desktop\\tesis\\mtestv2\\resultados\\figures\\plot_BLOQUE_16CFG_184_SinVacio_20260602_131802_CFG013_CONFIG_13-B5F_AVG1_ADC8192.png",
    "bpm_blocks_10s": "C:\\Users\\julia\\OneDrive\\Desktop\\tesis\\mtestv2\\resultados\\reports\\bpm_blocks_10s_BLOQUE_16CFG_184_SinVacio_20260602_131802_CFG013_CONFIG_13-B5F_AVG1_ADC8192.csv"
  },
  "manual_reference": {
    "pulso_previo": "71",
    "pulso_final_pulsio": "86",
    "pulso_final_fonendo": ""
  },
  "created": "2026-06-02T13:27:32.583480"
}