{
  "session_id": "BLOQUE_16CFG_184_20260605_104620_CFG013_CONFIG_08_-_B3F_AVG4_ADC16384",
  "id": "184",
  "base_name": "BLOQUE_16CFG_184_20260605_104620_CFG013_CONFIG_08_-_B3F_AVG4_ADC16384",
  "mode": "configurations",
  "measurement_condition": "EN LA TETA DERECHA",
  "config_label": "CONFIG 08 - B3F_AVG4_ADC16384",
  "config_description": "Buena",
  "reason": "BLOQUE_COMPLETADO",
  "requested_duration_s": 30.0,
  "samples": 249,
  "metrics": {
    "n": 208,
    "hz": 9.051827616470103,
    "duration_s": 22.868310000000065,
    "bpm": 171.42857142857142,
    "bpm_peak": 82.8571428571429,
    "bpm_fft": 47.161572052401745,
    "bpm_autocorr": 171.42857142857142,
    "spo2": 92.11520626009035,
    "ratio_r": 0.7539834763149854,
    "resp_rate_rpm": 10.480349344978166,
    "resp_quality": 60.179590174448734,
    "resp_reason": "experimental: pico lento 10.5 resp/min; dominancia=1.13; banda=0.98; ciclos~4.0",
    "quality": 23.81178475564704,
    "quality_label": "dudosa",
    "artifact_ir_pct": 9.170305676855897,
    "artifact_red_pct": 3.3653846153846154,
    "pi_ir_pct": 0.04307830093806814,
    "pi_red_pct": 0.03248032709502771,
    "ac_ir": 9.654480091549283,
    "dc_ir": 22411.46907216495,
    "ac_red": 3.7727490452356145,
    "dc_red": 11615.48969072165,
    "saturation_pct": 0.0,
    "contact_label": "contacto débil / baja perfusión",
    "polarity": "normal",
    "reason": "primeros 1.0 s ignorados; cribado robusto descarta 9.2 % | cv_intervalos=0.36 | dominancia_fft=1.15 | autocorr=0.83 | estimadores discrepantes; se usa autocorr spread=124.3 | BPM por debajo del umbral de calidad | estimada no calibrada",
    "peaks_count": 9
  },
  "temperature": {
    "temp_samples": 249,
    "temp_c_last": 32.12,
    "temp_c_mean": 32.37441767068273,
    "temp_c_min": 30.86,
    "temp_c_max": 33.87,
    "temp_raw_last": 2321.0
  },
  "bpm_blocks_10s_mean": [
    NaN,
    NaN,
    NaN
  ],
  "sensor_config": {
    "red": 63,
    "ir": 63,
    "avg": 4,
    "rate": 100,
    "width": 411,
    "adc": 16384,
    "skip": 50,
    "debug": false
  },
  "analysis_config": {
    "bpm_min": 45,
    "bpm_max": 180,
    "peak_threshold_sd": 0.55,
    "detrend_seconds": 2.0,
    "smooth_seconds": 0.07,
    "ignore_initial_seconds": 1.0,
    "min_quality_to_accept": 45.0,
    "spo2_formula": "quad",
    "spo2_custom_a": 94.845,
    "spo2_custom_b": 30.354,
    "spo2_custom_c": -45.06
  },
  "files": {
    "raw": "C:\\Users\\julia\\OneDrive\\Desktop\\tesis\\mtestv2\\resultados\\raw\\raw_BLOQUE_16CFG_184_20260605_104620_CFG013_CONFIG_08_-_B3F_AVG4_ADC16384.csv",
    "processed": "C:\\Users\\julia\\OneDrive\\Desktop\\tesis\\mtestv2\\resultados\\processed\\proc_BLOQUE_16CFG_184_20260605_104620_CFG013_CONFIG_08_-_B3F_AVG4_ADC16384.csv",
    "plot": "C:\\Users\\julia\\OneDrive\\Desktop\\tesis\\mtestv2\\resultados\\figures\\plot_BLOQUE_16CFG_184_20260605_104620_CFG013_CONFIG_08_-_B3F_AVG4_ADC16384.png",
    "bpm_blocks_10s": "C:\\Users\\julia\\OneDrive\\Desktop\\tesis\\mtestv2\\resultados\\reports\\bpm_blocks_10s_BLOQUE_16CFG_184_20260605_104620_CFG013_CONFIG_08_-_B3F_AVG4_ADC16384.csv"
  },
  "manual_reference": {
    "pulso_previo": "70",
    "pulso_final_pulsio": "68",
    "pulso_final_fonendo": "68"
  },
  "created": "2026-06-05T11:00:41.136876"
}