{
  "session_id": "BLOQUE_16CFG_386_20260610_135136_CFG003_CONFIG_02_-_B5F_AVG4_ADC16384",
  "id": "386",
  "base_name": "BLOQUE_16CFG_386_20260610_135136_CFG003_CONFIG_02_-_B5F_AVG4_ADC16384",
  "mode": "configurations",
  "measurement_condition": "LEFT",
  "config_label": "CONFIG 02 - B5F_AVG4_ADC16384",
  "config_description": "Brillo bajo, promediado x4, rango ADC 8192",
  "reason": "BLOQUE_COMPLETADO",
  "requested_duration_s": 30.0,
  "samples": 1142,
  "metrics": {
    "n": 590,
    "hz": 37.359747922553815,
    "duration_s": 15.765630999999999,
    "bpm": 115.28283202672716,
    "bpm_peak": 113.59467867113058,
    "bpm_fft": 112.2093777117266,
    "bpm_autocorr": 119.27441260468717,
    "spo2": 99.76126044373991,
    "ratio_r": 0.2709288763814488,
    "resp_rate_rpm": NaN,
    "resp_quality": 0.0,
    "resp_reason": "respiracion experimental no estimable: toma menor de 20 s",
    "quality": 47.83706512587901,
    "quality_label": "aceptable",
    "artifact_ir_pct": 44.44444444444444,
    "artifact_red_pct": 2.5423728813559325,
    "pi_ir_pct": 0.08771669086392204,
    "pi_red_pct": 0.023764984495661296,
    "ac_ir": 40.63925576482246,
    "dc_ir": 46330.12869565217,
    "ac_red": 4.681814364354542,
    "dc_red": 19700.47304347826,
    "saturation_pct": 0.0,
    "contact_label": "contacto débil / baja perfusión",
    "polarity": "normal",
    "reason": "primeros 1.0 s ignorados; cribado robusto descarta 44.4 % | cv_intervalos=0.05 | dominancia_fft=1.47 | autocorr=0.72 | estimadores coherentes spread=7.1 | estimada no calibrada",
    "peaks_count": 13
  },
  "temperature": {
    "temp_samples": 1142,
    "temp_c_last": 33.78,
    "temp_c_mean": 32.726077057793354,
    "temp_c_min": 29.33,
    "temp_c_max": 36.64,
    "temp_raw_last": 2382.0
  },
  "bpm_blocks_10s_mean": [
    113.30756200047969,
    NaN,
    110.89015407513175
  ],
  "sensor_config": {
    "red": 95,
    "ir": 95,
    "avg": 4,
    "rate": 800,
    "width": 411,
    "adc": 16384,
    "skip": 50,
    "debug": false
  },
  "analysis_config": {
    "bpm_min": 45,
    "bpm_max": 180,
    "peak_threshold_sd": 0.55,
    "detrend_seconds": 2.0,
    "smooth_seconds": 0.07,
    "ignore_initial_seconds": 1.0,
    "min_quality_to_accept": 45.0,
    "spo2_formula": "quad",
    "spo2_custom_a": 94.845,
    "spo2_custom_b": 30.354,
    "spo2_custom_c": -45.06
  },
  "files": {
    "raw": "C:\\Users\\julia\\OneDrive\\Desktop\\tesis\\mtestv2\\resultados\\raw\\raw_BLOQUE_16CFG_386_20260610_135136_CFG003_CONFIG_02_-_B5F_AVG4_ADC16384.csv",
    "processed": "C:\\Users\\julia\\OneDrive\\Desktop\\tesis\\mtestv2\\resultados\\processed\\proc_BLOQUE_16CFG_386_20260610_135136_CFG003_CONFIG_02_-_B5F_AVG4_ADC16384.csv",
    "plot": "C:\\Users\\julia\\OneDrive\\Desktop\\tesis\\mtestv2\\resultados\\figures\\plot_BLOQUE_16CFG_386_20260610_135136_CFG003_CONFIG_02_-_B5F_AVG4_ADC16384.png",
    "bpm_blocks_10s": "C:\\Users\\julia\\OneDrive\\Desktop\\tesis\\mtestv2\\resultados\\reports\\bpm_blocks_10s_BLOQUE_16CFG_386_20260610_135136_CFG003_CONFIG_02_-_B5F_AVG4_ADC16384.csv"
  },
  "manual_reference": {
    "pulso_previo": "106",
    "pulso_final_pulsio": "110",
    "pulso_final_fonendo": ""
  },
  "created": "2026-06-10T14:02:59.915270"
}