{
  "session_id": "BLOQUE_12CFG_584_20260609_141436_CFG001_CONFIG_01_-_B7F_AVG4_ADC16384",
  "id": "584",
  "base_name": "BLOQUE_12CFG_584_20260609_141436_CFG001_CONFIG_01_-_B7F_AVG4_ADC16384",
  "mode": "configurations",
  "measurement_condition": "LEFT",
  "config_label": "CONFIG 01 - B7F_AVG4_ADC16384",
  "config_description": "Brillo bajo, sin promediado, rango ADC 8192",
  "reason": "BLOQUE_COMPLETADO",
  "requested_duration_s": 60.0,
  "samples": 2336,
  "metrics": {
    "n": 2124,
    "hz": 37.43315611740202,
    "duration_s": 56.71442699999999,
    "bpm": 47.60693429909818,
    "bpm_peak": 94.24793080082318,
    "bpm_fft": 47.60693429909818,
    "bpm_autocorr": 180.6418673682448,
    "spo2": 0.0,
    "ratio_r": 1.903818778207952,
    "resp_rate_rpm": 8.463454986506346,
    "resp_quality": 82.30321801313568,
    "resp_reason": "experimental: pico lento 8.5 resp/min; dominancia=1.18; banda=0.84; ciclos~8.0",
    "quality": 6.525051369448423,
    "quality_label": "dudosa",
    "artifact_ir_pct": 5.851063829787234,
    "artifact_red_pct": 2.5423728813559325,
    "pi_ir_pct": 0.05563873272975533,
    "pi_red_pct": 0.1059260641666016,
    "ac_ir": 24.78808189787275,
    "dc_ir": 44551.84487804878,
    "ac_red": 9.468662669801443,
    "dc_red": 8938.935609756098,
    "saturation_pct": 0.0,
    "contact_label": "contacto débil / baja perfusión",
    "polarity": "normal",
    "reason": "primeros 1.0 s ignorados; cribado robusto descarta 5.9 % | cv_intervalos=0.40 | dominancia_fft=1.00 | autocorr=0.60 | estimadores discrepantes; se usa FFT spread=46.6 | BPM por debajo del umbral de calidad | estimada no calibrada",
    "peaks_count": 51
  },
  "temperature": {
    "temp_samples": 2336,
    "temp_c_last": 33.92,
    "temp_c_mean": 33.61609589041095,
    "temp_c_min": 30.76,
    "temp_c_max": 35.28,
    "temp_raw_last": 2387.0
  },
  "bpm_blocks_10s_mean": [
    NaN,
    89.97485008401407,
    NaN,
    NaN,
    NaN,
    NaN
  ],
  "sensor_config": {
    "red": 63,
    "ir": 127,
    "avg": 4,
    "rate": 800,
    "width": 411,
    "adc": 16384,
    "skip": 50,
    "debug": false
  },
  "analysis_config": {
    "bpm_min": 45,
    "bpm_max": 180,
    "peak_threshold_sd": 0.55,
    "detrend_seconds": 2.0,
    "smooth_seconds": 0.07,
    "ignore_initial_seconds": 1.0,
    "min_quality_to_accept": 45.0,
    "spo2_formula": "quad",
    "spo2_custom_a": 94.845,
    "spo2_custom_b": 30.354,
    "spo2_custom_c": -45.06
  },
  "files": {
    "raw": "C:\\Users\\julia\\OneDrive\\Desktop\\tesis\\mtestv2\\resultados\\raw\\raw_BLOQUE_12CFG_584_20260609_141436_CFG001_CONFIG_01_-_B7F_AVG4_ADC16384.csv",
    "processed": "C:\\Users\\julia\\OneDrive\\Desktop\\tesis\\mtestv2\\resultados\\processed\\proc_BLOQUE_12CFG_584_20260609_141436_CFG001_CONFIG_01_-_B7F_AVG4_ADC16384.csv",
    "plot": "C:\\Users\\julia\\OneDrive\\Desktop\\tesis\\mtestv2\\resultados\\figures\\plot_BLOQUE_12CFG_584_20260609_141436_CFG001_CONFIG_01_-_B7F_AVG4_ADC16384.png",
    "bpm_blocks_10s": "C:\\Users\\julia\\OneDrive\\Desktop\\tesis\\mtestv2\\resultados\\reports\\bpm_blocks_10s_BLOQUE_12CFG_584_20260609_141436_CFG001_CONFIG_01_-_B7F_AVG4_ADC16384.csv"
  },
  "manual_reference": {
    "pulso_previo": "108",
    "pulso_final_pulsio": "85",
    "pulso_final_fonendo": ""
  },
  "created": "2026-06-09T14:29:23.212242"
}