{
  "session_id": "BLOQUE_12CFG_184_20260609_140202_CFG003_CONFIG_03_-_B3F_AVG4_ADC16384",
  "id": "184",
  "base_name": "BLOQUE_12CFG_184_20260609_140202_CFG003_CONFIG_03_-_B3F_AVG4_ADC16384",
  "mode": "configurations",
  "measurement_condition": "LEFT",
  "config_label": "CONFIG 03 - B3F_AVG4_ADC16384",
  "config_description": "Brillo bajo, promediado x4, rango ADC 8192",
  "reason": "STOP_BLOQUE_MANUAL",
  "requested_duration_s": 60.0,
  "samples": 2335,
  "metrics": {
    "n": 2255,
    "hz": 39.748566159530924,
    "duration_s": 56.706447999999995,
    "bpm": 68.77524756972963,
    "bpm_peak": 132.49522053176935,
    "bpm_fft": 68.77524756972963,
    "bpm_autocorr": 183.45492073629657,
    "spo2": 98.67009606075908,
    "ratio_r": 0.5058061278489563,
    "resp_rate_rpm": 10.580807318419943,
    "resp_quality": 85.67135741742236,
    "resp_reason": "experimental: pico lento 10.6 resp/min; dominancia=1.37; banda=0.90; ciclos~10.0",
    "quality": 19.702884971856335,
    "quality_label": "dudosa",
    "artifact_ir_pct": 0.0,
    "artifact_red_pct": 0.0,
    "pi_ir_pct": 0.038721104588423476,
    "pi_red_pct": 0.019585371977904935,
    "ac_ir": 9.458078823165888,
    "dc_ir": 24426.159645232816,
    "ac_red": 1.219046445437107,
    "dc_red": 6224.270066518847,
    "saturation_pct": 0.0,
    "contact_label": "contacto débil / baja perfusión",
    "polarity": "invertida",
    "reason": "primeros 1.0 s ignorados; cribado robusto descarta 0.0 % | cv_intervalos=0.31 | dominancia_fft=1.15 | autocorr=0.77 | estimadores discrepantes; se usa FFT spread=63.7 | BPM por debajo del umbral de calidad | estimada no calibrada",
    "peaks_count": 58
  },
  "temperature": {
    "temp_samples": 2335,
    "temp_c_last": 35.2,
    "temp_c_mean": 35.25276231263384,
    "temp_c_min": 32.83,
    "temp_c_max": 36.93,
    "temp_raw_last": 2433.0
  },
  "bpm_blocks_10s_mean": [
    NaN,
    NaN,
    NaN,
    NaN,
    NaN,
    NaN
  ],
  "sensor_config": {
    "red": 63,
    "ir": 63,
    "avg": 4,
    "rate": 800,
    "width": 411,
    "adc": 16384,
    "skip": 50,
    "debug": false
  },
  "analysis_config": {
    "bpm_min": 45,
    "bpm_max": 180,
    "peak_threshold_sd": 0.55,
    "detrend_seconds": 2.0,
    "smooth_seconds": 0.07,
    "ignore_initial_seconds": 1.0,
    "min_quality_to_accept": 45.0,
    "spo2_formula": "quad",
    "spo2_custom_a": 94.845,
    "spo2_custom_b": 30.354,
    "spo2_custom_c": -45.06
  },
  "files": {
    "raw": "C:\\Users\\julia\\OneDrive\\Desktop\\tesis\\mtestv2\\resultados\\raw\\raw_BLOQUE_12CFG_184_20260609_140202_CFG003_CONFIG_03_-_B3F_AVG4_ADC16384.csv",
    "processed": "C:\\Users\\julia\\OneDrive\\Desktop\\tesis\\mtestv2\\resultados\\processed\\proc_BLOQUE_12CFG_184_20260609_140202_CFG003_CONFIG_03_-_B3F_AVG4_ADC16384.csv",
    "plot": "C:\\Users\\julia\\OneDrive\\Desktop\\tesis\\mtestv2\\resultados\\figures\\plot_BLOQUE_12CFG_184_20260609_140202_CFG003_CONFIG_03_-_B3F_AVG4_ADC16384.png",
    "bpm_blocks_10s": "C:\\Users\\julia\\OneDrive\\Desktop\\tesis\\mtestv2\\resultados\\reports\\bpm_blocks_10s_BLOQUE_12CFG_184_20260609_140202_CFG003_CONFIG_03_-_B3F_AVG4_ADC16384.csv"
  },
  "manual_reference": {
    "pulso_previo": "79",
    "pulso_final_pulsio": "69",
    "pulso_final_fonendo": ""
  },
  "created": "2026-06-09T14:12:20.874849"
}