{
  "session_id": "BLOQUE_12CFG_marco_no_oveja_20260603_102305_CFG004_3M_04_-_RED159_IR127_AVG1_ADC16384",
  "id": "marco_no_oveja",
  "base_name": "BLOQUE_12CFG_marco_no_oveja_20260603_102305_CFG004_3M_04_-_RED159_IR127_AVG1_ADC16384",
  "mode": "experimento_3m",
  "measurement_condition": "Experimento 3M: optimizacion adaptativa con BPM manual, PPG y SpO2",
  "config_label": "3M 04 - RED159 IR127 AVG1 ADC16384",
  "config_description": "Experimento 3M: sube IR porque el PI IR es bajo; sube RED relativo a IR para mejorar SpO2; mantiene el AVG de la mejor candidata provisional",
  "reason": "BLOQUE_COMPLETADO",
  "requested_duration_s": 100.0,
  "samples": 3940,
  "metrics": {
    "n": 3900,
    "hz": 39.88378158601914,
    "duration_s": 97.75903499999998,
    "bpm": 77.33694354317112,
    "bpm_peak": 77.19441597294056,
    "bpm_fft": 77.94675960129926,
    "bpm_autocorr": 77.19441597294026,
    "spo2": 99.56221029295381,
    "ratio_r": 0.2432292890123915,
    "resp_rate_rpm": 6.137540126086556,
    "resp_quality": 79.18516726266591,
    "resp_reason": "experimental: pico lento 6.1 resp/min; dominancia=1.11; banda=0.76; ciclos~10.0",
    "quality": 86.50043440559368,
    "quality_label": "buena",
    "artifact_ir_pct": 0.0,
    "artifact_red_pct": 0.0,
    "pi_ir_pct": 0.07784338943239383,
    "pi_red_pct": 0.01893379226595586,
    "ac_ir": 72.70970252906366,
    "dc_ir": 93405.10871794872,
    "ac_red": 23.63045644050512,
    "dc_red": 124805.72358974359,
    "saturation_pct": 0.0,
    "contact_label": "contacto débil / baja perfusión",
    "polarity": "normal",
    "reason": "cv_intervalos=0.08 | dominancia_fft=1.11 | autocorr=0.78 | estimadores coherentes spread=0.8 | estimada no calibrada",
    "peaks_count": 126
  },
  "temperature": {
    "temp_samples": 3940,
    "temp_c_last": 30.28,
    "temp_c_mean": 29.458469543147206,
    "temp_c_min": 27.38,
    "temp_c_max": 32.53,
    "temp_raw_last": 2252.0
  },
  "bpm_blocks_10s_mean": [
    77.72390207828002,
    75.06367946529181,
    76.93496841349788,
    77.02237394258223,
    77.02454703274005,
    79.82202640786991,
    77.01092257919942,
    79.31034310001438,
    80.47254547473266,
    82.73501036152288
  ],
  "sensor_config": {
    "red": 159,
    "ir": 127,
    "avg": 1,
    "rate": 100,
    "width": 411,
    "adc": 16384,
    "skip": 50,
    "debug": false
  },
  "analysis_config": {
    "bpm_min": 45,
    "bpm_max": 180,
    "peak_threshold_sd": 0.55,
    "detrend_seconds": 2.0,
    "smooth_seconds": 0.07,
    "ignore_initial_seconds": 1.0,
    "min_quality_to_accept": 45.0,
    "spo2_formula": "quad",
    "spo2_custom_a": 94.845,
    "spo2_custom_b": 30.354,
    "spo2_custom_c": -45.06
  },
  "files": {
    "raw": "C:\\Users\\julia\\OneDrive\\Desktop\\tesis\\mtestv2\\resultados\\raw\\raw_BLOQUE_12CFG_marco_no_oveja_20260603_102305_CFG004_3M_04_-_RED159_IR127_AVG1_ADC16384.csv",
    "processed": "C:\\Users\\julia\\OneDrive\\Desktop\\tesis\\mtestv2\\resultados\\processed\\proc_BLOQUE_12CFG_marco_no_oveja_20260603_102305_CFG004_3M_04_-_RED159_IR127_AVG1_ADC16384.csv",
    "plot": "C:\\Users\\julia\\OneDrive\\Desktop\\tesis\\mtestv2\\resultados\\figures\\plot_BLOQUE_12CFG_marco_no_oveja_20260603_102305_CFG004_3M_04_-_RED159_IR127_AVG1_ADC16384.png",
    "bpm_blocks_10s": "C:\\Users\\julia\\OneDrive\\Desktop\\tesis\\mtestv2\\resultados\\reports\\bpm_blocks_10s_BLOQUE_12CFG_marco_no_oveja_20260603_102305_CFG004_3M_04_-_RED159_IR127_AVG1_ADC16384.csv"
  },
  "manual_reference": {
    "pulso_previo": "78",
    "pulso_final_pulsio": "80",
    "pulso_final_fonendo": ""
  },
  "created": "2026-06-03T10:46:35.729738"
}