{
  "session_id": "BLOQUE_12CFG_584_20260609_141436_CFG003_CONFIG_03_-_B3F_AVG4_ADC16384",
  "id": "584",
  "base_name": "BLOQUE_12CFG_584_20260609_141436_CFG003_CONFIG_03_-_B3F_AVG4_ADC16384",
  "mode": "configurations",
  "measurement_condition": "LEFT",
  "config_label": "CONFIG 03 - B3F_AVG4_ADC16384",
  "config_description": "Brillo bajo, promediado x4, rango ADC 8192",
  "reason": "BLOQUE_COMPLETADO",
  "requested_duration_s": 60.0,
  "samples": 2336,
  "metrics": {
    "n": 2256,
    "hz": 39.75967173850795,
    "duration_s": 56.71576000000002,
    "bpm": 91.21024926978914,
    "bpm_peak": 91.75308862732642,
    "bpm_fft": 89.8822366429036,
    "bpm_autocorr": 91.75308862732604,
    "spo2": 98.34457231005483,
    "ratio_r": 0.5259771898197828,
    "resp_rate_rpm": 6.344628468910844,
    "resp_quality": 76.99099282760666,
    "resp_reason": "experimental: pico lento 6.3 resp/min; dominancia=1.65; banda=0.84; ciclos~6.0",
    "quality": 67.39616246366795,
    "quality_label": "aceptable",
    "artifact_ir_pct": 0.0,
    "artifact_red_pct": 0.0,
    "pi_ir_pct": 0.032338904236377114,
    "pi_red_pct": 0.017009525972100707,
    "ac_ir": 7.246762694729825,
    "dc_ir": 22408.807180851065,
    "ac_red": 1.570364977432667,
    "dc_red": 9232.267730496455,
    "saturation_pct": 0.0,
    "contact_label": "contacto débil / baja perfusión",
    "polarity": "invertida",
    "reason": "primeros 1.0 s ignorados; cribado robusto descarta 0.0 % | cv_intervalos=0.26 | dominancia_fft=1.35 | autocorr=0.57 | estimadores coherentes spread=1.9 | estimada no calibrada",
    "peaks_count": 77
  },
  "temperature": {
    "temp_samples": 2336,
    "temp_c_last": 34.06,
    "temp_c_mean": 34.33971318493151,
    "temp_c_min": 32.07,
    "temp_c_max": 36.27,
    "temp_raw_last": 2392.0
  },
  "bpm_blocks_10s_mean": [
    NaN,
    NaN,
    90.07598934470664,
    NaN,
    NaN,
    NaN
  ],
  "sensor_config": {
    "red": 63,
    "ir": 63,
    "avg": 4,
    "rate": 800,
    "width": 411,
    "adc": 16384,
    "skip": 50,
    "debug": false
  },
  "analysis_config": {
    "bpm_min": 45,
    "bpm_max": 180,
    "peak_threshold_sd": 0.55,
    "detrend_seconds": 2.0,
    "smooth_seconds": 0.07,
    "ignore_initial_seconds": 1.0,
    "min_quality_to_accept": 45.0,
    "spo2_formula": "quad",
    "spo2_custom_a": 94.845,
    "spo2_custom_b": 30.354,
    "spo2_custom_c": -45.06
  },
  "files": {
    "raw": "C:\\Users\\julia\\OneDrive\\Desktop\\tesis\\mtestv2\\resultados\\raw\\raw_BLOQUE_12CFG_584_20260609_141436_CFG003_CONFIG_03_-_B3F_AVG4_ADC16384.csv",
    "processed": "C:\\Users\\julia\\OneDrive\\Desktop\\tesis\\mtestv2\\resultados\\processed\\proc_BLOQUE_12CFG_584_20260609_141436_CFG003_CONFIG_03_-_B3F_AVG4_ADC16384.csv",
    "plot": "C:\\Users\\julia\\OneDrive\\Desktop\\tesis\\mtestv2\\resultados\\figures\\plot_BLOQUE_12CFG_584_20260609_141436_CFG003_CONFIG_03_-_B3F_AVG4_ADC16384.png",
    "bpm_blocks_10s": "C:\\Users\\julia\\OneDrive\\Desktop\\tesis\\mtestv2\\resultados\\reports\\bpm_blocks_10s_BLOQUE_12CFG_584_20260609_141436_CFG003_CONFIG_03_-_B3F_AVG4_ADC16384.csv"
  },
  "manual_reference": {
    "pulso_previo": "95",
    "pulso_final_pulsio": "96",
    "pulso_final_fonendo": ""
  },
  "created": "2026-06-09T14:29:24.334648"
}