{
  "session_id": "BLOQUE_12CFG_marco_no_oveja_20260603_102305_CFG001_3M_01_-_RED31_IR31_AVG1_ADC16384",
  "id": "marco_no_oveja",
  "base_name": "BLOQUE_12CFG_marco_no_oveja_20260603_102305_CFG001_3M_01_-_RED31_IR31_AVG1_ADC16384",
  "mode": "experimento_3m",
  "measurement_condition": "Experimento 3M: optimizacion adaptativa con BPM manual, PPG y SpO2",
  "config_label": "3M 01 - RED31 IR31 AVG1 ADC16384",
  "config_description": "Experimento 3M: inicio conservador",
  "reason": "BLOQUE_COMPLETADO",
  "requested_duration_s": 100.0,
  "samples": 3940,
  "metrics": {
    "n": 3900,
    "hz": 39.8891790826383,
    "duration_s": 97.745807,
    "bpm": 79.30463905333903,
    "bpm_peak": 79.7783581652775,
    "bpm_fft": 77.32363945249887,
    "bpm_autocorr": 79.7783581652766,
    "spo2": 99.80742647279291,
    "ratio_r": 0.27922612653927736,
    "resp_rate_rpm": 8.591515494722097,
    "resp_quality": 70.29170473968873,
    "resp_reason": "experimental: pico lento 8.6 resp/min; dominancia=1.06; banda=0.52; ciclos~14.0",
    "quality": 79.08401197236732,
    "quality_label": "buena",
    "artifact_ir_pct": 0.0,
    "artifact_red_pct": 0.0,
    "pi_ir_pct": 0.07773635004609679,
    "pi_red_pct": 0.021706019914672983,
    "ac_ir": 17.40576395670886,
    "dc_ir": 22390.765641025642,
    "ac_red": 5.28493625749568,
    "dc_red": 24347.790512820513,
    "saturation_pct": 0.0,
    "contact_label": "contacto débil / baja perfusión",
    "polarity": "invertida",
    "reason": "cv_intervalos=0.17 | dominancia_fft=1.00 | autocorr=0.80 | estimadores coherentes spread=2.5 | estimada no calibrada",
    "peaks_count": 151
  },
  "temperature": {
    "temp_samples": 3940,
    "temp_c_last": 27.85,
    "temp_c_mean": 27.7334923857868,
    "temp_c_min": 24.94,
    "temp_c_max": 30.07,
    "temp_raw_last": 2159.0
  },
  "bpm_blocks_10s_mean": [
    79.86211077795222,
    80.85078502183848,
    79.82564840739549,
    77.04048100142883,
    79.06239500850046,
    75.96976801969033,
    78.87592611072672,
    82.85007641185784,
    79.85575268518807,
    82.52359810973012
  ],
  "sensor_config": {
    "red": 31,
    "ir": 31,
    "avg": 1,
    "rate": 100,
    "width": 411,
    "adc": 16384,
    "skip": 50,
    "debug": false
  },
  "analysis_config": {
    "bpm_min": 45,
    "bpm_max": 180,
    "peak_threshold_sd": 0.55,
    "detrend_seconds": 2.0,
    "smooth_seconds": 0.07,
    "ignore_initial_seconds": 1.0,
    "min_quality_to_accept": 45.0,
    "spo2_formula": "quad",
    "spo2_custom_a": 94.845,
    "spo2_custom_b": 30.354,
    "spo2_custom_c": -45.06
  },
  "files": {
    "raw": "C:\\Users\\julia\\OneDrive\\Desktop\\tesis\\mtestv2\\resultados\\raw\\raw_BLOQUE_12CFG_marco_no_oveja_20260603_102305_CFG001_3M_01_-_RED31_IR31_AVG1_ADC16384.csv",
    "processed": "C:\\Users\\julia\\OneDrive\\Desktop\\tesis\\mtestv2\\resultados\\processed\\proc_BLOQUE_12CFG_marco_no_oveja_20260603_102305_CFG001_3M_01_-_RED31_IR31_AVG1_ADC16384.csv",
    "plot": "C:\\Users\\julia\\OneDrive\\Desktop\\tesis\\mtestv2\\resultados\\figures\\plot_BLOQUE_12CFG_marco_no_oveja_20260603_102305_CFG001_3M_01_-_RED31_IR31_AVG1_ADC16384.png",
    "bpm_blocks_10s": "C:\\Users\\julia\\OneDrive\\Desktop\\tesis\\mtestv2\\resultados\\reports\\bpm_blocks_10s_BLOQUE_12CFG_marco_no_oveja_20260603_102305_CFG001_3M_01_-_RED31_IR31_AVG1_ADC16384.csv"
  },
  "manual_reference": {
    "pulso_previo": "75",
    "pulso_final_pulsio": "81",
    "pulso_final_fonendo": ""
  },
  "created": "2026-06-03T10:46:33.138752"
}