{
  "session_id": "BLOQUE_12CFG_584_20260609_143715_CFG006_CONFIG_03_-_B3F_AVG4_ADC16384",
  "id": "584",
  "base_name": "BLOQUE_12CFG_584_20260609_143715_CFG006_CONFIG_03_-_B3F_AVG4_ADC16384",
  "mode": "configurations",
  "measurement_condition": "TRUELEFT",
  "config_label": "CONFIG 03 - B3F_AVG4_ADC16384",
  "config_description": "Brillo medio, sin promediado, rango ADC 16384",
  "reason": "BLOQUE_COMPLETADO",
  "requested_duration_s": 60.0,
  "samples": 2336,
  "metrics": {
    "n": 2073,
    "hz": 36.524344118761796,
    "duration_s": 56.729287,
    "bpm": 69.99131170982398,
    "bpm_peak": 104.72184895977455,
    "bpm_fft": 69.99131170982398,
    "bpm_autocorr": 69.81456597318301,
    "spo2": 95.10010155435997,
    "ratio_r": 0.6651233866754017,
    "resp_rate_rpm": 8.481705455735685,
    "resp_quality": 84.50177944874999,
    "resp_reason": "experimental: pico lento 8.5 resp/min; dominancia=1.07; banda=0.92; ciclos~8.0",
    "quality": 3.1355603295046706,
    "quality_label": "dudosa",
    "artifact_ir_pct": 8.111702127659575,
    "artifact_red_pct": 2.363724071394115,
    "pi_ir_pct": 0.12024916615141756,
    "pi_red_pct": 0.07998053263552393,
    "ac_ir": 31.553631920077592,
    "dc_ir": 26240.208502024292,
    "ac_red": 10.906702784397853,
    "dc_red": 13636.696862348179,
    "saturation_pct": 0.0,
    "contact_label": "contacto débil / baja perfusión",
    "polarity": "invertida",
    "reason": "primeros 1.0 s ignorados; cribado robusto descarta 8.1 % | cv_intervalos=0.34 | dominancia_fft=1.03 | autocorr=0.21 | estimadores discrepantes; se usa FFT spread=34.9 | BPM por debajo del umbral de calidad | estimada no calibrada",
    "peaks_count": 81
  },
  "temperature": {
    "temp_samples": 2336,
    "temp_c_last": 35.79,
    "temp_c_mean": 35.73535102739726,
    "temp_c_min": 32.5,
    "temp_c_max": 37.62,
    "temp_raw_last": 2454.0
  },
  "bpm_blocks_10s_mean": [
    NaN,
    NaN,
    NaN,
    NaN,
    NaN,
    NaN
  ],
  "sensor_config": {
    "red": 63,
    "ir": 63,
    "avg": 4,
    "rate": 800,
    "width": 411,
    "adc": 16384,
    "skip": 50,
    "debug": false
  },
  "analysis_config": {
    "bpm_min": 45,
    "bpm_max": 180,
    "peak_threshold_sd": 0.55,
    "detrend_seconds": 2.0,
    "smooth_seconds": 0.07,
    "ignore_initial_seconds": 1.0,
    "min_quality_to_accept": 45.0,
    "spo2_formula": "quad",
    "spo2_custom_a": 94.845,
    "spo2_custom_b": 30.354,
    "spo2_custom_c": -45.06
  },
  "files": {
    "raw": "C:\\Users\\julia\\OneDrive\\Desktop\\tesis\\mtestv2\\resultados\\raw\\raw_BLOQUE_12CFG_584_20260609_143715_CFG006_CONFIG_03_-_B3F_AVG4_ADC16384.csv",
    "processed": "C:\\Users\\julia\\OneDrive\\Desktop\\tesis\\mtestv2\\resultados\\processed\\proc_BLOQUE_12CFG_584_20260609_143715_CFG006_CONFIG_03_-_B3F_AVG4_ADC16384.csv",
    "plot": "C:\\Users\\julia\\OneDrive\\Desktop\\tesis\\mtestv2\\resultados\\figures\\plot_BLOQUE_12CFG_584_20260609_143715_CFG006_CONFIG_03_-_B3F_AVG4_ADC16384.png",
    "bpm_blocks_10s": "C:\\Users\\julia\\OneDrive\\Desktop\\tesis\\mtestv2\\resultados\\reports\\bpm_blocks_10s_BLOQUE_12CFG_584_20260609_143715_CFG006_CONFIG_03_-_B3F_AVG4_ADC16384.csv"
  },
  "manual_reference": {
    "pulso_previo": "118",
    "pulso_final_pulsio": "112",
    "pulso_final_fonendo": ""
  },
  "created": "2026-06-09T14:50:59.046984"
}