{
  "session_id": "BLOQUE_16CFG_386_20260610_135136_CFG011_CONFIG_02_-_B5F_AVG4_ADC16384",
  "id": "386",
  "base_name": "BLOQUE_16CFG_386_20260610_135136_CFG011_CONFIG_02_-_B5F_AVG4_ADC16384",
  "mode": "configurations",
  "measurement_condition": "LEFT",
  "config_label": "CONFIG 02 - B5F_AVG4_ADC16384",
  "config_description": "Brillo alto, promediado x4, rango ADC 8192",
  "reason": "BLOQUE_COMPLETADO",
  "requested_duration_s": 30.0,
  "samples": 1142,
  "metrics": {
    "n": 1062,
    "hz": 39.753644305747514,
    "duration_s": 26.689377000000036,
    "bpm": 105.86456724791971,
    "bpm_peak": 108.41902992476591,
    "bpm_fft": 101.16384507588904,
    "bpm_autocorr": 183.4783583342193,
    "spo2": 99.67041368796578,
    "ratio_r": 0.25708396109842013,
    "resp_rate_rpm": 6.744256338392603,
    "resp_quality": 58.32326476042734,
    "resp_reason": "experimental: pico lento 6.7 resp/min; dominancia=1.65; banda=0.89; ciclos~3.0",
    "quality": 70.71477090728554,
    "quality_label": "buena",
    "artifact_ir_pct": 0.0,
    "artifact_red_pct": 0.0,
    "pi_ir_pct": 0.06570525947676122,
    "pi_red_pct": 0.01689176837128528,
    "ac_ir": 29.964542065514134,
    "dc_ir": 45604.4802259887,
    "ac_red": 3.2378222732741286,
    "dc_red": 19168.04802259887,
    "saturation_pct": 0.0,
    "contact_label": "contacto débil / baja perfusión",
    "polarity": "invertida",
    "reason": "primeros 1.0 s ignorados; cribado robusto descarta 0.0 % | cv_intervalos=0.13 | dominancia_fft=1.23 | autocorr=0.69 | estimadores coherentes spread=7.3 | estimada no calibrada",
    "peaks_count": 21
  },
  "temperature": {
    "temp_samples": 1142,
    "temp_c_last": 34.06,
    "temp_c_mean": 34.30547285464099,
    "temp_c_min": 32.36,
    "temp_c_max": 36.07,
    "temp_raw_last": 2392.0
  },
  "bpm_blocks_10s_mean": [
    106.61026027218024,
    NaN,
    102.89125673458582
  ],
  "sensor_config": {
    "red": 95,
    "ir": 95,
    "avg": 4,
    "rate": 800,
    "width": 411,
    "adc": 16384,
    "skip": 50,
    "debug": false
  },
  "analysis_config": {
    "bpm_min": 45,
    "bpm_max": 180,
    "peak_threshold_sd": 0.55,
    "detrend_seconds": 2.0,
    "smooth_seconds": 0.07,
    "ignore_initial_seconds": 1.0,
    "min_quality_to_accept": 45.0,
    "spo2_formula": "quad",
    "spo2_custom_a": 94.845,
    "spo2_custom_b": 30.354,
    "spo2_custom_c": -45.06
  },
  "files": {
    "raw": "C:\\Users\\julia\\OneDrive\\Desktop\\tesis\\mtestv2\\resultados\\raw\\raw_BLOQUE_16CFG_386_20260610_135136_CFG011_CONFIG_02_-_B5F_AVG4_ADC16384.csv",
    "processed": "C:\\Users\\julia\\OneDrive\\Desktop\\tesis\\mtestv2\\resultados\\processed\\proc_BLOQUE_16CFG_386_20260610_135136_CFG011_CONFIG_02_-_B5F_AVG4_ADC16384.csv",
    "plot": "C:\\Users\\julia\\OneDrive\\Desktop\\tesis\\mtestv2\\resultados\\figures\\plot_BLOQUE_16CFG_386_20260610_135136_CFG011_CONFIG_02_-_B5F_AVG4_ADC16384.png",
    "bpm_blocks_10s": "C:\\Users\\julia\\OneDrive\\Desktop\\tesis\\mtestv2\\resultados\\reports\\bpm_blocks_10s_BLOQUE_16CFG_386_20260610_135136_CFG011_CONFIG_02_-_B5F_AVG4_ADC16384.csv"
  },
  "manual_reference": {
    "pulso_previo": "109",
    "pulso_final_pulsio": "105",
    "pulso_final_fonendo": ""
  },
  "created": "2026-06-10T14:03:02.064268"
}