{
  "session_id": "BLOQUE_16CFG_386_20260610_132433_CFG013_CONFIG_02_-_B5F_AVG4_ADC16384",
  "id": "386",
  "base_name": "BLOQUE_16CFG_386_20260610_132433_CFG013_CONFIG_02_-_B5F_AVG4_ADC16384",
  "mode": "configurations",
  "measurement_condition": "RIGHT",
  "config_label": "CONFIG 02 - B5F_AVG4_ADC16384",
  "config_description": "Configuracion personalizada 13",
  "reason": "BLOQUE_COMPLETADO",
  "requested_duration_s": 30.0,
  "samples": 1142,
  "metrics": {
    "n": 1048,
    "hz": 39.2355285168094,
    "duration_s": 26.68499799999995,
    "bpm": 97.24722751454259,
    "bpm_peak": 99.55113128097064,
    "bpm_fft": 89.93817425056596,
    "bpm_autocorr": 101.66924045716152,
    "spo2": 98.73160365525753,
    "ratio_r": 0.5017178950980615,
    "resp_rate_rpm": 13.490726137584893,
    "resp_quality": 70.49767601680237,
    "resp_reason": "experimental: pico lento 13.5 resp/min; dominancia=1.06; banda=1.00; ciclos~6.0",
    "quality": 53.8051047953665,
    "quality_label": "aceptable",
    "artifact_ir_pct": 1.3182674199623352,
    "artifact_red_pct": 0.6679389312977099,
    "pi_ir_pct": 0.041858476442604715,
    "pi_red_pct": 0.021001146692795434,
    "ac_ir": 18.453560249321715,
    "dc_ir": 44085.59942363112,
    "ac_red": 2.8752345135509922,
    "dc_red": 13690.845341018252,
    "saturation_pct": 0.0,
    "contact_label": "contacto débil / baja perfusión",
    "polarity": "invertida",
    "reason": "primeros 1.0 s ignorados; cribado robusto descarta 1.3 % | cv_intervalos=0.25 | dominancia_fft=1.48 | autocorr=0.48 | estimadores coherentes spread=11.7 | estimada no calibrada",
    "peaks_count": 26
  },
  "temperature": {
    "temp_samples": 1142,
    "temp_c_last": 27.64,
    "temp_c_mean": 27.929667250437827,
    "temp_c_min": 25.22,
    "temp_c_max": 29.65,
    "temp_raw_last": 2151.0
  },
  "bpm_blocks_10s_mean": [
    97.66684526819826,
    94.248603015442,
    NaN
  ],
  "sensor_config": {
    "red": 95,
    "ir": 95,
    "avg": 4,
    "rate": 800,
    "width": 411,
    "adc": 16384,
    "skip": 50,
    "debug": false
  },
  "analysis_config": {
    "bpm_min": 45,
    "bpm_max": 180,
    "peak_threshold_sd": 0.55,
    "detrend_seconds": 2.0,
    "smooth_seconds": 0.07,
    "ignore_initial_seconds": 1.0,
    "min_quality_to_accept": 45.0,
    "spo2_formula": "quad",
    "spo2_custom_a": 94.845,
    "spo2_custom_b": 30.354,
    "spo2_custom_c": -45.06
  },
  "files": {
    "raw": "C:\\Users\\julia\\OneDrive\\Desktop\\tesis\\mtestv2\\resultados\\raw\\raw_BLOQUE_16CFG_386_20260610_132433_CFG013_CONFIG_02_-_B5F_AVG4_ADC16384.csv",
    "processed": "C:\\Users\\julia\\OneDrive\\Desktop\\tesis\\mtestv2\\resultados\\processed\\proc_BLOQUE_16CFG_386_20260610_132433_CFG013_CONFIG_02_-_B5F_AVG4_ADC16384.csv",
    "plot": "C:\\Users\\julia\\OneDrive\\Desktop\\tesis\\mtestv2\\resultados\\figures\\plot_BLOQUE_16CFG_386_20260610_132433_CFG013_CONFIG_02_-_B5F_AVG4_ADC16384.png",
    "bpm_blocks_10s": "C:\\Users\\julia\\OneDrive\\Desktop\\tesis\\mtestv2\\resultados\\reports\\bpm_blocks_10s_BLOQUE_16CFG_386_20260610_132433_CFG013_CONFIG_02_-_B5F_AVG4_ADC16384.csv"
  },
  "manual_reference": {
    "pulso_previo": "106",
    "pulso_final_pulsio": "91",
    "pulso_final_fonendo": ""
  },
  "created": "2026-06-10T13:39:08.327239"
}