{
  "session_id": "BLOQUE_16CFG_386_20260610_135136_CFG006_CONFIG_03_-_B3F_AVG4_ADC16384",
  "id": "386",
  "base_name": "BLOQUE_16CFG_386_20260610_135136_CFG006_CONFIG_03_-_B3F_AVG4_ADC16384",
  "mode": "configurations",
  "measurement_condition": "LEFT",
  "config_label": "CONFIG 03 - B3F_AVG4_ADC16384",
  "config_description": "Brillo medio, sin promediado, rango ADC 16384",
  "reason": "BLOQUE_COMPLETADO",
  "requested_duration_s": 30.0,
  "samples": 1142,
  "metrics": {
    "n": 1062,
    "hz": 39.76700358926256,
    "duration_s": 26.680410999999992,
    "bpm": 125.58001133451334,
    "bpm_peak": 119.30101076778769,
    "bpm_fft": 110.19320504470492,
    "bpm_autocorr": 125.58001133451334,
    "spo2": 99.68391103038887,
    "ratio_r": 0.25898501344792185,
    "resp_rate_rpm": 8.99536367711877,
    "resp_quality": 63.82379487412979,
    "resp_reason": "experimental: pico lento 9.0 resp/min; dominancia=1.39; banda=0.98; ciclos~4.0",
    "quality": 39.633917489960744,
    "quality_label": "dudosa",
    "artifact_ir_pct": 0.0,
    "artifact_red_pct": 0.0,
    "pi_ir_pct": 0.0490041711162513,
    "pi_red_pct": 0.012691345915546605,
    "ac_ir": 13.976313989664613,
    "dc_ir": 28520.661958568737,
    "ac_red": 1.506097794352161,
    "dc_red": 11867.124293785311,
    "saturation_pct": 0.0,
    "contact_label": "contacto débil / baja perfusión",
    "polarity": "invertida",
    "reason": "primeros 1.0 s ignorados; cribado robusto descarta 0.0 % | cv_intervalos=0.15 | dominancia_fft=1.22 | autocorr=0.78 | estimadores discrepantes; se usa autocorr spread=15.4 | BPM por debajo del umbral de calidad | estimada no calibrada",
    "peaks_count": 27
  },
  "temperature": {
    "temp_samples": 1142,
    "temp_c_last": 34.17,
    "temp_c_mean": 34.465078809106835,
    "temp_c_min": 32.23,
    "temp_c_max": 36.24,
    "temp_raw_last": 2396.0
  },
  "bpm_blocks_10s_mean": [
    118.25768556814377,
    117.638189552325,
    116.29446085884564
  ],
  "sensor_config": {
    "red": 63,
    "ir": 63,
    "avg": 4,
    "rate": 800,
    "width": 411,
    "adc": 16384,
    "skip": 50,
    "debug": false
  },
  "analysis_config": {
    "bpm_min": 45,
    "bpm_max": 180,
    "peak_threshold_sd": 0.55,
    "detrend_seconds": 2.0,
    "smooth_seconds": 0.07,
    "ignore_initial_seconds": 1.0,
    "min_quality_to_accept": 45.0,
    "spo2_formula": "quad",
    "spo2_custom_a": 94.845,
    "spo2_custom_b": 30.354,
    "spo2_custom_c": -45.06
  },
  "files": {
    "raw": "C:\\Users\\julia\\OneDrive\\Desktop\\tesis\\mtestv2\\resultados\\raw\\raw_BLOQUE_16CFG_386_20260610_135136_CFG006_CONFIG_03_-_B3F_AVG4_ADC16384.csv",
    "processed": "C:\\Users\\julia\\OneDrive\\Desktop\\tesis\\mtestv2\\resultados\\processed\\proc_BLOQUE_16CFG_386_20260610_135136_CFG006_CONFIG_03_-_B3F_AVG4_ADC16384.csv",
    "plot": "C:\\Users\\julia\\OneDrive\\Desktop\\tesis\\mtestv2\\resultados\\figures\\plot_BLOQUE_16CFG_386_20260610_135136_CFG006_CONFIG_03_-_B3F_AVG4_ADC16384.png",
    "bpm_blocks_10s": "C:\\Users\\julia\\OneDrive\\Desktop\\tesis\\mtestv2\\resultados\\reports\\bpm_blocks_10s_BLOQUE_16CFG_386_20260610_135136_CFG006_CONFIG_03_-_B3F_AVG4_ADC16384.csv"
  },
  "manual_reference": {
    "pulso_previo": "105",
    "pulso_final_pulsio": "115",
    "pulso_final_fonendo": ""
  },
  "created": "2026-06-10T14:03:00.811115"
}