{
  "session_id": "BLOQUE_12CFG_584_20260609_143715_CFG012_CONFIG_03_-_B3F_AVG4_ADC16384",
  "id": "584",
  "base_name": "BLOQUE_12CFG_584_20260609_143715_CFG012_CONFIG_03_-_B3F_AVG4_ADC16384",
  "mode": "configurations",
  "measurement_condition": "TRUELEFT",
  "config_label": "CONFIG 03 - B3F_AVG4_ADC16384",
  "config_description": "X+",
  "reason": "BLOQUE_COMPLETADO",
  "requested_duration_s": 60.0,
  "samples": 2334,
  "metrics": {
    "n": 2063,
    "hz": 36.37963621810497,
    "duration_s": 56.68006100000002,
    "bpm": 61.39725220126347,
    "bpm_peak": 89.33438270063948,
    "bpm_fft": 61.39725220126347,
    "bpm_autocorr": 186.7900729195179,
    "spo2": 91.30246883447977,
    "ratio_r": 0.7750688407399213,
    "resp_rate_rpm": 9.527159824333989,
    "resp_quality": 86.51930832623464,
    "resp_reason": "experimental: pico lento 9.5 resp/min; dominancia=1.02; banda=0.99; ciclos~9.0",
    "quality": 4.073904370219683,
    "quality_label": "dudosa",
    "artifact_ir_pct": 8.47382431233363,
    "artifact_red_pct": 1.3572467280659235,
    "pi_ir_pct": 0.07062646607061902,
    "pi_red_pct": 0.054740373182912076,
    "ac_ir": 19.062772364206747,
    "dc_ir": 26990.975798146243,
    "ac_red": 8.069118587043457,
    "dc_red": 14740.708032955716,
    "saturation_pct": 0.0,
    "contact_label": "contacto débil / baja perfusión",
    "polarity": "invertida",
    "reason": "primeros 1.0 s ignorados; cribado robusto descarta 8.5 % | cv_intervalos=0.37 | dominancia_fft=1.24 | autocorr=0.31 | estimadores discrepantes; se usa FFT spread=27.9 | BPM por debajo del umbral de calidad | estimada no calibrada",
    "peaks_count": 72
  },
  "temperature": {
    "temp_samples": 2334,
    "temp_c_last": 37.04,
    "temp_c_mean": 36.35982433590403,
    "temp_c_min": 34.17,
    "temp_c_max": 38.41,
    "temp_raw_last": 2498.0
  },
  "bpm_blocks_10s_mean": [
    NaN,
    NaN,
    NaN,
    NaN,
    NaN,
    NaN
  ],
  "sensor_config": {
    "red": 63,
    "ir": 63,
    "avg": 4,
    "rate": 800,
    "width": 411,
    "adc": 16384,
    "skip": 50,
    "debug": false
  },
  "analysis_config": {
    "bpm_min": 45,
    "bpm_max": 180,
    "peak_threshold_sd": 0.55,
    "detrend_seconds": 2.0,
    "smooth_seconds": 0.07,
    "ignore_initial_seconds": 1.0,
    "min_quality_to_accept": 45.0,
    "spo2_formula": "quad",
    "spo2_custom_a": 94.845,
    "spo2_custom_b": 30.354,
    "spo2_custom_c": -45.06
  },
  "files": {
    "raw": "C:\\Users\\julia\\OneDrive\\Desktop\\tesis\\mtestv2\\resultados\\raw\\raw_BLOQUE_12CFG_584_20260609_143715_CFG012_CONFIG_03_-_B3F_AVG4_ADC16384.csv",
    "processed": "C:\\Users\\julia\\OneDrive\\Desktop\\tesis\\mtestv2\\resultados\\processed\\proc_BLOQUE_12CFG_584_20260609_143715_CFG012_CONFIG_03_-_B3F_AVG4_ADC16384.csv",
    "plot": "C:\\Users\\julia\\OneDrive\\Desktop\\tesis\\mtestv2\\resultados\\figures\\plot_BLOQUE_12CFG_584_20260609_143715_CFG012_CONFIG_03_-_B3F_AVG4_ADC16384.png",
    "bpm_blocks_10s": "C:\\Users\\julia\\OneDrive\\Desktop\\tesis\\mtestv2\\resultados\\reports\\bpm_blocks_10s_BLOQUE_12CFG_584_20260609_143715_CFG012_CONFIG_03_-_B3F_AVG4_ADC16384.csv"
  },
  "manual_reference": {
    "pulso_previo": "109",
    "pulso_final_pulsio": "102",
    "pulso_final_fonendo": ""
  },
  "created": "2026-06-09T14:51:02.763495"
}