{
  "session_id": "BLOQUE_8CFG_184_20260610_141601_CFG006_CONFIG_03_-_B3F_400_ADC16384",
  "id": "184",
  "base_name": "BLOQUE_8CFG_184_20260610_141601_CFG006_CONFIG_03_-_B3F_400_ADC16384",
  "mode": "configurations",
  "measurement_condition": "RIGHT",
  "config_label": "CONFIG 03 - B3F_400_ADC16384",
  "config_description": "Brillo medio, sin promediado, rango ADC 16384",
  "reason": "BLOQUE_COMPLETADO",
  "requested_duration_s": 30.0,
  "samples": 1142,
  "metrics": {
    "n": 1055,
    "hz": 39.50362458873504,
    "duration_s": 26.681095999999997,
    "bpm": 53.970796402066846,
    "bpm_peak": 94.17903972160666,
    "bpm_fft": 53.970796402066846,
    "bpm_autocorr": 181.11353792616663,
    "spo2": 94.72154487534814,
    "ratio_r": 0.6776780671445954,
    "resp_rate_rpm": 8.99513273367781,
    "resp_quality": 64.67628894100612,
    "resp_reason": "experimental: pico lento 9.0 resp/min; dominancia=1.48; banda=0.99; ciclos~4.0",
    "quality": 17.4757817631885,
    "quality_label": "dudosa",
    "artifact_ir_pct": 0.6591337099811676,
    "artifact_red_pct": 0.6635071090047393,
    "pi_ir_pct": 0.05841123945458679,
    "pi_red_pct": 0.039584015853104504,
    "ac_ir": 14.128531778923348,
    "dc_ir": 24188.036259541987,
    "ac_red": 4.904662394509888,
    "dc_red": 12390.512404580153,
    "saturation_pct": 0.0,
    "contact_label": "contacto débil / baja perfusión",
    "polarity": "normal",
    "reason": "primeros 1.0 s ignorados; cribado robusto descarta 0.7 % | cv_intervalos=0.40 | dominancia_fft=1.05 | autocorr=0.80 | estimadores discrepantes; se usa FFT spread=40.2 | BPM por debajo del umbral de calidad | estimada no calibrada",
    "peaks_count": 19
  },
  "temperature": {
    "temp_samples": 1142,
    "temp_c_last": 32.58,
    "temp_c_mean": 32.43091943957968,
    "temp_c_min": 30.2,
    "temp_c_max": 33.98,
    "temp_raw_last": 2338.0
  },
  "bpm_blocks_10s_mean": [
    NaN,
    NaN,
    NaN
  ],
  "sensor_config": {
    "red": 63,
    "ir": 63,
    "avg": 4,
    "rate": 400,
    "width": 411,
    "adc": 16384,
    "skip": 50,
    "debug": false
  },
  "analysis_config": {
    "bpm_min": 45,
    "bpm_max": 180,
    "peak_threshold_sd": 0.55,
    "detrend_seconds": 2.0,
    "smooth_seconds": 0.07,
    "ignore_initial_seconds": 1.0,
    "min_quality_to_accept": 45.0,
    "spo2_formula": "quad",
    "spo2_custom_a": 94.845,
    "spo2_custom_b": 30.354,
    "spo2_custom_c": -45.06
  },
  "files": {
    "raw": "C:\\Users\\julia\\OneDrive\\Desktop\\tesis\\mtestv2\\resultados\\raw\\raw_BLOQUE_8CFG_184_20260610_141601_CFG006_CONFIG_03_-_B3F_400_ADC16384.csv",
    "processed": "C:\\Users\\julia\\OneDrive\\Desktop\\tesis\\mtestv2\\resultados\\processed\\proc_BLOQUE_8CFG_184_20260610_141601_CFG006_CONFIG_03_-_B3F_400_ADC16384.csv",
    "plot": "C:\\Users\\julia\\OneDrive\\Desktop\\tesis\\mtestv2\\resultados\\figures\\plot_BLOQUE_8CFG_184_20260610_141601_CFG006_CONFIG_03_-_B3F_400_ADC16384.png",
    "bpm_blocks_10s": "C:\\Users\\julia\\OneDrive\\Desktop\\tesis\\mtestv2\\resultados\\reports\\bpm_blocks_10s_BLOQUE_8CFG_184_20260610_141601_CFG006_CONFIG_03_-_B3F_400_ADC16384.csv"
  },
  "manual_reference": {
    "pulso_previo": "88",
    "pulso_final_pulsio": "75",
    "pulso_final_fonendo": ""
  },
  "created": "2026-06-10T14:20:45.057813"
}