{
  "id": "dedo_sin_vacio",
  "mode": "scheduled",
  "measurement_condition": "toma con tabla personalizada de configuraciones",
  "config_label": "CONFIG 16",
  "reason": "BLOQUE_COMPLETADO",
  "requested_duration_s": 480.0,
  "samples": 11845,
  "metrics": {
    "n": 11804,
    "hz": 24.859919629015103,
    "duration_s": 474.78029599999996,
    "bpm": 176.56061278499226,
    "bpm_peak": 64.2038591945441,
    "bpm_fft": 47.01121800555936,
    "bpm_autocorr": 176.56061278499226,
    "spo2": 80.44168654052002,
    "ratio_r": 0.9949159854173824,
    "quality": 37.571105966628636,
    "quality_label": "dudosa",
    "artifact_ir_pct": 5.303287021348695,
    "artifact_red_pct": 2.880379532361911,
    "pi_ir_pct": 5.877009422833053,
    "pi_red_pct": 5.847130621225189,
    "ac_ir": 5225.919628948193,
    "dc_ir": 88921.4097334049,
    "ac_red": 5645.498520401178,
    "dc_red": 96551.60601180891,
    "saturation_pct": 100.0,
    "contact_label": "contacto útil",
    "polarity": "normal",
    "reason": "cv_intervalos=0.14 | dominancia_fft=1.11 | autocorr=0.90 | estimadores discrepantes; se usa autocorr spread=129.5 | BPM por debajo del umbral de calidad | estimada no calibrada",
    "peaks_count": 161
  },
  "temperature": {
    "temp_samples": 11845,
    "temp_c_last": 6.89,
    "temp_c_mean": 9.897485859012242,
    "temp_c_min": 2.69,
    "temp_c_max": 14.37,
    "temp_raw_last": 1318.0
  },
  "bpm_blocks_2s_orientative": [
    NaN,
    NaN,
    58.51593680539117,
    58.308197433284015,
    NaN,
    NaN,
    NaN,
    NaN,
    NaN,
    NaN,
    NaN,
    NaN,
    NaN,
    NaN,
    67.60604551610339,
    63.60410937148122,
    63.233761910201814,
    NaN,
    NaN,
    NaN,
    NaN,
    NaN,
    60.07619159334103,
    58.750582006686315,
    57.26480303292462,
    56.28113614055574,
    55.62425297009107,
    NaN,
    NaN,
    NaN,
    NaN,
    NaN,
    NaN,
    NaN,
    NaN,
    NaN,
    NaN,
    NaN,
    NaN,
    NaN,
    NaN,
    NaN,
    NaN,
    NaN,
    NaN,
    NaN,
    NaN,
    NaN,
    NaN,
    NaN,
    NaN,
    NaN,
    NaN,
    NaN,
    NaN,
    NaN,
    NaN,
    NaN,
    NaN,
    55.455907490590896,
    58.267691405955226,
    59.17388365660989,
    NaN,
    67.3583967453577,
    66.88060308381776,
    65.24637373272843,
    68.24932710196956,
    68.75062235751473,
    68.30438643605986,
    61.698361296079824,
    58.72258402257722,
    NaN,
    NaN,
    NaN,
    63.74606298427883,
    67.25211150729446,
    69.68614062692387,
    69.75180445346992,
    NaN,
    65.94042945696329,
    NaN,
    65.7965077331004,
    63.9696536692218,
    61.34387714312378,
    61.59606425274627,
    63.98543413470986,
    NaN,
    NaN,
    NaN,
    NaN,
    NaN,
    NaN,
    NaN,
    NaN,
    NaN,
    NaN,
    NaN,
    NaN,
    NaN,
    NaN,
    NaN,
    NaN,
    NaN,
    NaN,
    NaN,
    NaN,
    NaN,
    NaN,
    NaN,
    NaN,
    NaN,
    NaN,
    NaN,
    NaN,
    NaN,
    NaN,
    NaN,
    NaN,
    NaN,
    63.627193214514904,
    NaN,
    NaN,
    70.04574516877356,
    74.15670230420177,
    NaN,
    NaN,
    62.542432324167,
    64.50726377216847,
    65.68891390471799,
    NaN,
    NaN,
    NaN,
    NaN,
    NaN,
    66.30199499398648,
    NaN,
    NaN,
    NaN,
    NaN,
    67.53721589105258,
    64.0969029673883,
    57.523498955302266,
    NaN,
    NaN,
    68.28630570902592,
    NaN,
    NaN,
    NaN,
    NaN,
    NaN,
    NaN,
    NaN,
    NaN,
    NaN,
    NaN,
    NaN,
    NaN,
    NaN,
    NaN,
    NaN,
    NaN,
    NaN,
    NaN,
    NaN,
    NaN,
    NaN,
    NaN,
    NaN,
    NaN,
    NaN,
    NaN,
    NaN,
    NaN,
    NaN,
    NaN,
    NaN,
    NaN,
    NaN,
    NaN,
    NaN,
    66.82208092742597,
    66.6835494879663,
    NaN,
    NaN,
    NaN,
    62.58208678513169,
    61.62538023845264,
    61.7354353942413,
    NaN,
    NaN,
    NaN,
    NaN,
    NaN,
    NaN,
    NaN,
    NaN,
    NaN,
    56.303770336191775,
    NaN,
    NaN,
    NaN,
    56.07966769770311,
    70.38125573480579,
    64.27798999600975,
    64.52616890456883,
    61.275878375379726,
    61.72002539635111,
    NaN,
    NaN,
    NaN,
    NaN,
    NaN,
    NaN,
    NaN,
    NaN,
    NaN,
    NaN,
    NaN,
    NaN,
    NaN,
    NaN,
    NaN,
    NaN,
    NaN,
    NaN,
    NaN,
    NaN,
    NaN,
    NaN,
    NaN,
    NaN,
    NaN,
    NaN,
    NaN,
    NaN,
    NaN,
    NaN,
    NaN
  ],
  "bpm_blocks_10s_mean": [
    NaN,
    NaN,
    NaN,
    65.79837221262702,
    59.33650534089003,
    NaN,
    NaN,
    NaN,
    NaN,
    NaN,
    NaN,
    NaN,
    NaN,
    66.69683410141232,
    NaN,
    67.62814389177515,
    63.44677601887954,
    NaN,
    NaN,
    NaN,
    NaN,
    NaN,
    NaN,
    NaN,
    71.16277457255855,
    NaN,
    NaN,
    NaN,
    63.488055014072586,
    NaN,
    NaN,
    NaN,
    NaN,
    NaN,
    NaN,
    NaN,
    NaN,
    63.15972393397009,
    NaN,
    NaN,
    63.076801900102645,
    NaN,
    NaN,
    NaN,
    NaN,
    NaN,
    NaN,
    NaN
  ],
  "sensor_config": {
    "red": 95,
    "ir": 95,
    "avg": 4,
    "rate": 100,
    "width": 411,
    "adc": 16384,
    "skip": 50,
    "debug": false
  },
  "analysis_config": {
    "bpm_min": 45,
    "bpm_max": 180,
    "peak_threshold_sd": 0.55,
    "detrend_seconds": 2.0,
    "smooth_seconds": 0.07,
    "ignore_initial_seconds": 1.0,
    "min_quality_to_accept": 45.0,
    "spo2_formula": "quad",
    "spo2_custom_a": 94.845,
    "spo2_custom_b": 30.354,
    "spo2_custom_c": -45.06
  },
  "config_confirmation": {
    "status": "confirmada",
    "command": "CONFIG RED=95 IR=95 AVG=4 RATE=100 WIDTH=411 ADC=16384 SKIP=50 DEBUG=0",
    "arduino_cfg_line": "CFG RED=95 IR=95 AVG=4 RATE=100 WIDTH=411 ADC=16384 SKIP=50 DEBUG=0"
  },
  "files": {
    "raw": "C:\\Users\\julia\\OneDrive\\Desktop\\tesis\\mtestv2\\resultados\\raw\\raw_BLOQUE_16CFG_dedo_sin_vacio_20260601_121415.csv",
    "processed": "C:\\Users\\julia\\OneDrive\\Desktop\\tesis\\mtestv2\\resultados\\processed\\proc_BLOQUE_16CFG_dedo_sin_vacio_20260601_121415.csv",
    "plot": "C:\\Users\\julia\\OneDrive\\Desktop\\tesis\\mtestv2\\resultados\\figures\\plot_BLOQUE_16CFG_dedo_sin_vacio_20260601_121415.png",
    "screenshot": "C:\\Users\\julia\\OneDrive\\Desktop\\tesis\\mtestv2\\resultados\\screenshots\\screen_BLOQUE_16CFG_dedo_sin_vacio_20260601_121415.png",
    "config": "C:\\Users\\julia\\OneDrive\\Desktop\\tesis\\mtestv2\\resultados\\configs\\sensor_config_20260601_122145.json",
    "bpm_blocks_10s": "C:\\Users\\julia\\OneDrive\\Desktop\\tesis\\mtestv2\\resultados\\reports\\bpm_blocks_10s_BLOQUE_16CFG_dedo_sin_vacio_20260601_121415.csv"
  },
  "created": "2026-06-01T12:22:19.484259"
}