{
  "session_id": "BLOQUE_16CFG_184_SinVacio_20260602_131802_CFG006_CONFIG_06_-_B3F_AVG1_ADC16384",
  "id": "184_SinVacio",
  "base_name": "BLOQUE_16CFG_184_SinVacio_20260602_131802_CFG006_CONFIG_06_-_B3F_AVG1_ADC16384",
  "mode": "configurations",
  "measurement_condition": "toma con tabla personalizada de configuraciones",
  "config_label": "CONFIG 06 - B3F_AVG1_ADC16384",
  "config_description": "Brillo medio, sin promediado, rango ADC 16384",
  "reason": "BLOQUE_COMPLETADO",
  "requested_duration_s": 30.0,
  "samples": 1148,
  "metrics": {
    "n": 1147,
    "hz": 39.87665656017279,
    "duration_s": 28.738618000000002,
    "bpm": 45.93122745150792,
    "bpm_peak": 149.5374621006481,
    "bpm_fft": 45.93122745150792,
    "bpm_autocorr": 184.04610720079748,
    "spo2": 97.98179320381703,
    "ratio_r": 0.5461794224334685,
    "resp_rate_rpm": 6.263349197932899,
    "resp_quality": 57.88371106186166,
    "resp_reason": "experimental: pico lento 6.3 resp/min; dominancia=1.39; banda=0.90; ciclos~3.0",
    "quality": 26.651638616994486,
    "quality_label": "dudosa",
    "artifact_ir_pct": 0.0,
    "artifact_red_pct": 0.0,
    "pi_ir_pct": 0.17643847968947973,
    "pi_red_pct": 0.09636706693183932,
    "ac_ir": 38.914823446505295,
    "dc_ir": 22055.74629468178,
    "ac_red": 8.138622246175292,
    "dc_red": 8445.439407149084,
    "saturation_pct": 0.0,
    "contact_label": "contacto útil",
    "polarity": "normal",
    "reason": "cv_intervalos=0.39 | dominancia_fft=1.12 | autocorr=0.86 | estimadores discrepantes; se usa FFT spread=103.6 | BPM por debajo del umbral de calidad | estimada no calibrada",
    "peaks_count": 23
  },
  "temperature": {
    "temp_samples": 1148,
    "temp_c_last": 36.36,
    "temp_c_mean": 35.99074041811847,
    "temp_c_min": 32.72,
    "temp_c_max": 38.44,
    "temp_raw_last": 2474.0
  },
  "bpm_blocks_10s_mean": [
    NaN,
    165.13986453723686,
    62.384558604710826,
    151.91507947057545
  ],
  "sensor_config": {
    "red": 63,
    "ir": 63,
    "avg": 1,
    "rate": 100,
    "width": 411,
    "adc": 16384,
    "skip": 50,
    "debug": false
  },
  "analysis_config": {
    "bpm_min": 45,
    "bpm_max": 180,
    "peak_threshold_sd": 0.55,
    "detrend_seconds": 2.0,
    "smooth_seconds": 0.07,
    "ignore_initial_seconds": 1.0,
    "min_quality_to_accept": 45.0,
    "spo2_formula": "quad",
    "spo2_custom_a": 94.845,
    "spo2_custom_b": 30.354,
    "spo2_custom_c": -45.06
  },
  "files": {
    "raw": "C:\\Users\\julia\\OneDrive\\Desktop\\tesis\\mtestv2\\resultados\\raw\\raw_BLOQUE_16CFG_184_SinVacio_20260602_131802_CFG006_CONFIG_06_-_B3F_AVG1_ADC16384.csv",
    "processed": "C:\\Users\\julia\\OneDrive\\Desktop\\tesis\\mtestv2\\resultados\\processed\\proc_BLOQUE_16CFG_184_SinVacio_20260602_131802_CFG006_CONFIG_06_-_B3F_AVG1_ADC16384.csv",
    "plot": "C:\\Users\\julia\\OneDrive\\Desktop\\tesis\\mtestv2\\resultados\\figures\\plot_BLOQUE_16CFG_184_SinVacio_20260602_131802_CFG006_CONFIG_06_-_B3F_AVG1_ADC16384.png",
    "bpm_blocks_10s": "C:\\Users\\julia\\OneDrive\\Desktop\\tesis\\mtestv2\\resultados\\reports\\bpm_blocks_10s_BLOQUE_16CFG_184_SinVacio_20260602_131802_CFG006_CONFIG_06_-_B3F_AVG1_ADC16384.csv"
  },
  "manual_reference": {
    "pulso_previo": "76",
    "pulso_final_pulsio": "66",
    "pulso_final_fonendo": ""
  },
  "created": "2026-06-02T13:27:31.756357"
}