{
  "session_id": "BLOQUE_8CFG_184_20260610_141601_CFG002_CONFIG_03_-_B3F_AVG4_ADC16384",
  "id": "184",
  "base_name": "BLOQUE_8CFG_184_20260610_141601_CFG002_CONFIG_03_-_B3F_AVG4_ADC16384",
  "mode": "configurations",
  "measurement_condition": "RIGHT",
  "config_label": "CONFIG 03 - B3F_AVG4_ADC16384",
  "config_description": "Brillo bajo, sin promediado, rango ADC 16384",
  "reason": "BLOQUE_COMPLETADO",
  "requested_duration_s": 30.0,
  "samples": 1143,
  "metrics": {
    "n": 1043,
    "hz": 39.0164485034365,
    "duration_s": 26.706685,
    "bpm": 178.002105234931,
    "bpm_peak": 96.4178070022543,
    "bpm_fft": 58.41234132952105,
    "bpm_autocorr": 178.002105234931,
    "spo2": 38.54759941186364,
    "ratio_r": 1.5042222091965813,
    "resp_rate_rpm": 8.986514050695547,
    "resp_quality": 62.18942275612074,
    "resp_reason": "experimental: pico lento 9.0 resp/min; dominancia=1.12; banda=0.99; ciclos~4.0",
    "quality": 19.660782845647294,
    "quality_label": "dudosa",
    "artifact_ir_pct": 1.881467544684854,
    "artifact_red_pct": 0.6711409395973155,
    "pi_ir_pct": 0.043138177538792316,
    "pi_red_pct": 0.06488940471811652,
    "ac_ir": 11.133867388224626,
    "dc_ir": 25809.77691561591,
    "ac_red": 7.657105214380479,
    "dc_red": 11800.239573229874,
    "saturation_pct": 0.0,
    "contact_label": "contacto débil / baja perfusión",
    "polarity": "invertida",
    "reason": "primeros 1.0 s ignorados; cribado robusto descarta 1.9 % | cv_intervalos=0.44 | dominancia_fft=1.10 | autocorr=0.46 | estimadores discrepantes; se usa autocorr spread=119.6 | BPM por debajo del umbral de calidad | estimada no calibrada",
    "peaks_count": 20
  },
  "temperature": {
    "temp_samples": 1143,
    "temp_c_last": 31.48,
    "temp_c_mean": 30.927559055118113,
    "temp_c_min": 27.9,
    "temp_c_max": 32.5,
    "temp_raw_last": 2297.0
  },
  "bpm_blocks_10s_mean": [
    NaN,
    NaN,
    NaN
  ],
  "sensor_config": {
    "red": 63,
    "ir": 63,
    "avg": 4,
    "rate": 800,
    "width": 411,
    "adc": 16384,
    "skip": 50,
    "debug": false
  },
  "analysis_config": {
    "bpm_min": 45,
    "bpm_max": 180,
    "peak_threshold_sd": 0.55,
    "detrend_seconds": 2.0,
    "smooth_seconds": 0.07,
    "ignore_initial_seconds": 1.0,
    "min_quality_to_accept": 45.0,
    "spo2_formula": "quad",
    "spo2_custom_a": 94.845,
    "spo2_custom_b": 30.354,
    "spo2_custom_c": -45.06
  },
  "files": {
    "raw": "C:\\Users\\julia\\OneDrive\\Desktop\\tesis\\mtestv2\\resultados\\raw\\raw_BLOQUE_8CFG_184_20260610_141601_CFG002_CONFIG_03_-_B3F_AVG4_ADC16384.csv",
    "processed": "C:\\Users\\julia\\OneDrive\\Desktop\\tesis\\mtestv2\\resultados\\processed\\proc_BLOQUE_8CFG_184_20260610_141601_CFG002_CONFIG_03_-_B3F_AVG4_ADC16384.csv",
    "plot": "C:\\Users\\julia\\OneDrive\\Desktop\\tesis\\mtestv2\\resultados\\figures\\plot_BLOQUE_8CFG_184_20260610_141601_CFG002_CONFIG_03_-_B3F_AVG4_ADC16384.png",
    "bpm_blocks_10s": "C:\\Users\\julia\\OneDrive\\Desktop\\tesis\\mtestv2\\resultados\\reports\\bpm_blocks_10s_BLOQUE_8CFG_184_20260610_141601_CFG002_CONFIG_03_-_B3F_AVG4_ADC16384.csv"
  },
  "manual_reference": {
    "pulso_previo": "85",
    "pulso_final_pulsio": "84",
    "pulso_final_fonendo": ""
  },
  "created": "2026-06-10T14:20:43.879016"
}