{
  "session_id": "BLOQUE_12CFG_184_20260603_124425_CFG005_3M_05_-_RED199_IR159_AVG2_ADC16384",
  "id": "184",
  "base_name": "BLOQUE_12CFG_184_20260603_124425_CFG005_3M_05_-_RED199_IR159_AVG2_ADC16384",
  "mode": "experimento_3m",
  "measurement_condition": "Experimento 3M: optimizacion adaptativa con BPM manual, PPG y SpO2",
  "config_label": "3M 05 - RED199 IR159 AVG2 ADC16384",
  "config_description": "Experimento 3M: sube IR porque el PI IR es muy bajo; sube RED relativo a IR para mejorar SpO2",
  "reason": "BLOQUE_COMPLETADO",
  "requested_duration_s": 50.0,
  "samples": 947,
  "metrics": {
    "n": 927,
    "hz": 19.93763825411829,
    "duration_s": 46.444818999999995,
    "bpm": 171.42857142857142,
    "bpm_peak": 80.35714285714283,
    "bpm_fft": 64.58557588805166,
    "bpm_autocorr": 171.42857142857142,
    "spo2": 99.13906161818088,
    "ratio_r": 0.20209730931793513,
    "resp_rate_rpm": 7.7502691065662,
    "resp_quality": 80.9302718431548,
    "resp_reason": "experimental: pico lento 7.8 resp/min; dominancia=1.68; banda=0.94; ciclos~6.0",
    "quality": 54.51099672752641,
    "quality_label": "aceptable",
    "artifact_ir_pct": 0.0,
    "artifact_red_pct": 0.0,
    "pi_ir_pct": 0.0861073335852506,
    "pi_red_pct": 0.017402060430121012,
    "ac_ir": 50.41164062447196,
    "dc_ir": 58545.11866235167,
    "ac_red": 5.391319388865827,
    "dc_red": 30980.92556634304,
    "saturation_pct": 0.0,
    "contact_label": "contacto débil / baja perfusión",
    "polarity": "invertida",
    "reason": "cv_intervalos=0.30 | dominancia_fft=1.06 | autocorr=0.82 | estimadores discrepantes; se usa autocorr spread=106.8 | estimada no calibrada",
    "peaks_count": 17
  },
  "temperature": {
    "temp_samples": 947,
    "temp_c_last": 31.93,
    "temp_c_mean": 31.09214361140444,
    "temp_c_min": 29.36,
    "temp_c_max": 32.53,
    "temp_raw_last": 2314.0
  },
  "bpm_blocks_10s_mean": [
    171.4285714285715,
    171.42857142857142,
    171.42857142857142,
    171.42857142857142,
    NaN
  ],
  "sensor_config": {
    "red": 199,
    "ir": 159,
    "avg": 2,
    "rate": 100,
    "width": 411,
    "adc": 16384,
    "skip": 50,
    "debug": false
  },
  "analysis_config": {
    "bpm_min": 45,
    "bpm_max": 180,
    "peak_threshold_sd": 0.55,
    "detrend_seconds": 2.0,
    "smooth_seconds": 0.07,
    "ignore_initial_seconds": 1.0,
    "min_quality_to_accept": 45.0,
    "spo2_formula": "quad",
    "spo2_custom_a": 94.845,
    "spo2_custom_b": 30.354,
    "spo2_custom_c": -45.06
  },
  "files": {
    "raw": "C:\\Users\\julia\\OneDrive\\Desktop\\tesis\\mtestv2\\resultados\\raw\\raw_BLOQUE_12CFG_184_20260603_124425_CFG005_3M_05_-_RED199_IR159_AVG2_ADC16384.csv",
    "processed": "C:\\Users\\julia\\OneDrive\\Desktop\\tesis\\mtestv2\\resultados\\processed\\proc_BLOQUE_12CFG_184_20260603_124425_CFG005_3M_05_-_RED199_IR159_AVG2_ADC16384.csv",
    "plot": "C:\\Users\\julia\\OneDrive\\Desktop\\tesis\\mtestv2\\resultados\\figures\\plot_BLOQUE_12CFG_184_20260603_124425_CFG005_3M_05_-_RED199_IR159_AVG2_ADC16384.png",
    "bpm_blocks_10s": "C:\\Users\\julia\\OneDrive\\Desktop\\tesis\\mtestv2\\resultados\\reports\\bpm_blocks_10s_BLOQUE_12CFG_184_20260603_124425_CFG005_3M_05_-_RED199_IR159_AVG2_ADC16384.csv"
  },
  "manual_reference": {
    "pulso_previo": "72",
    "pulso_final_pulsio": "62",
    "pulso_final_fonendo": "76"
  },
  "created": "2026-06-03T12:57:03.472816"
}