{
  "session_id": "BLOQUE_16CFG_184_SinVacio_20260602_131802_CFG002_CONFIG_02_-_B1F_AVG1_ADC16384",
  "id": "184_SinVacio",
  "base_name": "BLOQUE_16CFG_184_SinVacio_20260602_131802_CFG002_CONFIG_02_-_B1F_AVG1_ADC16384",
  "mode": "configurations",
  "measurement_condition": "toma con tabla personalizada de configuraciones",
  "config_label": "CONFIG 02 - B1F_AVG1_ADC16384",
  "config_description": "Brillo bajo, sin promediado, rango ADC 16384",
  "reason": "BLOQUE_COMPLETADO",
  "requested_duration_s": 30.0,
  "samples": 1148,
  "metrics": {
    "n": 1146,
    "hz": 39.88573520644178,
    "duration_s": 28.707004999999995,
    "bpm": 148.52646592704457,
    "bpm_peak": 148.52646592704457,
    "bpm_fft": 48.02964803264714,
    "bpm_autocorr": 182.80180421790115,
    "spo2": 92.12289816408719,
    "ratio_r": 0.75377882694575,
    "resp_rate_rpm": 6.27024658267207,
    "resp_quality": 57.53798385932087,
    "resp_reason": "experimental: pico lento 6.3 resp/min; dominancia=1.17; banda=0.94; ciclos~3.0",
    "quality": 26.438282206255543,
    "quality_label": "dudosa",
    "artifact_ir_pct": 0.6980802792321117,
    "artifact_red_pct": 0.5235602094240838,
    "pi_ir_pct": 0.2305261563288028,
    "pi_red_pct": 0.17376573569783757,
    "ac_ir": 24.221764079539277,
    "dc_ir": 10507.165202108963,
    "ac_red": 7.4559655345215194,
    "dc_red": 4290.8145869947275,
    "saturation_pct": 0.0,
    "contact_label": "contacto útil",
    "polarity": "normal",
    "reason": "cv_intervalos=0.31 | dominancia_fft=1.07 | autocorr=0.60 | estimadores discrepantes; se usa picos spread=100.5 | BPM por debajo del umbral de calidad | estimada no calibrada",
    "peaks_count": 23
  },
  "temperature": {
    "temp_samples": 1148,
    "temp_c_last": 35.23,
    "temp_c_mean": 35.166768292682924,
    "temp_c_min": 31.48,
    "temp_c_max": 37.56,
    "temp_raw_last": 2434.0
  },
  "bpm_blocks_10s_mean": [
    NaN,
    102.48787813577694,
    NaN,
    119.70543336292228
  ],
  "sensor_config": {
    "red": 31,
    "ir": 31,
    "avg": 1,
    "rate": 100,
    "width": 411,
    "adc": 16384,
    "skip": 50,
    "debug": false
  },
  "analysis_config": {
    "bpm_min": 45,
    "bpm_max": 180,
    "peak_threshold_sd": 0.55,
    "detrend_seconds": 2.0,
    "smooth_seconds": 0.07,
    "ignore_initial_seconds": 1.0,
    "min_quality_to_accept": 45.0,
    "spo2_formula": "quad",
    "spo2_custom_a": 94.845,
    "spo2_custom_b": 30.354,
    "spo2_custom_c": -45.06
  },
  "files": {
    "raw": "C:\\Users\\julia\\OneDrive\\Desktop\\tesis\\mtestv2\\resultados\\raw\\raw_BLOQUE_16CFG_184_SinVacio_20260602_131802_CFG002_CONFIG_02_-_B1F_AVG1_ADC16384.csv",
    "processed": "C:\\Users\\julia\\OneDrive\\Desktop\\tesis\\mtestv2\\resultados\\processed\\proc_BLOQUE_16CFG_184_SinVacio_20260602_131802_CFG002_CONFIG_02_-_B1F_AVG1_ADC16384.csv",
    "plot": "C:\\Users\\julia\\OneDrive\\Desktop\\tesis\\mtestv2\\resultados\\figures\\plot_BLOQUE_16CFG_184_SinVacio_20260602_131802_CFG002_CONFIG_02_-_B1F_AVG1_ADC16384.png",
    "bpm_blocks_10s": "C:\\Users\\julia\\OneDrive\\Desktop\\tesis\\mtestv2\\resultados\\reports\\bpm_blocks_10s_BLOQUE_16CFG_184_SinVacio_20260602_131802_CFG002_CONFIG_02_-_B1F_AVG1_ADC16384.csv"
  },
  "manual_reference": {
    "pulso_previo": "72",
    "pulso_final_pulsio": "79",
    "pulso_final_fonendo": ""
  },
  "created": "2026-06-02T13:27:31.266484"
}