{
  "session_id": "BLOQUE_12CFG_184_20260603_123040_CFG008_3M_08_-_RED199_IR159_AVG2_ADC8192",
  "id": "184",
  "base_name": "BLOQUE_12CFG_184_20260603_123040_CFG008_3M_08_-_RED199_IR159_AVG2_ADC8192",
  "mode": "experimento_3m",
  "measurement_condition": "Experimento 3M: optimizacion adaptativa con BPM manual, PPG y SpO2, exprimento numero 1 en oveja",
  "config_label": "3M 08 - RED199 IR159 AVG2 ADC8192",
  "config_description": "Experimento 3M: sube IR porque el PI IR es muy bajo; sube RED relativo a IR para mejorar SpO2; mantiene el AVG de la mejor candidata provisional",
  "reason": "BLOQUE_COMPLETADO",
  "requested_duration_s": 50.0,
  "samples": 947,
  "metrics": {
    "n": 927,
    "hz": 19.938230672366895,
    "duration_s": 46.443438999999955,
    "bpm": 171.42857142857142,
    "bpm_peak": 92.30769230769226,
    "bpm_fft": 86.54467168998923,
    "bpm_autocorr": 171.42857142857142,
    "spo2": 95.15905978661314,
    "ratio_r": 0.6631245893578023,
    "resp_rate_rpm": 6.458557588805166,
    "resp_quality": 65.67116522521403,
    "resp_reason": "experimental: pico lento 6.5 resp/min; dominancia=1.04; banda=0.75; ciclos~5.0",
    "quality": 44.14672411423652,
    "quality_label": "dudosa",
    "artifact_ir_pct": 2.157497303128371,
    "artifact_red_pct": 36.13807982740022,
    "pi_ir_pct": 0.10055284926261762,
    "pi_red_pct": 0.06667906687603031,
    "ac_ir": 96.9984102525163,
    "dc_ir": 96465.10363836825,
    "ac_red": 26.2917972018972,
    "dc_red": 39430.36163175303,
    "saturation_pct": 0.0,
    "contact_label": "contacto débil / baja perfusión",
    "polarity": "invertida",
    "reason": "cv_intervalos=0.31 | dominancia_fft=1.06 | autocorr=0.73 | estimadores discrepantes; se usa autocorr spread=84.9 | BPM por debajo del umbral de calidad | estimada no calibrada",
    "peaks_count": 47
  },
  "temperature": {
    "temp_samples": 947,
    "temp_c_last": 33.89,
    "temp_c_mean": 33.75914466737065,
    "temp_c_min": 31.83,
    "temp_c_max": 35.26,
    "temp_raw_last": 2386.0
  },
  "bpm_blocks_10s_mean": [
    109.09090909090904,
    NaN,
    NaN,
    80.13015910634999,
    NaN
  ],
  "sensor_config": {
    "red": 199,
    "ir": 159,
    "avg": 2,
    "rate": 100,
    "width": 411,
    "adc": 8192,
    "skip": 50,
    "debug": false
  },
  "analysis_config": {
    "bpm_min": 45,
    "bpm_max": 180,
    "peak_threshold_sd": 0.55,
    "detrend_seconds": 2.0,
    "smooth_seconds": 0.07,
    "ignore_initial_seconds": 1.0,
    "min_quality_to_accept": 45.0,
    "spo2_formula": "quad",
    "spo2_custom_a": 94.845,
    "spo2_custom_b": 30.354,
    "spo2_custom_c": -45.06
  },
  "files": {
    "raw": "C:\\Users\\julia\\OneDrive\\Desktop\\tesis\\mtestv2\\resultados\\raw\\raw_BLOQUE_12CFG_184_20260603_123040_CFG008_3M_08_-_RED199_IR159_AVG2_ADC8192.csv",
    "processed": "C:\\Users\\julia\\OneDrive\\Desktop\\tesis\\mtestv2\\resultados\\processed\\proc_BLOQUE_12CFG_184_20260603_123040_CFG008_3M_08_-_RED199_IR159_AVG2_ADC8192.csv",
    "plot": "C:\\Users\\julia\\OneDrive\\Desktop\\tesis\\mtestv2\\resultados\\figures\\plot_BLOQUE_12CFG_184_20260603_123040_CFG008_3M_08_-_RED199_IR159_AVG2_ADC8192.png",
    "bpm_blocks_10s": "C:\\Users\\julia\\OneDrive\\Desktop\\tesis\\mtestv2\\resultados\\reports\\bpm_blocks_10s_BLOQUE_12CFG_184_20260603_123040_CFG008_3M_08_-_RED199_IR159_AVG2_ADC8192.csv"
  },
  "manual_reference": {
    "pulso_previo": "82",
    "pulso_final_pulsio": "80",
    "pulso_final_fonendo": ""
  },
  "created": "2026-06-03T12:42:00.440699"
}