{
  "session_id": "BLOQUE_16CFG_386_20260610_132433_CFG002_CONFIG_03_-_B3F_AVG4_ADC16384",
  "id": "386",
  "base_name": "BLOQUE_16CFG_386_20260610_132433_CFG002_CONFIG_03_-_B3F_AVG4_ADC16384",
  "mode": "configurations",
  "measurement_condition": "RIGHT",
  "config_label": "CONFIG 03 - B3F_AVG4_ADC16384",
  "config_description": "Brillo bajo, sin promediado, rango ADC 16384",
  "reason": "BLOQUE_COMPLETADO",
  "requested_duration_s": 30.0,
  "samples": 1143,
  "metrics": {
    "n": 1021,
    "hz": 38.19693395458025,
    "duration_s": 26.703713999999998,
    "bpm": 173.8738260556911,
    "bpm_peak": 118.96630203810464,
    "bpm_fft": 103.35640952415834,
    "bpm_autocorr": 173.8738260556911,
    "spo2": 95.79268108227072,
    "ratio_r": 0.6408151790664685,
    "resp_rate_rpm": 6.740635403749456,
    "resp_quality": 56.55190557824441,
    "resp_reason": "experimental: pico lento 6.7 resp/min; dominancia=1.08; banda=0.95; ciclos~3.0",
    "quality": 22.701312828755622,
    "quality_label": "dudosa",
    "artifact_ir_pct": 3.951081843838194,
    "artifact_red_pct": 0.6856023506366308,
    "pi_ir_pct": 0.0667780071168014,
    "pi_red_pct": 0.042792360588254995,
    "ac_ir": 18.483905019417676,
    "dc_ir": 27679.62959285005,
    "ac_red": 4.423991098578665,
    "dc_red": 10338.273088381331,
    "saturation_pct": 0.0,
    "contact_label": "contacto débil / baja perfusión",
    "polarity": "normal",
    "reason": "primeros 1.0 s ignorados; cribado robusto descarta 4.0 % | cv_intervalos=0.39 | dominancia_fft=1.79 | autocorr=0.60 | estimadores discrepantes; se usa autocorr spread=70.5 | BPM por debajo del umbral de calidad | estimada no calibrada",
    "peaks_count": 21
  },
  "temperature": {
    "temp_samples": 1143,
    "temp_c_last": 32.39,
    "temp_c_mean": 32.681496062992125,
    "temp_c_min": 29.57,
    "temp_c_max": 34.39,
    "temp_raw_last": 2331.0
  },
  "bpm_blocks_10s_mean": [
    NaN,
    NaN,
    NaN
  ],
  "sensor_config": {
    "red": 63,
    "ir": 63,
    "avg": 4,
    "rate": 800,
    "width": 411,
    "adc": 16384,
    "skip": 50,
    "debug": false
  },
  "analysis_config": {
    "bpm_min": 45,
    "bpm_max": 180,
    "peak_threshold_sd": 0.55,
    "detrend_seconds": 2.0,
    "smooth_seconds": 0.07,
    "ignore_initial_seconds": 1.0,
    "min_quality_to_accept": 45.0,
    "spo2_formula": "quad",
    "spo2_custom_a": 94.845,
    "spo2_custom_b": 30.354,
    "spo2_custom_c": -45.06
  },
  "files": {
    "raw": "C:\\Users\\julia\\OneDrive\\Desktop\\tesis\\mtestv2\\resultados\\raw\\raw_BLOQUE_16CFG_386_20260610_132433_CFG002_CONFIG_03_-_B3F_AVG4_ADC16384.csv",
    "processed": "C:\\Users\\julia\\OneDrive\\Desktop\\tesis\\mtestv2\\resultados\\processed\\proc_BLOQUE_16CFG_386_20260610_132433_CFG002_CONFIG_03_-_B3F_AVG4_ADC16384.csv",
    "plot": "C:\\Users\\julia\\OneDrive\\Desktop\\tesis\\mtestv2\\resultados\\figures\\plot_BLOQUE_16CFG_386_20260610_132433_CFG002_CONFIG_03_-_B3F_AVG4_ADC16384.png",
    "bpm_blocks_10s": "C:\\Users\\julia\\OneDrive\\Desktop\\tesis\\mtestv2\\resultados\\reports\\bpm_blocks_10s_BLOQUE_16CFG_386_20260610_132433_CFG002_CONFIG_03_-_B3F_AVG4_ADC16384.csv"
  },
  "manual_reference": {
    "pulso_previo": "107",
    "pulso_final_pulsio": "95",
    "pulso_final_fonendo": ""
  },
  "created": "2026-06-10T13:39:04.625797"
}