{
  "session_id": "BLOQUE_12CFG_584_20260609_143715_CFG005_CONFIG_02_-_B5F_AVG4_ADC16384",
  "id": "584",
  "base_name": "BLOQUE_12CFG_584_20260609_143715_CFG005_CONFIG_02_-_B5F_AVG4_ADC16384",
  "mode": "configurations",
  "measurement_condition": "TRUELEFT",
  "config_label": "CONFIG 02 - B5F_AVG4_ADC16384",
  "config_description": "Brillo medio, sin promediado, rango ADC 8192",
  "reason": "BLOQUE_COMPLETADO",
  "requested_duration_s": 60.0,
  "samples": 2335,
  "metrics": {
    "n": 2027,
    "hz": 35.90008803495426,
    "duration_s": 56.434402000000034,
    "bpm": 63.790877061123055,
    "bpm_peak": 81.65232263823751,
    "bpm_fft": 63.790877061123055,
    "bpm_autocorr": 185.57346054144892,
    "spo2": 96.96423380020389,
    "ratio_r": 0.594528080687182,
    "resp_rate_rpm": 8.505450274816408,
    "resp_quality": 81.79299138877201,
    "resp_reason": "experimental: pico lento 8.5 resp/min; dominancia=1.04; banda=0.85; ciclos~8.0",
    "quality": 3.1556948726882155,
    "quality_label": "dudosa",
    "artifact_ir_pct": 10.110864745011087,
    "artifact_red_pct": 3.1080414405525407,
    "pi_ir_pct": 0.14882227389220176,
    "pi_red_pct": 0.08847902086063283,
    "ac_ir": 59.38805442647995,
    "dc_ir": 39905.353461738676,
    "ac_red": 18.19883803484413,
    "dc_red": 20568.534617386777,
    "saturation_pct": 0.0,
    "contact_label": "contacto débil / baja perfusión",
    "polarity": "invertida",
    "reason": "primeros 1.0 s ignorados; cribado robusto descarta 10.1 % | cv_intervalos=0.31 | dominancia_fft=1.39 | autocorr=0.36 | estimadores discrepantes; se usa FFT spread=17.9 | BPM por debajo del umbral de calidad | estimada no calibrada",
    "peaks_count": 65
  },
  "temperature": {
    "temp_samples": 2335,
    "temp_c_last": 35.96,
    "temp_c_mean": 35.81314346895075,
    "temp_c_min": 31.99,
    "temp_c_max": 38.53,
    "temp_raw_last": 2460.0
  },
  "bpm_blocks_10s_mean": [
    NaN,
    NaN,
    NaN,
    NaN,
    NaN,
    NaN
  ],
  "sensor_config": {
    "red": 95,
    "ir": 95,
    "avg": 4,
    "rate": 800,
    "width": 411,
    "adc": 16384,
    "skip": 50,
    "debug": false
  },
  "analysis_config": {
    "bpm_min": 45,
    "bpm_max": 180,
    "peak_threshold_sd": 0.55,
    "detrend_seconds": 2.0,
    "smooth_seconds": 0.07,
    "ignore_initial_seconds": 1.0,
    "min_quality_to_accept": 45.0,
    "spo2_formula": "quad",
    "spo2_custom_a": 94.845,
    "spo2_custom_b": 30.354,
    "spo2_custom_c": -45.06
  },
  "files": {
    "raw": "C:\\Users\\julia\\OneDrive\\Desktop\\tesis\\mtestv2\\resultados\\raw\\raw_BLOQUE_12CFG_584_20260609_143715_CFG005_CONFIG_02_-_B5F_AVG4_ADC16384.csv",
    "processed": "C:\\Users\\julia\\OneDrive\\Desktop\\tesis\\mtestv2\\resultados\\processed\\proc_BLOQUE_12CFG_584_20260609_143715_CFG005_CONFIG_02_-_B5F_AVG4_ADC16384.csv",
    "plot": "C:\\Users\\julia\\OneDrive\\Desktop\\tesis\\mtestv2\\resultados\\figures\\plot_BLOQUE_12CFG_584_20260609_143715_CFG005_CONFIG_02_-_B5F_AVG4_ADC16384.png",
    "bpm_blocks_10s": "C:\\Users\\julia\\OneDrive\\Desktop\\tesis\\mtestv2\\resultados\\reports\\bpm_blocks_10s_BLOQUE_12CFG_584_20260609_143715_CFG005_CONFIG_02_-_B5F_AVG4_ADC16384.csv"
  },
  "manual_reference": {
    "pulso_previo": "114",
    "pulso_final_pulsio": "118",
    "pulso_final_fonendo": ""
  },
  "created": "2026-06-09T14:50:58.395832"
}