{
  "session_id": "BLOQUE_8CFG_184_20260610_142211_CFG006_CONFIG_03_-_B3F_400_ADC16384",
  "id": "184",
  "base_name": "BLOQUE_8CFG_184_20260610_142211_CFG006_CONFIG_03_-_B3F_400_ADC16384",
  "mode": "configurations",
  "measurement_condition": "LEFT",
  "config_label": "CONFIG 03 - B3F_400_ADC16384",
  "config_description": "Brillo medio, sin promediado, rango ADC 16384",
  "reason": "BLOQUE_COMPLETADO",
  "requested_duration_s": 30.0,
  "samples": 1142,
  "metrics": {
    "n": 1033,
    "hz": 38.674720752214355,
    "duration_s": 26.68409699999998,
    "bpm": 174.8664699485184,
    "bpm_peak": 59.70188569959524,
    "bpm_fft": 51.71619635470524,
    "bpm_autocorr": 174.8664699485184,
    "spo2": 88.42871889765105,
    "ratio_r": 0.8426241062693693,
    "resp_rate_rpm": 6.7455908288745965,
    "resp_quality": 56.455271088898066,
    "resp_reason": "experimental: pico lento 6.7 resp/min; dominancia=1.02; banda=0.96; ciclos~3.0",
    "quality": 24.364942396188873,
    "quality_label": "dudosa",
    "artifact_ir_pct": 2.7306967984934087,
    "artifact_red_pct": 1.3552758954501452,
    "pi_ir_pct": 0.2162736382293215,
    "pi_red_pct": 0.18223738112260693,
    "ac_ir": 55.039463233341024,
    "dc_ir": 25448.993083003952,
    "ac_red": 22.66244646407765,
    "dc_red": 12435.673913043478,
    "saturation_pct": 0.0,
    "contact_label": "contacto útil",
    "polarity": "invertida",
    "reason": "primeros 1.0 s ignorados; cribado robusto descarta 2.7 % | cv_intervalos=0.38 | dominancia_fft=1.08 | autocorr=0.54 | estimadores discrepantes; se usa autocorr spread=123.2 | BPM por debajo del umbral de calidad | estimada no calibrada",
    "peaks_count": 16
  },
  "temperature": {
    "temp_samples": 1142,
    "temp_c_last": 31.34,
    "temp_c_mean": 31.574457092819614,
    "temp_c_min": 28.94,
    "temp_c_max": 33.67,
    "temp_raw_last": 2292.0
  },
  "bpm_blocks_10s_mean": [
    NaN,
    NaN,
    NaN
  ],
  "sensor_config": {
    "red": 63,
    "ir": 63,
    "avg": 4,
    "rate": 400,
    "width": 411,
    "adc": 16384,
    "skip": 50,
    "debug": false
  },
  "analysis_config": {
    "bpm_min": 45,
    "bpm_max": 180,
    "peak_threshold_sd": 0.55,
    "detrend_seconds": 2.0,
    "smooth_seconds": 0.07,
    "ignore_initial_seconds": 1.0,
    "min_quality_to_accept": 45.0,
    "spo2_formula": "quad",
    "spo2_custom_a": 94.845,
    "spo2_custom_b": 30.354,
    "spo2_custom_c": -45.06
  },
  "files": {
    "raw": "C:\\Users\\julia\\OneDrive\\Desktop\\tesis\\mtestv2\\resultados\\raw\\raw_BLOQUE_8CFG_184_20260610_142211_CFG006_CONFIG_03_-_B3F_400_ADC16384.csv",
    "processed": "C:\\Users\\julia\\OneDrive\\Desktop\\tesis\\mtestv2\\resultados\\processed\\proc_BLOQUE_8CFG_184_20260610_142211_CFG006_CONFIG_03_-_B3F_400_ADC16384.csv",
    "plot": "C:\\Users\\julia\\OneDrive\\Desktop\\tesis\\mtestv2\\resultados\\figures\\plot_BLOQUE_8CFG_184_20260610_142211_CFG006_CONFIG_03_-_B3F_400_ADC16384.png",
    "bpm_blocks_10s": "C:\\Users\\julia\\OneDrive\\Desktop\\tesis\\mtestv2\\resultados\\reports\\bpm_blocks_10s_BLOQUE_8CFG_184_20260610_142211_CFG006_CONFIG_03_-_B3F_400_ADC16384.csv"
  },
  "manual_reference": {
    "pulso_previo": "92",
    "pulso_final_pulsio": "82",
    "pulso_final_fonendo": ""
  },
  "created": "2026-06-10T14:26:46.939831"
}