{
  "session_id": "BLOQUE_12CFG_184_20260603_123040_CFG012_3M_12_-_RED159_IR159_AVG2_ADC16384",
  "id": "184",
  "base_name": "BLOQUE_12CFG_184_20260603_123040_CFG012_3M_12_-_RED159_IR159_AVG2_ADC16384",
  "mode": "experimento_3m",
  "measurement_condition": "Experimento 3M: optimizacion adaptativa con BPM manual, PPG y SpO2, exprimento numero 1 en oveja",
  "config_label": "3M 12 - RED159 IR159 AVG2 ADC16384",
  "config_description": "Experimento 3M: sube IR porque el PI IR es bajo; busca una pareja RED/IR con SpO2 calculable; mantiene el AVG de la mejor candidata provisional",
  "reason": "BLOQUE_COMPLETADO",
  "requested_duration_s": 50.0,
  "samples": 947,
  "metrics": {
    "n": 927,
    "hz": 19.940187619938545,
    "duration_s": 46.43888100000004,
    "bpm": 99.99999999999976,
    "bpm_peak": 99.99999999999976,
    "bpm_fft": 87.83638320775026,
    "bpm_autocorr": 85.71428571428571,
    "spo2": 1.5755345165279522,
    "ratio_r": 1.8144308576701667,
    "resp_rate_rpm": 11.6254036598493,
    "resp_quality": 89.69292939304233,
    "resp_reason": "experimental: pico lento 11.6 resp/min; dominancia=1.57; banda=0.98; ciclos~9.0",
    "quality": 29.209713620757373,
    "quality_label": "dudosa",
    "artifact_ir_pct": 0.0,
    "artifact_red_pct": 0.0,
    "pi_ir_pct": 0.008738328773094783,
    "pi_red_pct": 0.01585509337037026,
    "ac_ir": 4.330825935267627,
    "dc_ir": 49561.26105717368,
    "ac_red": 2.6021940239519146,
    "dc_red": 16412.353829557713,
    "saturation_pct": 0.0,
    "contact_label": "contacto débil / baja perfusión",
    "polarity": "invertida",
    "reason": "cv_intervalos=0.28 | dominancia_fft=1.18 | autocorr=0.32 | estimadores discrepantes; se usa picos spread=14.3 | BPM por debajo del umbral de calidad | estimada no calibrada",
    "peaks_count": 74
  },
  "temperature": {
    "temp_samples": 947,
    "temp_c_last": 32.8,
    "temp_c_mean": 33.346779303062306,
    "temp_c_min": 31.61,
    "temp_c_max": 35.17,
    "temp_raw_last": 2346.0
  },
  "bpm_blocks_10s_mean": [
    87.90546079310623,
    100.00000000000006,
    NaN,
    NaN,
    NaN
  ],
  "sensor_config": {
    "red": 159,
    "ir": 159,
    "avg": 2,
    "rate": 100,
    "width": 411,
    "adc": 16384,
    "skip": 50,
    "debug": false
  },
  "analysis_config": {
    "bpm_min": 45,
    "bpm_max": 180,
    "peak_threshold_sd": 0.55,
    "detrend_seconds": 2.0,
    "smooth_seconds": 0.07,
    "ignore_initial_seconds": 1.0,
    "min_quality_to_accept": 45.0,
    "spo2_formula": "quad",
    "spo2_custom_a": 94.845,
    "spo2_custom_b": 30.354,
    "spo2_custom_c": -45.06
  },
  "files": {
    "raw": "C:\\Users\\julia\\OneDrive\\Desktop\\tesis\\mtestv2\\resultados\\raw\\raw_BLOQUE_12CFG_184_20260603_123040_CFG012_3M_12_-_RED159_IR159_AVG2_ADC16384.csv",
    "processed": "C:\\Users\\julia\\OneDrive\\Desktop\\tesis\\mtestv2\\resultados\\processed\\proc_BLOQUE_12CFG_184_20260603_123040_CFG012_3M_12_-_RED159_IR159_AVG2_ADC16384.csv",
    "plot": "C:\\Users\\julia\\OneDrive\\Desktop\\tesis\\mtestv2\\resultados\\figures\\plot_BLOQUE_12CFG_184_20260603_123040_CFG012_3M_12_-_RED159_IR159_AVG2_ADC16384.png",
    "bpm_blocks_10s": "C:\\Users\\julia\\OneDrive\\Desktop\\tesis\\mtestv2\\resultados\\reports\\bpm_blocks_10s_BLOQUE_12CFG_184_20260603_123040_CFG012_3M_12_-_RED159_IR159_AVG2_ADC16384.csv"
  },
  "manual_reference": {
    "pulso_previo": "75",
    "pulso_final_pulsio": "85",
    "pulso_final_fonendo": ""
  },
  "created": "2026-06-03T12:42:01.727709"
}