{
  "session_id": "BLOQUE_16CFG_184_ConVacio_20260602_130526_CFG006_CONFIG_06_-_B3F_AVG1_ADC16384",
  "id": "184_ConVacio",
  "base_name": "BLOQUE_16CFG_184_ConVacio_20260602_130526_CFG006_CONFIG_06_-_B3F_AVG1_ADC16384",
  "mode": "configurations",
  "measurement_condition": "toma con tabla personalizada de configuraciones",
  "config_label": "CONFIG 06 - B3F_AVG1_ADC16384",
  "config_description": "Brillo medio, sin promediado, rango ADC 16384",
  "reason": "BLOQUE_COMPLETADO",
  "requested_duration_s": 30.0,
  "samples": 1149,
  "metrics": {
    "n": 1147,
    "hz": 39.88909300625855,
    "duration_s": 28.729658,
    "bpm": 76.8986552554251,
    "bpm_peak": 78.66435444515227,
    "bpm_fft": 75.18363079713654,
    "bpm_autocorr": 181.53312564265872,
    "spo2": 96.18413675753207,
    "ratio_r": 0.6261739495088083,
    "resp_rate_rpm": 8.353736755237392,
    "resp_quality": 62.305753887948875,
    "resp_reason": "experimental: pico lento 8.4 resp/min; dominancia=1.17; banda=0.96; ciclos~4.0",
    "quality": 60.88731129891903,
    "quality_label": "aceptable",
    "artifact_ir_pct": 1.3949433304272014,
    "artifact_red_pct": 1.3077593722755012,
    "pi_ir_pct": 0.04690454321010404,
    "pi_red_pct": 0.029370403071777407,
    "ac_ir": 13.524808913748453,
    "dc_ir": 28834.75243147657,
    "ac_red": 3.742631770332637,
    "dc_red": 12742.868258178603,
    "saturation_pct": 0.0,
    "contact_label": "contacto débil / baja perfusión",
    "polarity": "normal",
    "reason": "cv_intervalos=0.27 | dominancia_fft=1.63 | autocorr=0.40 | estimadores coherentes spread=3.5 | estimada no calibrada",
    "peaks_count": 26
  },
  "temperature": {
    "temp_samples": 1149,
    "temp_c_last": 31.26,
    "temp_c_mean": 31.92225413402959,
    "temp_c_min": 30.3,
    "temp_c_max": 33.54,
    "temp_raw_last": 2289.0
  },
  "bpm_blocks_10s_mean": [
    77.29450203115329,
    72.81509594381069,
    78.8095025345427,
    85.41696518367843
  ],
  "sensor_config": {
    "red": 63,
    "ir": 63,
    "avg": 1,
    "rate": 100,
    "width": 411,
    "adc": 16384,
    "skip": 50,
    "debug": false
  },
  "analysis_config": {
    "bpm_min": 45,
    "bpm_max": 180,
    "peak_threshold_sd": 0.55,
    "detrend_seconds": 2.0,
    "smooth_seconds": 0.07,
    "ignore_initial_seconds": 1.0,
    "min_quality_to_accept": 45.0,
    "spo2_formula": "quad",
    "spo2_custom_a": 94.845,
    "spo2_custom_b": 30.354,
    "spo2_custom_c": -45.06
  },
  "files": {
    "raw": "C:\\Users\\julia\\OneDrive\\Desktop\\tesis\\mtestv2\\resultados\\raw\\raw_BLOQUE_16CFG_184_ConVacio_20260602_130526_CFG006_CONFIG_06_-_B3F_AVG1_ADC16384.csv",
    "processed": "C:\\Users\\julia\\OneDrive\\Desktop\\tesis\\mtestv2\\resultados\\processed\\proc_BLOQUE_16CFG_184_ConVacio_20260602_130526_CFG006_CONFIG_06_-_B3F_AVG1_ADC16384.csv",
    "plot": "C:\\Users\\julia\\OneDrive\\Desktop\\tesis\\mtestv2\\resultados\\figures\\plot_BLOQUE_16CFG_184_ConVacio_20260602_130526_CFG006_CONFIG_06_-_B3F_AVG1_ADC16384.png",
    "bpm_blocks_10s": "C:\\Users\\julia\\OneDrive\\Desktop\\tesis\\mtestv2\\resultados\\reports\\bpm_blocks_10s_BLOQUE_16CFG_184_ConVacio_20260602_130526_CFG006_CONFIG_06_-_B3F_AVG1_ADC16384.csv"
  },
  "manual_reference": {
    "pulso_previo": "79",
    "pulso_final_pulsio": "74",
    "pulso_final_fonendo": ""
  },
  "created": "2026-06-02T13:16:08.038235"
}