{
  "id": "SIN_CROTAL",
  "mode": "scheduled",
  "measurement_condition": "toma con tabla personalizada de configuraciones",
  "config_label": "CONFIG 12 - B7F_AVG4_ADC16384",
  "reason": "BLOQUE_COMPLETADO",
  "requested_duration_s": 360.0,
  "samples": 8820,
  "metrics": {
    "n": 8780,
    "hz": 24.70468836114827,
    "duration_s": 355.35765,
    "bpm": 174.64799195964966,
    "bpm_peak": 73.53599661458925,
    "bpm_fft": 45.08134269798329,
    "bpm_autocorr": 174.64799195964966,
    "spo2": 81.37237659245493,
    "ratio_r": 0.9790317572418499,
    "quality": 28.847464786283567,
    "quality_label": "dudosa",
    "artifact_ir_pct": 5.740318906605923,
    "artifact_red_pct": 6.0820045558086555,
    "pi_ir_pct": 6.599015203146699,
    "pi_red_pct": 6.460645450402396,
    "ac_ir": 5084.163102254433,
    "dc_ir": 77044.27017883035,
    "ac_red": 5489.2103569457595,
    "dc_red": 84963.80739487676,
    "saturation_pct": 99.9275012083132,
    "contact_label": "contacto útil",
    "polarity": "normal",
    "reason": "cv_intervalos=0.29 | dominancia_fft=1.09 | autocorr=0.77 | estimadores discrepantes; se usa autocorr spread=129.6 | BPM por debajo del umbral de calidad | estimada no calibrada",
    "peaks_count": 70
  },
  "temperature": {
    "temp_samples": 8820,
    "temp_c_last": 28.6,
    "temp_c_mean": 29.619578231292515,
    "temp_c_min": 27.18,
    "temp_c_max": 31.53,
    "temp_raw_last": 2188.0
  },
  "bpm_blocks_2s_orientative": [
    NaN,
    NaN,
    52.211916386774654,
    56.44037345964915,
    NaN,
    NaN,
    NaN,
    NaN,
    NaN,
    NaN,
    NaN,
    NaN,
    NaN,
    NaN,
    NaN,
    NaN,
    54.41298691331629,
    54.599083871648276,
    NaN,
    NaN,
    NaN,
    NaN,
    NaN,
    55.06515531039813,
    63.028223907234015,
    61.412840011046065,
    60.095859683894595,
    NaN,
    NaN,
    NaN,
    NaN,
    NaN,
    NaN,
    NaN,
    NaN,
    NaN,
    NaN,
    NaN,
    NaN,
    NaN,
    NaN,
    NaN,
    NaN,
    NaN,
    NaN,
    NaN,
    NaN,
    NaN,
    NaN,
    NaN,
    NaN,
    NaN,
    NaN,
    NaN,
    NaN,
    NaN,
    NaN,
    NaN,
    NaN,
    NaN,
    NaN,
    NaN,
    NaN,
    NaN,
    NaN,
    NaN,
    NaN,
    NaN,
    NaN,
    92.01511322872453,
    NaN,
    NaN,
    NaN,
    NaN,
    NaN,
    NaN,
    NaN,
    NaN,
    NaN,
    NaN,
    NaN,
    NaN,
    NaN,
    53.52273356159615,
    NaN,
    NaN,
    NaN,
    NaN,
    NaN,
    NaN,
    NaN,
    NaN,
    NaN,
    NaN,
    NaN,
    NaN,
    NaN,
    NaN,
    NaN,
    NaN,
    NaN,
    NaN,
    NaN,
    NaN,
    NaN,
    NaN,
    NaN,
    NaN,
    NaN,
    NaN,
    NaN,
    NaN,
    NaN,
    NaN,
    NaN,
    NaN,
    NaN,
    NaN,
    NaN,
    57.33159508885024,
    59.24095282879827,
    NaN,
    NaN,
    NaN,
    NaN,
    NaN,
    NaN,
    NaN,
    NaN,
    NaN,
    NaN,
    NaN,
    NaN,
    NaN,
    NaN,
    NaN,
    NaN,
    NaN,
    58.43381727117746,
    NaN,
    60.14655312478436,
    60.19666207235989,
    60.948114166712664,
    NaN,
    NaN,
    NaN,
    NaN,
    NaN,
    NaN,
    NaN,
    NaN,
    NaN,
    NaN,
    NaN,
    NaN,
    NaN,
    NaN,
    NaN,
    NaN,
    NaN,
    NaN,
    NaN,
    NaN,
    NaN,
    NaN,
    NaN,
    NaN,
    NaN,
    NaN,
    NaN,
    NaN,
    NaN,
    NaN,
    NaN,
    NaN,
    NaN,
    NaN,
    NaN,
    NaN
  ],
  "bpm_blocks_10s_mean": [
    NaN,
    NaN,
    NaN,
    NaN,
    NaN,
    NaN,
    NaN,
    NaN,
    NaN,
    NaN,
    NaN,
    NaN,
    NaN,
    NaN,
    NaN,
    NaN,
    NaN,
    NaN,
    NaN,
    NaN,
    NaN,
    NaN,
    NaN,
    NaN,
    NaN,
    NaN,
    NaN,
    NaN,
    NaN,
    NaN,
    NaN,
    NaN,
    NaN,
    NaN,
    NaN,
    NaN
  ],
  "sensor_config": {
    "red": 127,
    "ir": 127,
    "avg": 4,
    "rate": 100,
    "width": 411,
    "adc": 16384,
    "skip": 50,
    "debug": false
  },
  "analysis_config": {
    "bpm_min": 45,
    "bpm_max": 180,
    "peak_threshold_sd": 0.55,
    "detrend_seconds": 2.0,
    "smooth_seconds": 0.07,
    "ignore_initial_seconds": 1.0,
    "min_quality_to_accept": 45.0,
    "spo2_formula": "quad",
    "spo2_custom_a": 94.845,
    "spo2_custom_b": 30.354,
    "spo2_custom_c": -45.06
  },
  "config_confirmation": {
    "status": "confirmada",
    "command": "CONFIG RED=127 IR=127 AVG=4 RATE=100 WIDTH=411 ADC=16384 SKIP=50 DEBUG=0",
    "arduino_cfg_line": "CFG RED=127 IR=127 AVG=4 RATE=100 WIDTH=411 ADC=16384 SKIP=50 DEBUG=0"
  },
  "files": {
    "raw": "C:\\Users\\julia\\OneDrive\\Desktop\\tesis\\mtestv2\\resultados\\raw\\raw_BLOQUE_12CFG_SIN_CROTAL_20260529_132023.csv",
    "processed": "C:\\Users\\julia\\OneDrive\\Desktop\\tesis\\mtestv2\\resultados\\processed\\proc_BLOQUE_12CFG_SIN_CROTAL_20260529_132023.csv",
    "plot": "C:\\Users\\julia\\OneDrive\\Desktop\\tesis\\mtestv2\\resultados\\figures\\plot_BLOQUE_12CFG_SIN_CROTAL_20260529_132023.png",
    "screenshot": "C:\\Users\\julia\\OneDrive\\Desktop\\tesis\\mtestv2\\resultados\\screenshots\\screen_BLOQUE_12CFG_SIN_CROTAL_20260529_132023.png",
    "config": "C:\\Users\\julia\\OneDrive\\Desktop\\tesis\\mtestv2\\resultados\\configs\\sensor_config_20260529_132553.json",
    "bpm_blocks_10s": "C:\\Users\\julia\\OneDrive\\Desktop\\tesis\\mtestv2\\resultados\\reports\\bpm_blocks_10s_BLOQUE_12CFG_SIN_CROTAL_20260529_132023.csv"
  },
  "created": "2026-05-29T13:26:26.381611"
}