{
  "session_id": "BLOQUE_12CFG_584_20260609_143715_CFG008_CONFIG_02_-_B5F_AVG4_ADC16384",
  "id": "584",
  "base_name": "BLOQUE_12CFG_584_20260609_143715_CFG008_CONFIG_02_-_B5F_AVG4_ADC16384",
  "mode": "configurations",
  "measurement_condition": "TRUELEFT",
  "config_label": "CONFIG 02 - B5F_AVG4_ADC16384",
  "config_description": "Brillo medio, promediado x4, rango ADC 16384",
  "reason": "BLOQUE_COMPLETADO",
  "requested_duration_s": 60.0,
  "samples": 2335,
  "metrics": {
    "n": 1904,
    "hz": 33.555383689766586,
    "duration_s": 56.71221099999997,
    "bpm": 70.30002399254606,
    "bpm_peak": 86.74532345269381,
    "bpm_fft": 70.30002399254606,
    "bpm_autocorr": 186.40157876811458,
    "spo2": 97.03328385592873,
    "ratio_r": 0.591537621821441,
    "resp_rate_rpm": 7.452808646061325,
    "resp_quality": 75.35060440850413,
    "resp_reason": "experimental: pico lento 7.5 resp/min; dominancia=1.02; banda=0.79; ciclos~7.0",
    "quality": 0.0,
    "quality_label": "dudosa",
    "artifact_ir_pct": 15.56541019955654,
    "artifact_red_pct": 5.46218487394958,
    "pi_ir_pct": 0.1111574593713606,
    "pi_red_pct": 0.0657538191642481,
    "ac_ir": 43.684522858104366,
    "dc_ir": 39299.677327241574,
    "ac_red": 13.694481450027888,
    "dc_red": 20826.898914905767,
    "saturation_pct": 0.0,
    "contact_label": "contacto débil / baja perfusión",
    "polarity": "invertida",
    "reason": "primeros 1.0 s ignorados; cribado robusto descarta 15.6 % | cv_intervalos=0.36 | dominancia_fft=1.00 | autocorr=0.37 | estimadores discrepantes; se usa FFT spread=16.4 | BPM por debajo del umbral de calidad | estimada no calibrada",
    "peaks_count": 60
  },
  "temperature": {
    "temp_samples": 2335,
    "temp_c_last": 35.26,
    "temp_c_mean": 35.82752462526767,
    "temp_c_min": 32.77,
    "temp_c_max": 38.29,
    "temp_raw_last": 2435.0
  },
  "bpm_blocks_10s_mean": [
    NaN,
    NaN,
    NaN,
    NaN,
    NaN,
    NaN
  ],
  "sensor_config": {
    "red": 95,
    "ir": 95,
    "avg": 4,
    "rate": 800,
    "width": 411,
    "adc": 16384,
    "skip": 50,
    "debug": false
  },
  "analysis_config": {
    "bpm_min": 45,
    "bpm_max": 180,
    "peak_threshold_sd": 0.55,
    "detrend_seconds": 2.0,
    "smooth_seconds": 0.07,
    "ignore_initial_seconds": 1.0,
    "min_quality_to_accept": 45.0,
    "spo2_formula": "quad",
    "spo2_custom_a": 94.845,
    "spo2_custom_b": 30.354,
    "spo2_custom_c": -45.06
  },
  "files": {
    "raw": "C:\\Users\\julia\\OneDrive\\Desktop\\tesis\\mtestv2\\resultados\\raw\\raw_BLOQUE_12CFG_584_20260609_143715_CFG008_CONFIG_02_-_B5F_AVG4_ADC16384.csv",
    "processed": "C:\\Users\\julia\\OneDrive\\Desktop\\tesis\\mtestv2\\resultados\\processed\\proc_BLOQUE_12CFG_584_20260609_143715_CFG008_CONFIG_02_-_B5F_AVG4_ADC16384.csv",
    "plot": "C:\\Users\\julia\\OneDrive\\Desktop\\tesis\\mtestv2\\resultados\\figures\\plot_BLOQUE_12CFG_584_20260609_143715_CFG008_CONFIG_02_-_B5F_AVG4_ADC16384.png",
    "bpm_blocks_10s": "C:\\Users\\julia\\OneDrive\\Desktop\\tesis\\mtestv2\\resultados\\reports\\bpm_blocks_10s_BLOQUE_12CFG_584_20260609_143715_CFG008_CONFIG_02_-_B5F_AVG4_ADC16384.csv"
  },
  "manual_reference": {
    "pulso_previo": "136",
    "pulso_final_pulsio": "105",
    "pulso_final_fonendo": ""
  },
  "created": "2026-06-09T14:51:00.269762"
}