{
  "session_id": "marcoprueba_20260604_213213",
  "id": "marcoprueba",
  "base_name": "marcoprueba_20260604_213213",
  "mode": "normal",
  "measurement_condition": "",
  "config_label": "manual",
  "reason": "DURACION_COMPLETADA_PYTHON",
  "requested_duration_s": 90.0,
  "samples": 3565,
  "metrics": {
    "n": 3131,
    "hz": 40.15277656834821,
    "duration_s": 77.952268,
    "bpm": 87.93351467487456,
    "bpm_peak": 92.20174828053675,
    "bpm_fft": 83.8252495805408,
    "bpm_autocorr": 85.6159091176418,
    "spo2": 99.61191794728077,
    "ratio_r": 0.42431399868911934,
    "resp_rate_rpm": 7.048926965834861,
    "resp_quality": 76.01014340121816,
    "resp_reason": "experimental: pico lento 7.0 resp/min; dominancia=1.02; banda=0.69; ciclos~9.0",
    "quality": 39.95177028097251,
    "quality_label": "dudosa",
    "artifact_ir_pct": 10.10623026126902,
    "artifact_red_pct": 2.2357074417119134,
    "pi_ir_pct": 0.04143256453844129,
    "pi_red_pct": 0.01758041713525103,
    "ac_ir": 10.144962265647369,
    "dc_ir": 24485.479908526624,
    "ac_red": 3.557530136308571,
    "dc_red": 20235.754982032016,
    "saturation_pct": 0.0,
    "contact_label": "contacto débil / baja perfusión",
    "polarity": "invertida",
    "reason": "primeros 1.0 s ignorados; cribado robusto descarta 10.1 % | cv_intervalos=0.20 | dominancia_fft=1.06 | autocorr=0.47 | estimadores coherentes spread=8.4 | BPM por debajo del umbral de calidad | estimada no calibrada",
    "peaks_count": 128
  },
  "temperature": {
    "temp_samples": 3565,
    "temp_c_last": 13.68,
    "temp_c_mean": 10.373534361851332,
    "temp_c_min": 3.41,
    "temp_c_max": 14.37,
    "temp_raw_last": 1590.0
  },
  "bpm_blocks_2s_orientative": [
    NaN,
    142.93256741274297,
    NaN,
    NaN,
    NaN,
    NaN,
    NaN,
    NaN,
    131.49600730279442,
    NaN,
    NaN,
    NaN,
    120.71660928676023,
    120.57946758699461,
    118.84733274465064,
    111.54334589174121,
    109.9471884770682,
    109.95798357682571,
    109.95479540793829,
    109.82659497318198,
    NaN,
    93.92501146715195,
    95.01515806465471,
    NaN,
    84.89130224287636,
    86.54046170718703,
    82.59225239243275,
    82.61592099239212,
    87.69337847121977,
    87.07422824353652,
    82.62147644190539,
    80.46834903982615,
    81.64429193107372,
    82.5941265956722,
    80.45032321885627,
    NaN,
    85.51144051606391,
    82.64071537420898,
    82.63014516749037,
    83.35433270088271,
    85.6985218055307,
    86.19036969539826,
    83.23242649345465,
    NaN,
    NaN
  ],
  "bpm_blocks_10s_mean": [
    NaN,
    NaN,
    NaN,
    110.03721024242672,
    92.08634121608668,
    86.0971889443601,
    82.78227933676628,
    82.84321285830012,
    86.12994202705903
  ],
  "sensor_config": {
    "red": 31,
    "ir": 31,
    "avg": 1,
    "rate": 100,
    "width": 411,
    "adc": 16384,
    "skip": 50,
    "debug": false
  },
  "analysis_config": {
    "bpm_min": 45,
    "bpm_max": 180,
    "peak_threshold_sd": 0.55,
    "detrend_seconds": 2.0,
    "smooth_seconds": 0.07,
    "ignore_initial_seconds": 1.0,
    "min_quality_to_accept": 45.0,
    "spo2_formula": "quad",
    "spo2_custom_a": 94.845,
    "spo2_custom_b": 30.354,
    "spo2_custom_c": -45.06
  },
  "config_confirmation": {
    "status": "confirmada",
    "command": "",
    "arduino_cfg_line": "CFG RED=31 IR=31 AVG=1 RATE=100 WIDTH=411 ADC=16384 SKIP=50 DEBUG=0"
  },
  "manual_reference": {
    "pulso_previo": "140",
    "pulso_final_pulsio": "83",
    "pulso_final_fonendo": ""
  },
  "files": {
    "raw": "C:\\Users\\lol32\\Documents\\GitHub\\mtestv2\\resultados\\raw\\raw_marcoprueba_20260604_213213.csv",
    "processed": "C:\\Users\\lol32\\Documents\\GitHub\\mtestv2\\resultados\\processed\\proc_marcoprueba_20260604_213213.csv",
    "plot": "C:\\Users\\lol32\\Documents\\GitHub\\mtestv2\\resultados\\figures\\plot_marcoprueba_20260604_213213.png",
    "screenshot": "C:\\Users\\lol32\\Documents\\GitHub\\mtestv2\\resultados\\screenshots\\screen_marcoprueba_20260604_213213.png",
    "config": "C:\\Users\\lol32\\Documents\\GitHub\\mtestv2\\resultados\\configs\\config_marcoprueba_20260604_213213_20260604_213213.json",
    "bpm_blocks_10s": "C:\\Users\\lol32\\Documents\\GitHub\\mtestv2\\resultados\\reports\\bpm_blocks_10s_marcoprueba_20260604_213213.csv"
  },
  "created": "2026-06-04T21:33:51.013779"
}