{
  "session_id": "BLOQUE_12CFG_584_20260609_143715_CFG004_CONFIG_01_-_B7F_AVG4_ADC16384",
  "id": "584",
  "base_name": "BLOQUE_12CFG_584_20260609_143715_CFG004_CONFIG_01_-_B7F_AVG4_ADC16384",
  "mode": "configurations",
  "measurement_condition": "TRUELEFT",
  "config_label": "CONFIG 01 - B7F_AVG4_ADC16384",
  "config_description": "Brillo bajo, promediado x4, rango ADC 16384",
  "reason": "BLOQUE_COMPLETADO",
  "requested_duration_s": 60.0,
  "samples": 2334,
  "metrics": {
    "n": 1974,
    "hz": 35.58137596841802,
    "duration_s": 55.450357,
    "bpm": 76.14354226552928,
    "bpm_peak": 80.07773584247778,
    "bpm_fft": 73.17007172827013,
    "bpm_autocorr": 69.4007043968138,
    "spo2": 94.8779508715232,
    "ratio_r": 0.6725478452558654,
    "resp_rate_rpm": 7.763209302200296,
    "resp_quality": 82.0795624893977,
    "resp_reason": "experimental: pico lento 7.8 resp/min; dominancia=1.26; banda=0.94; ciclos~7.0",
    "quality": 15.902001680663908,
    "quality_label": "dudosa",
    "artifact_ir_pct": 12.422360248447205,
    "artifact_red_pct": 4.508611955420466,
    "pi_ir_pct": 0.14458805968967234,
    "pi_red_pct": 0.09724238799401558,
    "ac_ir": 76.68975476864193,
    "dc_ir": 53040.171458998935,
    "ac_red": 12.928135743518743,
    "dc_red": 13294.753461128861,
    "saturation_pct": 0.0,
    "contact_label": "contacto débil / baja perfusión",
    "polarity": "invertida",
    "reason": "primeros 1.0 s ignorados; cribado robusto descarta 12.4 % | cv_intervalos=0.28 | dominancia_fft=1.00 | autocorr=0.10 | estimadores coherentes spread=10.7 | BPM por debajo del umbral de calidad | estimada no calibrada",
    "peaks_count": 72
  },
  "temperature": {
    "temp_samples": 2334,
    "temp_c_last": 35.2,
    "temp_c_mean": 35.6584233076264,
    "temp_c_min": 32.12,
    "temp_c_max": 38.18,
    "temp_raw_last": 2433.0
  },
  "bpm_blocks_10s_mean": [
    NaN,
    NaN,
    NaN,
    NaN,
    NaN,
    NaN
  ],
  "sensor_config": {
    "red": 63,
    "ir": 127,
    "avg": 4,
    "rate": 800,
    "width": 411,
    "adc": 16384,
    "skip": 50,
    "debug": false
  },
  "analysis_config": {
    "bpm_min": 45,
    "bpm_max": 180,
    "peak_threshold_sd": 0.55,
    "detrend_seconds": 2.0,
    "smooth_seconds": 0.07,
    "ignore_initial_seconds": 1.0,
    "min_quality_to_accept": 45.0,
    "spo2_formula": "quad",
    "spo2_custom_a": 94.845,
    "spo2_custom_b": 30.354,
    "spo2_custom_c": -45.06
  },
  "files": {
    "raw": "C:\\Users\\julia\\OneDrive\\Desktop\\tesis\\mtestv2\\resultados\\raw\\raw_BLOQUE_12CFG_584_20260609_143715_CFG004_CONFIG_01_-_B7F_AVG4_ADC16384.csv",
    "processed": "C:\\Users\\julia\\OneDrive\\Desktop\\tesis\\mtestv2\\resultados\\processed\\proc_BLOQUE_12CFG_584_20260609_143715_CFG004_CONFIG_01_-_B7F_AVG4_ADC16384.csv",
    "plot": "C:\\Users\\julia\\OneDrive\\Desktop\\tesis\\mtestv2\\resultados\\figures\\plot_BLOQUE_12CFG_584_20260609_143715_CFG004_CONFIG_01_-_B7F_AVG4_ADC16384.png",
    "bpm_blocks_10s": "C:\\Users\\julia\\OneDrive\\Desktop\\tesis\\mtestv2\\resultados\\reports\\bpm_blocks_10s_BLOQUE_12CFG_584_20260609_143715_CFG004_CONFIG_01_-_B7F_AVG4_ADC16384.csv"
  },
  "manual_reference": {
    "pulso_previo": "112",
    "pulso_final_pulsio": "114",
    "pulso_final_fonendo": ""
  },
  "created": "2026-06-09T14:50:57.797916"
}