{
  "session_id": "BLOQUE_12CFG_SIN_CROTAL_20260603_121000_CFG001_3M_01_-_RED31_IR31_AVG1_ADC16384",
  "id": "SIN_CROTAL",
  "base_name": "BLOQUE_12CFG_SIN_CROTAL_20260603_121000_CFG001_3M_01_-_RED31_IR31_AVG1_ADC16384",
  "mode": "experimento_3m",
  "measurement_condition": "Experimento 3M: optimizacion adaptativa con BPM manual, PPG y SpO2, con",
  "config_label": "3M 01 - RED31 IR31 AVG1 ADC16384",
  "config_description": "Experimento 3M: inicio conservador",
  "reason": "STOP_BLOQUE_MANUAL",
  "requested_duration_s": 100.0,
  "samples": 3939,
  "metrics": {
    "n": 3899,
    "hz": 39.89580092908293,
    "duration_s": 97.70451800000001,
    "bpm": 89.25609610718658,
    "bpm_peak": 92.06723291326887,
    "bpm_fft": 84.72357827463622,
    "bpm_autocorr": 92.0672329132683,
    "spo2": 80.87326673205314,
    "ratio_r": 0.9875983502091956,
    "resp_rate_rpm": 6.139389730046104,
    "resp_quality": 82.7170025339149,
    "resp_reason": "experimental: pico lento 6.1 resp/min; dominancia=1.07; banda=0.87; ciclos~10.0",
    "quality": 46.83576493124102,
    "quality_label": "aceptable",
    "artifact_ir_pct": 0.0,
    "artifact_red_pct": 0.0,
    "pi_ir_pct": 0.03159403293199005,
    "pi_red_pct": 0.03120221480008837,
    "ac_ir": 4.076916374132581,
    "dc_ir": 12904.070787381379,
    "ac_red": 2.474700633138424,
    "dc_red": 7931.169787124903,
    "saturation_pct": 0.0,
    "contact_label": "contacto débil / baja perfusión",
    "polarity": "normal",
    "reason": "cv_intervalos=0.31 | dominancia_fft=1.16 | autocorr=0.25 | estimadores coherentes spread=7.3 | estimada no calibrada",
    "peaks_count": 145
  },
  "temperature": {
    "temp_samples": 3939,
    "temp_c_last": 31.05,
    "temp_c_mean": 30.732784970804772,
    "temp_c_min": 28.26,
    "temp_c_max": 33.13,
    "temp_raw_last": 2281.0
  },
  "bpm_blocks_10s_mean": [
    93.52500109055202,
    93.63617966078434,
    97.85271499385128,
    99.77320564323942,
    NaN,
    99.76908387047091,
    86.46899161136977,
    88.98354033859661,
    NaN,
    94.46805705241665
  ],
  "sensor_config": {
    "red": 31,
    "ir": 31,
    "avg": 1,
    "rate": 100,
    "width": 411,
    "adc": 16384,
    "skip": 50,
    "debug": false
  },
  "analysis_config": {
    "bpm_min": 45,
    "bpm_max": 180,
    "peak_threshold_sd": 0.55,
    "detrend_seconds": 2.0,
    "smooth_seconds": 0.07,
    "ignore_initial_seconds": 1.0,
    "min_quality_to_accept": 45.0,
    "spo2_formula": "quad",
    "spo2_custom_a": 94.845,
    "spo2_custom_b": 30.354,
    "spo2_custom_c": -45.06
  },
  "files": {
    "raw": "C:\\Users\\julia\\OneDrive\\Desktop\\tesis\\mtestv2\\resultados\\raw\\raw_BLOQUE_12CFG_SIN_CROTAL_20260603_121000_CFG001_3M_01_-_RED31_IR31_AVG1_ADC16384.csv",
    "processed": "C:\\Users\\julia\\OneDrive\\Desktop\\tesis\\mtestv2\\resultados\\processed\\proc_BLOQUE_12CFG_SIN_CROTAL_20260603_121000_CFG001_3M_01_-_RED31_IR31_AVG1_ADC16384.csv",
    "plot": "C:\\Users\\julia\\OneDrive\\Desktop\\tesis\\mtestv2\\resultados\\figures\\plot_BLOQUE_12CFG_SIN_CROTAL_20260603_121000_CFG001_3M_01_-_RED31_IR31_AVG1_ADC16384.png",
    "bpm_blocks_10s": "C:\\Users\\julia\\OneDrive\\Desktop\\tesis\\mtestv2\\resultados\\reports\\bpm_blocks_10s_BLOQUE_12CFG_SIN_CROTAL_20260603_121000_CFG001_3M_01_-_RED31_IR31_AVG1_ADC16384.csv"
  },
  "manual_reference": {
    "pulso_previo": "90",
    "pulso_final_pulsio": "90",
    "pulso_final_fonendo": ""
  },
  "created": "2026-06-03T12:15:41.672327"
}