{
  "session_id": "BLOQUE_12CFG_184_20260609_133934_CFG006_CONFIG_03_-_B3F_AVG4_ADC16384",
  "id": "184",
  "base_name": "BLOQUE_12CFG_184_20260609_133934_CFG006_CONFIG_03_-_B3F_AVG4_ADC16384",
  "mode": "configurations",
  "measurement_condition": "RIGHT",
  "config_label": "CONFIG 03 - B3F_AVG4_ADC16384",
  "config_description": "Brillo medio, sin promediado, rango ADC 16384",
  "reason": "BLOQUE_COMPLETADO",
  "requested_duration_s": 60.0,
  "samples": 2335,
  "metrics": {
    "n": 2174,
    "hz": 38.473049460654956,
    "duration_s": 56.48109599999998,
    "bpm": 176.84177808429484,
    "bpm_peak": 121.33310885228016,
    "bpm_fft": 82.64885371205455,
    "bpm_autocorr": 176.84177808429484,
    "spo2": 95.92046044522844,
    "ratio_r": 0.6361147231291313,
    "resp_rate_rpm": 8.698569826243233,
    "resp_quality": 78.05606329797142,
    "resp_reason": "experimental: pico lento 8.7 resp/min; dominancia=1.12; banda=0.73; ciclos~8.0",
    "quality": 29.761044285884505,
    "quality_label": "dudosa",
    "artifact_ir_pct": 3.5920177383592016,
    "artifact_red_pct": 2.5758969641214353,
    "pi_ir_pct": 0.05965214874343465,
    "pi_red_pct": 0.03794561008198769,
    "ac_ir": 17.16561711401614,
    "dc_ir": 28776.19243498818,
    "ac_red": 4.83362412407296,
    "dc_red": 12738.29598108747,
    "saturation_pct": 0.0,
    "contact_label": "contacto débil / baja perfusión",
    "polarity": "normal",
    "reason": "primeros 1.0 s ignorados; cribado robusto descarta 3.6 % | cv_intervalos=0.37 | dominancia_fft=1.11 | autocorr=0.72 | estimadores discrepantes; se usa autocorr spread=94.2 | BPM por debajo del umbral de calidad | estimada no calibrada",
    "peaks_count": 51
  },
  "temperature": {
    "temp_samples": 2335,
    "temp_c_last": 33.67,
    "temp_c_mean": 33.260419700214136,
    "temp_c_min": 31.21,
    "temp_c_max": 34.92,
    "temp_raw_last": 2378.0
  },
  "bpm_blocks_10s_mean": [
    NaN,
    NaN,
    NaN,
    NaN,
    NaN,
    NaN
  ],
  "sensor_config": {
    "red": 63,
    "ir": 63,
    "avg": 4,
    "rate": 800,
    "width": 411,
    "adc": 16384,
    "skip": 50,
    "debug": false
  },
  "analysis_config": {
    "bpm_min": 45,
    "bpm_max": 180,
    "peak_threshold_sd": 0.55,
    "detrend_seconds": 2.0,
    "smooth_seconds": 0.07,
    "ignore_initial_seconds": 1.0,
    "min_quality_to_accept": 45.0,
    "spo2_formula": "quad",
    "spo2_custom_a": 94.845,
    "spo2_custom_b": 30.354,
    "spo2_custom_c": -45.06
  },
  "files": {
    "raw": "C:\\Users\\julia\\OneDrive\\Desktop\\tesis\\mtestv2\\resultados\\raw\\raw_BLOQUE_12CFG_184_20260609_133934_CFG006_CONFIG_03_-_B3F_AVG4_ADC16384.csv",
    "processed": "C:\\Users\\julia\\OneDrive\\Desktop\\tesis\\mtestv2\\resultados\\processed\\proc_BLOQUE_12CFG_184_20260609_133934_CFG006_CONFIG_03_-_B3F_AVG4_ADC16384.csv",
    "plot": "C:\\Users\\julia\\OneDrive\\Desktop\\tesis\\mtestv2\\resultados\\figures\\plot_BLOQUE_12CFG_184_20260609_133934_CFG006_CONFIG_03_-_B3F_AVG4_ADC16384.png",
    "bpm_blocks_10s": "C:\\Users\\julia\\OneDrive\\Desktop\\tesis\\mtestv2\\resultados\\reports\\bpm_blocks_10s_BLOQUE_12CFG_184_20260609_133934_CFG006_CONFIG_03_-_B3F_AVG4_ADC16384.csv"
  },
  "manual_reference": {
    "pulso_previo": "75",
    "pulso_final_pulsio": "81",
    "pulso_final_fonendo": ""
  },
  "created": "2026-06-09T13:52:35.347711"
}