{
  "session_id": "BLOQUE_8CFG_184_20260610_141601_CFG008_CONFIG_03_-_B3F_400_ADC16384",
  "id": "184",
  "base_name": "BLOQUE_8CFG_184_20260610_141601_CFG008_CONFIG_03_-_B3F_400_ADC16384",
  "mode": "configurations",
  "measurement_condition": "RIGHT",
  "config_label": "CONFIG 03 - B3F_400_ADC16384",
  "config_description": "Brillo medio, promediado x4, rango ADC 16384",
  "reason": "BLOQUE_COMPLETADO",
  "requested_duration_s": 30.0,
  "samples": 1143,
  "metrics": {
    "n": 1030,
    "hz": 38.521259804671374,
    "duration_s": 26.712522000000007,
    "bpm": 176.40819134590478,
    "bpm_peak": 109.20507083317962,
    "bpm_fft": 56.15343994850054,
    "bpm_autocorr": 176.40819134590478,
    "spo2": 96.8781225401421,
    "ratio_r": 0.5982095034573366,
    "resp_rate_rpm": 8.984550391760088,
    "resp_quality": 64.7503128452334,
    "resp_reason": "experimental: pico lento 9.0 resp/min; dominancia=1.50; banda=0.99; ciclos~4.0",
    "quality": 28.098824043108973,
    "quality_label": "dudosa",
    "artifact_ir_pct": 3.1044214487300095,
    "artifact_red_pct": 0.7766990291262136,
    "pi_ir_pct": 0.1250667618186938,
    "pi_red_pct": 0.0748161254865778,
    "ac_ir": 30.208390690604432,
    "dc_ir": 24153.812133072406,
    "ac_red": 9.189345517090597,
    "dc_red": 12282.573385518592,
    "saturation_pct": 0.0,
    "contact_label": "contacto débil / baja perfusión",
    "polarity": "normal",
    "reason": "primeros 1.0 s ignorados; cribado robusto descarta 3.1 % | cv_intervalos=0.26 | dominancia_fft=1.06 | autocorr=0.66 | estimadores discrepantes; se usa autocorr spread=120.3 | BPM por debajo del umbral de calidad | estimada no calibrada",
    "peaks_count": 19
  },
  "temperature": {
    "temp_samples": 1143,
    "temp_c_last": 32.83,
    "temp_c_mean": 32.529580052493436,
    "temp_c_min": 30.81,
    "temp_c_max": 34.31,
    "temp_raw_last": 2347.0
  },
  "bpm_blocks_10s_mean": [
    NaN,
    NaN,
    NaN
  ],
  "sensor_config": {
    "red": 63,
    "ir": 63,
    "avg": 4,
    "rate": 400,
    "width": 411,
    "adc": 16384,
    "skip": 50,
    "debug": false
  },
  "analysis_config": {
    "bpm_min": 45,
    "bpm_max": 180,
    "peak_threshold_sd": 0.55,
    "detrend_seconds": 2.0,
    "smooth_seconds": 0.07,
    "ignore_initial_seconds": 1.0,
    "min_quality_to_accept": 45.0,
    "spo2_formula": "quad",
    "spo2_custom_a": 94.845,
    "spo2_custom_b": 30.354,
    "spo2_custom_c": -45.06
  },
  "files": {
    "raw": "C:\\Users\\julia\\OneDrive\\Desktop\\tesis\\mtestv2\\resultados\\raw\\raw_BLOQUE_8CFG_184_20260610_141601_CFG008_CONFIG_03_-_B3F_400_ADC16384.csv",
    "processed": "C:\\Users\\julia\\OneDrive\\Desktop\\tesis\\mtestv2\\resultados\\processed\\proc_BLOQUE_8CFG_184_20260610_141601_CFG008_CONFIG_03_-_B3F_400_ADC16384.csv",
    "plot": "C:\\Users\\julia\\OneDrive\\Desktop\\tesis\\mtestv2\\resultados\\figures\\plot_BLOQUE_8CFG_184_20260610_141601_CFG008_CONFIG_03_-_B3F_400_ADC16384.png",
    "bpm_blocks_10s": "C:\\Users\\julia\\OneDrive\\Desktop\\tesis\\mtestv2\\resultados\\reports\\bpm_blocks_10s_BLOQUE_8CFG_184_20260610_141601_CFG008_CONFIG_03_-_B3F_400_ADC16384.csv"
  },
  "manual_reference": {
    "pulso_previo": "80",
    "pulso_final_pulsio": "83",
    "pulso_final_fonendo": ""
  },
  "created": "2026-06-10T14:20:45.523014"
}