{
  "session_id": "BLOQUE_16CFG_184_SinVacio_20260602_131802_CFG005_CONFIG_05_-_B3F_AVG1_ADC8192",
  "id": "184_SinVacio",
  "base_name": "BLOQUE_16CFG_184_SinVacio_20260602_131802_CFG005_CONFIG_05_-_B3F_AVG1_ADC8192",
  "mode": "configurations",
  "measurement_condition": "toma con tabla personalizada de configuraciones",
  "config_label": "CONFIG 05 - B3F_AVG1_ADC8192",
  "config_description": "Brillo medio, sin promediado, rango ADC 8192",
  "reason": "BLOQUE_COMPLETADO",
  "requested_duration_s": 30.0,
  "samples": 1148,
  "metrics": {
    "n": 1147,
    "hz": 39.8768855094601,
    "duration_s": 28.738452999999993,
    "bpm": 106.57244747054669,
    "bpm_peak": 106.57244747054669,
    "bpm_fft": 45.89062684674785,
    "bpm_autocorr": 180.35337264246357,
    "spo2": 97.34127964729575,
    "ratio_r": 0.577747160024318,
    "resp_rate_rpm": 6.263385158553942,
    "resp_quality": 60.94757175623167,
    "resp_reason": "experimental: pico lento 6.3 resp/min; dominancia=2.20; banda=0.84; ciclos~3.0",
    "quality": 29.65088424751195,
    "quality_label": "dudosa",
    "artifact_ir_pct": 2.0052310374891023,
    "artifact_red_pct": 0.0,
    "pi_ir_pct": 0.2544326662375841,
    "pi_red_pct": 0.1469977503361794,
    "ac_ir": 113.674566440016,
    "dc_ir": 44677.66192170818,
    "ac_red": 25.651583476199978,
    "dc_red": 17450.32384341637,
    "saturation_pct": 0.0,
    "contact_label": "contacto útil",
    "polarity": "normal",
    "reason": "cv_intervalos=0.26 | dominancia_fft=1.00 | autocorr=0.70 | estimadores discrepantes; se usa picos spread=60.7 | BPM por debajo del umbral de calidad | estimada no calibrada",
    "peaks_count": 21
  },
  "temperature": {
    "temp_samples": 1148,
    "temp_c_last": 35.06,
    "temp_c_mean": 35.85999128919861,
    "temp_c_min": 34.09,
    "temp_c_max": 38.67,
    "temp_raw_last": 2428.0
  },
  "bpm_blocks_10s_mean": [
    NaN,
    151.9084673320513,
    113.97252466066185,
    100.71645232541755
  ],
  "sensor_config": {
    "red": 63,
    "ir": 63,
    "avg": 1,
    "rate": 100,
    "width": 411,
    "adc": 8192,
    "skip": 50,
    "debug": false
  },
  "analysis_config": {
    "bpm_min": 45,
    "bpm_max": 180,
    "peak_threshold_sd": 0.55,
    "detrend_seconds": 2.0,
    "smooth_seconds": 0.07,
    "ignore_initial_seconds": 1.0,
    "min_quality_to_accept": 45.0,
    "spo2_formula": "quad",
    "spo2_custom_a": 94.845,
    "spo2_custom_b": 30.354,
    "spo2_custom_c": -45.06
  },
  "files": {
    "raw": "C:\\Users\\julia\\OneDrive\\Desktop\\tesis\\mtestv2\\resultados\\raw\\raw_BLOQUE_16CFG_184_SinVacio_20260602_131802_CFG005_CONFIG_05_-_B3F_AVG1_ADC8192.csv",
    "processed": "C:\\Users\\julia\\OneDrive\\Desktop\\tesis\\mtestv2\\resultados\\processed\\proc_BLOQUE_16CFG_184_SinVacio_20260602_131802_CFG005_CONFIG_05_-_B3F_AVG1_ADC8192.csv",
    "plot": "C:\\Users\\julia\\OneDrive\\Desktop\\tesis\\mtestv2\\resultados\\figures\\plot_BLOQUE_16CFG_184_SinVacio_20260602_131802_CFG005_CONFIG_05_-_B3F_AVG1_ADC8192.png",
    "bpm_blocks_10s": "C:\\Users\\julia\\OneDrive\\Desktop\\tesis\\mtestv2\\resultados\\reports\\bpm_blocks_10s_BLOQUE_16CFG_184_SinVacio_20260602_131802_CFG005_CONFIG_05_-_B3F_AVG1_ADC8192.csv"
  },
  "manual_reference": {
    "pulso_previo": "79",
    "pulso_final_pulsio": "76",
    "pulso_final_fonendo": ""
  },
  "created": "2026-06-02T13:27:31.595747"
}