{
  "session_id": "SIN_CROTAL_20260608_201915",
  "id": "SIN_CROTAL",
  "base_name": "SIN_CROTAL_20260608_201915",
  "mode": "normal",
  "measurement_condition": "",
  "config_label": "manual",
  "reason": "DURACION_COMPLETADA_PYTHON",
  "requested_duration_s": 90.0,
  "samples": 6945,
  "metrics": {
    "n": 4731,
    "hz": 59.88695217271002,
    "duration_s": 78.982146,
    "bpm": 51.10371622104176,
    "bpm_peak": 50.628774711521196,
    "bpm_fft": 51.392159575238274,
    "bpm_autocorr": 51.51699882926719,
    "spo2": 99.93091067174927,
    "ratio_r": 0.3128105833112875,
    "resp_rate_rpm": 10.27762875571261,
    "resp_quality": 80.46821790463403,
    "resp_reason": "experimental: pico lento 10.3 resp/min; dominancia=1.19; banda=0.79; ciclos~13.0",
    "quality": 53.410140990887086,
    "quality_label": "dudosa",
    "artifact_ir_pct": 29.430190930787592,
    "artifact_red_pct": 11.28725428027901,
    "pi_ir_pct": 0.07088380152646705,
    "pi_red_pct": 0.02217320330281569,
    "ac_ir": 86.13171071176362,
    "dc_ir": 121511.13351278601,
    "ac_red": 23.026506055626236,
    "dc_red": 103848.35127860027,
    "saturation_pct": 0.0,
    "contact_label": "contacto débil / baja perfusión",
    "polarity": "normal",
    "reason": "cribado robusto descarta 29.4 % | cv_intervalos=0.05 | dominancia_fft=1.20 | autocorr=0.76 | estimadores coherentes spread=0.9 | BPM por debajo del umbral de calidad | estimada no calibrada",
    "peaks_count": 37
  },
  "temperature": {
    "temp_samples": 6945,
    "temp_c_last": 15.9,
    "temp_c_mean": 10.064413246940246,
    "temp_c_min": -1.09,
    "temp_c_max": 17.39,
    "temp_raw_last": 1680.0
  },
  "bpm_blocks_2s_orientative": [
    NaN,
    NaN,
    50.22782155138454,
    50.36584105635151,
    49.93694286875757,
    48.88081667286945,
    49.33303717176004,
    49.262755772878016,
    49.53545683998683,
    49.1873125629192,
    50.47689301172092,
    51.54916741380534,
    50.372743212774125,
    52.235957423003846,
    49.36113783988276,
    49.68793048478503,
    50.04011463775593,
    49.49080442056782,
    49.39159097899633,
    NaN,
    50.20322901802329,
    51.48131826522502,
    NaN,
    49.531445792344556,
    NaN,
    50.66526759027476,
    50.95434269812038,
    55.318886358597034,
    NaN,
    NaN,
    NaN,
    NaN,
    NaN,
    NaN,
    NaN,
    NaN,
    54.68348539714915,
    49.1790496326583,
    48.86036433661587,
    50.340112134321366,
    52.16293794423003,
    50.39337904777878,
    NaN,
    NaN
  ],
  "bpm_blocks_10s_mean": [
    51.52222100554701,
    50.17576532254765,
    51.355936152264825,
    50.41579382639672,
    51.30109693518847,
    57.66647470232033,
    NaN,
    NaN,
    52.50904915245309
  ],
  "sensor_config": {
    "red": 127,
    "ir": 127,
    "avg": 2,
    "rate": 400,
    "width": 411,
    "adc": 16384,
    "skip": 50,
    "debug": false
  },
  "analysis_config": {
    "bpm_min": 45,
    "bpm_max": 100,
    "peak_threshold_sd": 0.55,
    "detrend_seconds": 2.0,
    "smooth_seconds": 0.07,
    "ignore_initial_seconds": 3.0,
    "min_quality_to_accept": 60.0,
    "spo2_formula": "quad",
    "spo2_custom_a": 94.845,
    "spo2_custom_b": 30.354,
    "spo2_custom_c": -45.06
  },
  "config_confirmation": {
    "status": "confirmada",
    "command": "CONFIG RED=127 IR=127 AVG=2 RATE=400 WIDTH=411 ADC=16384 SKIP=50 DEBUG=0",
    "arduino_cfg_line": "CFG RED=127 IR=127 AVG=2 RATE=400 WIDTH=411 ADC=16384 SKIP=50 DEBUG=0"
  },
  "manual_reference": {
    "pulso_previo": "",
    "pulso_final_pulsio": "",
    "pulso_final_fonendo": ""
  },
  "files": {
    "raw": "C:\\Users\\julia\\OneDrive\\Desktop\\tesis\\mtestv2\\resultados\\raw\\raw_SIN_CROTAL_20260608_201915.csv",
    "processed": "C:\\Users\\julia\\OneDrive\\Desktop\\tesis\\mtestv2\\resultados\\processed\\proc_SIN_CROTAL_20260608_201915.csv",
    "plot": "C:\\Users\\julia\\OneDrive\\Desktop\\tesis\\mtestv2\\resultados\\figures\\plot_SIN_CROTAL_20260608_201915.png",
    "screenshot": "C:\\Users\\julia\\OneDrive\\Desktop\\tesis\\mtestv2\\resultados\\screenshots\\screen_SIN_CROTAL_20260608_201915.png",
    "config": "C:\\Users\\julia\\OneDrive\\Desktop\\tesis\\mtestv2\\resultados\\configs\\config_SIN_CROTAL_20260608_201915_20260608_201918.json",
    "bpm_blocks_10s": "C:\\Users\\julia\\OneDrive\\Desktop\\tesis\\mtestv2\\resultados\\reports\\bpm_blocks_10s_SIN_CROTAL_20260608_201915.csv"
  },
  "created": "2026-06-08T20:20:49.867571"
}