{
  "session_id": "BLOQUE_12CFG_marco_no_oveja_20260603_102305_CFG007_3M_07_-_RED119_IR95_AVG1_ADC16384",
  "id": "marco_no_oveja",
  "base_name": "BLOQUE_12CFG_marco_no_oveja_20260603_102305_CFG007_3M_07_-_RED119_IR95_AVG1_ADC16384",
  "mode": "experimento_3m",
  "measurement_condition": "Experimento 3M: optimizacion adaptativa con BPM manual, PPG y SpO2",
  "config_label": "3M 07 - RED119 IR95 AVG1 ADC16384",
  "config_description": "Experimento 3M: baja brillo y mantiene ADC amplio por saturacion; sube RED relativo a IR para mejorar SpO2; mantiene el AVG de la mejor candidata provisional",
  "reason": "BLOQUE_COMPLETADO",
  "requested_duration_s": 100.0,
  "samples": 3938,
  "metrics": {
    "n": 3898,
    "hz": 39.88220819998667,
    "duration_s": 97.71274400000004,
    "bpm": 79.04216744422177,
    "bpm_peak": 79.76441639997327,
    "bpm_fft": 81.0539104295341,
    "bpm_autocorr": 77.19137070965162,
    "spo2": 99.90647231968272,
    "ratio_r": 0.3033707967451256,
    "resp_rate_rpm": 6.14044775981319,
    "resp_quality": 82.32558840954108,
    "resp_reason": "experimental: pico lento 6.1 resp/min; dominancia=1.14; banda=0.85; ciclos~10.0",
    "quality": 80.47110177007886,
    "quality_label": "buena",
    "artifact_ir_pct": 0.0,
    "artifact_red_pct": 0.0,
    "pi_ir_pct": 0.09326579284766463,
    "pi_red_pct": 0.028294117885261857,
    "ac_ir": 63.510860498655184,
    "dc_ir": 68096.62852744997,
    "ac_red": 26.307609571824557,
    "dc_red": 92979.07670600308,
    "saturation_pct": 0.0,
    "contact_label": "contacto débil / baja perfusión",
    "polarity": "invertida",
    "reason": "cv_intervalos=0.10 | dominancia_fft=1.11 | autocorr=0.72 | estimadores coherentes spread=3.9 | estimada no calibrada",
    "peaks_count": 134
  },
  "temperature": {
    "temp_samples": 3938,
    "temp_c_last": 30.73,
    "temp_c_mean": 30.59696292534281,
    "temp_c_min": 27.9,
    "temp_c_max": 32.72,
    "temp_raw_last": 2269.0
  },
  "bpm_blocks_10s_mean": [
    76.79858866989554,
    74.3600295540085,
    75.09376238047463,
    76.92116706180896,
    79.85919395334487,
    81.60294500399289,
    82.17679877759863,
    81.02158403099195,
    80.37239444793511,
    75.52469403718142
  ],
  "sensor_config": {
    "red": 119,
    "ir": 95,
    "avg": 1,
    "rate": 100,
    "width": 411,
    "adc": 16384,
    "skip": 50,
    "debug": false
  },
  "analysis_config": {
    "bpm_min": 45,
    "bpm_max": 180,
    "peak_threshold_sd": 0.55,
    "detrend_seconds": 2.0,
    "smooth_seconds": 0.07,
    "ignore_initial_seconds": 1.0,
    "min_quality_to_accept": 45.0,
    "spo2_formula": "quad",
    "spo2_custom_a": 94.845,
    "spo2_custom_b": 30.354,
    "spo2_custom_c": -45.06
  },
  "files": {
    "raw": "C:\\Users\\julia\\OneDrive\\Desktop\\tesis\\mtestv2\\resultados\\raw\\raw_BLOQUE_12CFG_marco_no_oveja_20260603_102305_CFG007_3M_07_-_RED119_IR95_AVG1_ADC16384.csv",
    "processed": "C:\\Users\\julia\\OneDrive\\Desktop\\tesis\\mtestv2\\resultados\\processed\\proc_BLOQUE_12CFG_marco_no_oveja_20260603_102305_CFG007_3M_07_-_RED119_IR95_AVG1_ADC16384.csv",
    "plot": "C:\\Users\\julia\\OneDrive\\Desktop\\tesis\\mtestv2\\resultados\\figures\\plot_BLOQUE_12CFG_marco_no_oveja_20260603_102305_CFG007_3M_07_-_RED119_IR95_AVG1_ADC16384.png",
    "bpm_blocks_10s": "C:\\Users\\julia\\OneDrive\\Desktop\\tesis\\mtestv2\\resultados\\reports\\bpm_blocks_10s_BLOQUE_12CFG_marco_no_oveja_20260603_102305_CFG007_3M_07_-_RED119_IR95_AVG1_ADC16384.csv"
  },
  "manual_reference": {
    "pulso_previo": "75",
    "pulso_final_pulsio": "74",
    "pulso_final_fonendo": ""
  },
  "created": "2026-06-03T10:46:38.964819"
}