{
  "session_id": "BLOQUE_12CFG_584_20260609_143715_CFG001_CONFIG_01_-_B7F_AVG4_ADC16384",
  "id": "584",
  "base_name": "BLOQUE_12CFG_584_20260609_143715_CFG001_CONFIG_01_-_B7F_AVG4_ADC16384",
  "mode": "configurations",
  "measurement_condition": "TRUELEFT",
  "config_label": "CONFIG 01 - B7F_AVG4_ADC16384",
  "config_description": "Brillo bajo, sin promediado, rango ADC 8192",
  "reason": "BLOQUE_COMPLETADO",
  "requested_duration_s": 60.0,
  "samples": 2336,
  "metrics": {
    "n": 1623,
    "hz": 29.553102789736382,
    "duration_s": 54.88425399999999,
    "bpm": 177.88118015275106,
    "bpm_peak": 88.94059007637587,
    "bpm_fft": 55.166458351990336,
    "bpm_autocorr": 177.88118015275106,
    "spo2": 97.21355992672738,
    "ratio_r": 0.5835593463355192,
    "resp_rate_rpm": 11.027277160349396,
    "resp_quality": 82.82630768588359,
    "resp_reason": "experimental: pico lento 11.0 resp/min; dominancia=1.15; banda=0.86; ciclos~10.0",
    "quality": 0.0,
    "quality_label": "dudosa",
    "artifact_ir_pct": 28.058510638297875,
    "artifact_red_pct": 5.237215033887862,
    "pi_ir_pct": 0.1474349843020531,
    "pi_red_pct": 0.08603706306629365,
    "ac_ir": 74.23191332218398,
    "dc_ir": 50348.91391184573,
    "ac_red": 11.152439346867522,
    "dc_red": 12962.366391184572,
    "saturation_pct": 0.0,
    "contact_label": "contacto débil / baja perfusión",
    "polarity": "invertida",
    "reason": "primeros 1.0 s ignorados; cribado robusto descarta 28.1 % | cv_intervalos=0.39 | dominancia_fft=1.02 | autocorr=0.48 | estimadores discrepantes; se usa autocorr spread=122.7 | BPM por debajo del umbral de calidad | estimada no calibrada",
    "peaks_count": 51
  },
  "temperature": {
    "temp_samples": 2336,
    "temp_c_last": 34.72,
    "temp_c_mean": 34.89775256849315,
    "temp_c_min": 30.33,
    "temp_c_max": 36.9,
    "temp_raw_last": 2416.0
  },
  "bpm_blocks_10s_mean": [
    NaN,
    NaN,
    NaN,
    NaN,
    NaN,
    NaN
  ],
  "sensor_config": {
    "red": 63,
    "ir": 127,
    "avg": 4,
    "rate": 800,
    "width": 411,
    "adc": 16384,
    "skip": 50,
    "debug": false
  },
  "analysis_config": {
    "bpm_min": 45,
    "bpm_max": 180,
    "peak_threshold_sd": 0.55,
    "detrend_seconds": 2.0,
    "smooth_seconds": 0.07,
    "ignore_initial_seconds": 1.0,
    "min_quality_to_accept": 45.0,
    "spo2_formula": "quad",
    "spo2_custom_a": 94.845,
    "spo2_custom_b": 30.354,
    "spo2_custom_c": -45.06
  },
  "files": {
    "raw": "C:\\Users\\julia\\OneDrive\\Desktop\\tesis\\mtestv2\\resultados\\raw\\raw_BLOQUE_12CFG_584_20260609_143715_CFG001_CONFIG_01_-_B7F_AVG4_ADC16384.csv",
    "processed": "C:\\Users\\julia\\OneDrive\\Desktop\\tesis\\mtestv2\\resultados\\processed\\proc_BLOQUE_12CFG_584_20260609_143715_CFG001_CONFIG_01_-_B7F_AVG4_ADC16384.csv",
    "plot": "C:\\Users\\julia\\OneDrive\\Desktop\\tesis\\mtestv2\\resultados\\figures\\plot_BLOQUE_12CFG_584_20260609_143715_CFG001_CONFIG_01_-_B7F_AVG4_ADC16384.png",
    "bpm_blocks_10s": "C:\\Users\\julia\\OneDrive\\Desktop\\tesis\\mtestv2\\resultados\\reports\\bpm_blocks_10s_BLOQUE_12CFG_584_20260609_143715_CFG001_CONFIG_01_-_B7F_AVG4_ADC16384.csv"
  },
  "manual_reference": {
    "pulso_previo": "117",
    "pulso_final_pulsio": "111",
    "pulso_final_fonendo": ""
  },
  "created": "2026-06-09T14:50:55.563863"
}