{
  "session_id": "BLOQUE_12CFG_marco_no_oveja_20260603_102305_CFG006_3M_06_-_RED199_IR159_AVG1_ADC8192",
  "id": "marco_no_oveja",
  "base_name": "BLOQUE_12CFG_marco_no_oveja_20260603_102305_CFG006_3M_06_-_RED199_IR159_AVG1_ADC8192",
  "mode": "experimento_3m",
  "measurement_condition": "Experimento 3M: optimizacion adaptativa con BPM manual, PPG y SpO2",
  "config_label": "3M 06 - RED199 IR159 AVG1 ADC8192",
  "config_description": "Experimento 3M: sube IR porque el PI IR es bajo; sube RED relativo a IR para mejorar SpO2; mantiene el AVG de la mejor candidata provisional",
  "reason": "BLOQUE_COMPLETADO",
  "requested_duration_s": 100.0,
  "samples": 3938,
  "metrics": {
    "n": 3898,
    "hz": 39.880732764510796,
    "duration_s": 97.71635900000001,
    "bpm": 74.2248192950463,
    "bpm_peak": 74.77637393345798,
    "bpm_fft": 71.84058096147442,
    "bpm_autocorr": 74.77637393345775,
    "spo2": 94.84500000000405,
    "ratio_r": 1.3346457677211441e-13,
    "resp_rate_rpm": 9.21033089249672,
    "resp_quality": 72.81364015533829,
    "resp_reason": "experimental: pico lento 9.2 resp/min; dominancia=1.03; banda=0.60; ciclos~15.0",
    "quality": 54.0708755633878,
    "quality_label": "aceptable",
    "artifact_ir_pct": 0.0,
    "artifact_red_pct": 0.0,
    "pi_ir_pct": 0.08318516318391497,
    "pi_red_pct": 1.1102272598060487e-14,
    "ac_ir": 193.99090430326157,
    "dc_ir": 233203.7311441765,
    "ac_red": 2.9103830456733704e-11,
    "dc_red": 262143.0,
    "saturation_pct": 50.0,
    "contact_label": "contacto débil / baja perfusión",
    "polarity": "invertida",
    "reason": "cv_intervalos=0.10 | dominancia_fft=1.09 | autocorr=0.82 | estimadores coherentes spread=2.9 | estimada no calibrada",
    "peaks_count": 131
  },
  "temperature": {
    "temp_samples": 3938,
    "temp_c_last": 31.13,
    "temp_c_mean": 30.26905027932961,
    "temp_c_min": 27.62,
    "temp_c_max": 32.34,
    "temp_raw_last": 2284.0
  },
  "bpm_blocks_10s_mean": [
    78.30576704736099,
    76.50470286265352,
    74.23640820376764,
    76.0406142533786,
    72.45560077195874,
    71.63212919651896,
    76.97968712812643,
    76.66123702598664,
    75.18796470627528,
    76.42051968659841
  ],
  "sensor_config": {
    "red": 199,
    "ir": 159,
    "avg": 1,
    "rate": 100,
    "width": 411,
    "adc": 8192,
    "skip": 50,
    "debug": false
  },
  "analysis_config": {
    "bpm_min": 45,
    "bpm_max": 180,
    "peak_threshold_sd": 0.55,
    "detrend_seconds": 2.0,
    "smooth_seconds": 0.07,
    "ignore_initial_seconds": 1.0,
    "min_quality_to_accept": 45.0,
    "spo2_formula": "quad",
    "spo2_custom_a": 94.845,
    "spo2_custom_b": 30.354,
    "spo2_custom_c": -45.06
  },
  "files": {
    "raw": "C:\\Users\\julia\\OneDrive\\Desktop\\tesis\\mtestv2\\resultados\\raw\\raw_BLOQUE_12CFG_marco_no_oveja_20260603_102305_CFG006_3M_06_-_RED199_IR159_AVG1_ADC8192.csv",
    "processed": "C:\\Users\\julia\\OneDrive\\Desktop\\tesis\\mtestv2\\resultados\\processed\\proc_BLOQUE_12CFG_marco_no_oveja_20260603_102305_CFG006_3M_06_-_RED199_IR159_AVG1_ADC8192.csv",
    "plot": "C:\\Users\\julia\\OneDrive\\Desktop\\tesis\\mtestv2\\resultados\\figures\\plot_BLOQUE_12CFG_marco_no_oveja_20260603_102305_CFG006_3M_06_-_RED199_IR159_AVG1_ADC8192.png",
    "bpm_blocks_10s": "C:\\Users\\julia\\OneDrive\\Desktop\\tesis\\mtestv2\\resultados\\reports\\bpm_blocks_10s_BLOQUE_12CFG_marco_no_oveja_20260603_102305_CFG006_3M_06_-_RED199_IR159_AVG1_ADC8192.csv"
  },
  "manual_reference": {
    "pulso_previo": "80",
    "pulso_final_pulsio": "75",
    "pulso_final_fonendo": ""
  },
  "created": "2026-06-03T10:46:37.572906"
}