{
  "id": "SIN_CROTAL",
  "mode": "scheduled",
  "measurement_condition": "toma con tabla personalizada de configuraciones",
  "config_label": "CONFIG 16-B75_AVG4_ADC16384",
  "reason": "BLOQUE_COMPLETADO",
  "requested_duration_s": 480.0,
  "samples": 11741,
  "metrics": {
    "n": 11701,
    "hz": 24.72061145253445,
    "duration_s": 473.289264,
    "bpm": 178.1785610078829,
    "bpm_peak": 95.4528005399377,
    "bpm_fft": 46.52545847733406,
    "bpm_autocorr": 178.1785610078829,
    "spo2": 81.2829817406364,
    "ratio_r": 0.9805744879187079,
    "quality": 32.09763337516764,
    "quality_label": "dudosa",
    "artifact_ir_pct": 3.8971028117254933,
    "artifact_red_pct": 1.709255619177848,
    "pi_ir_pct": 5.895281853473495,
    "pi_red_pct": 5.780762984606224,
    "ac_ir": 3123.822622857464,
    "dc_ir": 52988.520320142285,
    "ac_red": 1742.5189721684608,
    "dc_red": 30143.408003557135,
    "saturation_pct": 81.37839039573144,
    "contact_label": "contacto útil",
    "polarity": "normal",
    "reason": "cv_intervalos=0.25 | dominancia_fft=1.02 | autocorr=0.77 | estimadores discrepantes; se usa autocorr spread=131.7 | BPM por debajo del umbral de calidad | estimada no calibrada",
    "peaks_count": 49
  },
  "temperature": {
    "temp_samples": 11741,
    "temp_c_last": 36.84,
    "temp_c_mean": 35.707727621156636,
    "temp_c_min": 30.23,
    "temp_c_max": 40.22,
    "temp_raw_last": 2491.0
  },
  "bpm_blocks_2s_orientative": [
    NaN,
    NaN,
    NaN,
    NaN,
    NaN,
    NaN,
    NaN,
    NaN,
    NaN,
    NaN,
    NaN,
    NaN,
    NaN,
    NaN,
    68.86440727328653,
    122.88897639052834,
    170.9313456709556,
    125.9377587509414,
    122.79230934619568,
    NaN,
    NaN,
    NaN,
    170.92045810699605,
    108.76839124819799,
    145.1575038980186,
    101.28983103906586,
    NaN,
    NaN,
    NaN,
    NaN,
    NaN,
    NaN,
    NaN,
    NaN,
    NaN,
    NaN,
    NaN,
    NaN,
    NaN,
    NaN,
    NaN,
    NaN,
    NaN,
    NaN,
    NaN,
    NaN,
    NaN,
    NaN,
    NaN,
    NaN,
    NaN,
    NaN,
    NaN,
    NaN,
    NaN,
    NaN,
    NaN,
    NaN,
    NaN,
    NaN,
    NaN,
    NaN,
    NaN,
    NaN,
    NaN,
    NaN,
    NaN,
    NaN,
    NaN,
    NaN,
    NaN,
    NaN,
    NaN,
    NaN,
    NaN,
    NaN,
    NaN,
    NaN,
    NaN,
    75.57351953133964,
    NaN,
    NaN,
    NaN,
    NaN,
    NaN,
    NaN,
    NaN,
    NaN,
    NaN,
    NaN,
    NaN,
    NaN,
    NaN,
    NaN,
    NaN,
    NaN,
    NaN,
    NaN,
    NaN,
    NaN,
    NaN,
    NaN,
    NaN,
    NaN,
    NaN,
    NaN,
    NaN,
    NaN,
    NaN,
    NaN,
    NaN,
    NaN,
    NaN,
    NaN,
    NaN,
    NaN,
    NaN,
    NaN,
    NaN,
    NaN,
    NaN,
    NaN,
    NaN,
    NaN,
    NaN,
    NaN,
    NaN,
    NaN,
    NaN,
    NaN,
    NaN,
    NaN,
    NaN,
    NaN,
    NaN,
    NaN,
    NaN,
    NaN,
    NaN,
    NaN,
    NaN,
    NaN,
    NaN,
    NaN,
    NaN,
    NaN,
    NaN,
    NaN,
    NaN,
    NaN,
    NaN,
    NaN,
    NaN,
    NaN,
    NaN,
    NaN,
    NaN,
    NaN,
    NaN,
    NaN,
    NaN,
    NaN,
    NaN,
    NaN,
    NaN,
    NaN,
    NaN,
    NaN,
    NaN,
    NaN,
    NaN,
    NaN,
    NaN,
    NaN,
    NaN,
    NaN,
    NaN,
    NaN,
    NaN,
    NaN,
    NaN,
    NaN,
    NaN,
    170.92612240974617,
    170.9179816250468,
    NaN,
    NaN,
    NaN,
    NaN,
    NaN,
    NaN,
    NaN,
    NaN,
    NaN,
    NaN,
    NaN,
    NaN,
    NaN,
    NaN,
    NaN,
    NaN,
    NaN,
    NaN,
    NaN,
    NaN,
    NaN,
    NaN,
    NaN,
    NaN,
    NaN,
    NaN,
    NaN,
    NaN,
    NaN,
    NaN,
    NaN,
    NaN,
    NaN,
    NaN,
    NaN,
    NaN,
    NaN,
    NaN,
    NaN,
    NaN,
    NaN,
    NaN,
    NaN,
    NaN,
    NaN,
    NaN,
    NaN,
    NaN,
    NaN,
    NaN,
    NaN,
    NaN,
    NaN
  ],
  "bpm_blocks_10s_mean": [
    NaN,
    NaN,
    NaN,
    125.99258998957414,
    149.60643233816452,
    NaN,
    NaN,
    NaN,
    NaN,
    NaN,
    NaN,
    NaN,
    NaN,
    NaN,
    NaN,
    NaN,
    NaN,
    NaN,
    NaN,
    NaN,
    NaN,
    NaN,
    NaN,
    NaN,
    NaN,
    NaN,
    NaN,
    NaN,
    NaN,
    NaN,
    NaN,
    NaN,
    NaN,
    NaN,
    NaN,
    NaN,
    NaN,
    NaN,
    NaN,
    NaN,
    NaN,
    NaN,
    NaN,
    NaN,
    NaN,
    NaN,
    NaN,
    NaN
  ],
  "sensor_config": {
    "red": 95,
    "ir": 95,
    "avg": 4,
    "rate": 100,
    "width": 411,
    "adc": 16384,
    "skip": 50,
    "debug": false
  },
  "analysis_config": {
    "bpm_min": 45,
    "bpm_max": 180,
    "peak_threshold_sd": 0.55,
    "detrend_seconds": 2.0,
    "smooth_seconds": 0.07,
    "ignore_initial_seconds": 1.0,
    "min_quality_to_accept": 45.0,
    "spo2_formula": "quad",
    "spo2_custom_a": 94.845,
    "spo2_custom_b": 30.354,
    "spo2_custom_c": -45.06
  },
  "config_confirmation": {
    "status": "confirmada",
    "command": "CONFIG RED=95 IR=95 AVG=4 RATE=100 WIDTH=411 ADC=16384 SKIP=50 DEBUG=0",
    "arduino_cfg_line": "CFG RED=95 IR=95 AVG=4 RATE=100 WIDTH=411 ADC=16384 SKIP=50 DEBUG=0"
  },
  "files": {
    "raw": "C:\\Users\\julia\\OneDrive\\Desktop\\tesis\\mtestv2\\resultados\\raw\\raw_BLOQUE_16CFG_SIN_CROTAL_20260601_133003.csv",
    "processed": "C:\\Users\\julia\\OneDrive\\Desktop\\tesis\\mtestv2\\resultados\\processed\\proc_BLOQUE_16CFG_SIN_CROTAL_20260601_133003.csv",
    "plot": "C:\\Users\\julia\\OneDrive\\Desktop\\tesis\\mtestv2\\resultados\\figures\\plot_BLOQUE_16CFG_SIN_CROTAL_20260601_133003.png",
    "screenshot": "C:\\Users\\julia\\OneDrive\\Desktop\\tesis\\mtestv2\\resultados\\screenshots\\screen_BLOQUE_16CFG_SIN_CROTAL_20260601_133003.png",
    "config": "C:\\Users\\julia\\OneDrive\\Desktop\\tesis\\mtestv2\\resultados\\configs\\sensor_config_20260601_133733.json",
    "bpm_blocks_10s": "C:\\Users\\julia\\OneDrive\\Desktop\\tesis\\mtestv2\\resultados\\reports\\bpm_blocks_10s_BLOQUE_16CFG_SIN_CROTAL_20260601_133003.csv"
  },
  "created": "2026-06-01T13:38:07.997613"
}