{
  "session_id": "BLOQUE_7CFG_SIN_CROTAL_20260609_121629_CFG001_CONFIG_01_-_B7F_AVG4_ADC16384",
  "id": "SIN_CROTAL",
  "base_name": "BLOQUE_7CFG_SIN_CROTAL_20260609_121629_CFG001_CONFIG_01_-_B7F_AVG4_ADC16384",
  "mode": "configurations",
  "measurement_condition": "toma con tabla personalizada de configuraciones",
  "config_label": "CONFIG 01 - B7F_AVG4_ADC16384",
  "config_description": "Brillo bajo, sin promediado, rango ADC 8192",
  "reason": "STOP_BLOQUE_MANUAL",
  "requested_duration_s": 321.42857142857144,
  "samples": 4636,
  "metrics": {
    "n": 2654,
    "hz": 35.15102699031793,
    "duration_s": 75.474324,
    "bpm": 67.70452648328164,
    "bpm_peak": 69.72605850565081,
    "bpm_fft": 65.01077109591623,
    "bpm_autocorr": 67.23584213044907,
    "spo2": 99.58476730660495,
    "ratio_r": 0.4276920397703211,
    "resp_rate_rpm": 9.028517206417275,
    "resp_quality": 84.7780124921464,
    "resp_reason": "experimental: pico lento 9.0 resp/min; dominancia=1.21; banda=0.91; ciclos~10.0",
    "quality": 17.395521350925748,
    "quality_label": "dudosa",
    "artifact_ir_pct": 41.74714661984197,
    "artifact_red_pct": 13.752825923134889,
    "pi_ir_pct": 0.06483105940585354,
    "pi_red_pct": 0.027727728037760364,
    "ac_ir": 55.87192166631155,
    "dc_ir": 86180.79386385427,
    "ac_red": 13.045280475569978,
    "dc_red": 47047.77996164909,
    "saturation_pct": 0.0,
    "contact_label": "contacto débil / baja perfusión",
    "polarity": "invertida",
    "reason": "primeros 1.0 s ignorados; cribado robusto descarta 41.7 % | cv_intervalos=0.22 | dominancia_fft=1.24 | autocorr=0.12 | estimadores coherentes spread=4.7 | BPM por debajo del umbral de calidad | estimada no calibrada",
    "peaks_count": 66
  },
  "temperature": {
    "temp_samples": 4636,
    "temp_c_last": 30.86,
    "temp_c_mean": 30.953401639344268,
    "temp_c_min": 29.49,
    "temp_c_max": 32.42,
    "temp_raw_last": 2274.0
  },
  "bpm_blocks_10s_mean": [
    NaN,
    NaN,
    NaN,
    NaN,
    NaN,
    NaN,
    69.97658164831428,
    NaN,
    NaN,
    64.40056922248705,
    NaN,
    NaN
  ],
  "sensor_config": {
    "red": 63,
    "ir": 127,
    "avg": 4,
    "rate": 800,
    "width": 411,
    "adc": 16384,
    "skip": 50,
    "debug": false
  },
  "analysis_config": {
    "bpm_min": 45,
    "bpm_max": 180,
    "peak_threshold_sd": 0.55,
    "detrend_seconds": 2.0,
    "smooth_seconds": 0.07,
    "ignore_initial_seconds": 1.0,
    "min_quality_to_accept": 45.0,
    "spo2_formula": "quad",
    "spo2_custom_a": 94.845,
    "spo2_custom_b": 30.354,
    "spo2_custom_c": -45.06
  },
  "files": {
    "raw": "C:\\Users\\julia\\OneDrive\\Desktop\\tesis\\mtestv2\\resultados\\raw\\raw_BLOQUE_7CFG_SIN_CROTAL_20260609_121629_CFG001_CONFIG_01_-_B7F_AVG4_ADC16384.csv",
    "processed": "C:\\Users\\julia\\OneDrive\\Desktop\\tesis\\mtestv2\\resultados\\processed\\proc_BLOQUE_7CFG_SIN_CROTAL_20260609_121629_CFG001_CONFIG_01_-_B7F_AVG4_ADC16384.csv",
    "plot": "C:\\Users\\julia\\OneDrive\\Desktop\\tesis\\mtestv2\\resultados\\figures\\plot_BLOQUE_7CFG_SIN_CROTAL_20260609_121629_CFG001_CONFIG_01_-_B7F_AVG4_ADC16384.png",
    "bpm_blocks_10s": "C:\\Users\\julia\\OneDrive\\Desktop\\tesis\\mtestv2\\resultados\\reports\\bpm_blocks_10s_BLOQUE_7CFG_SIN_CROTAL_20260609_121629_CFG001_CONFIG_01_-_B7F_AVG4_ADC16384.csv"
  },
  "manual_reference": {
    "pulso_previo": "70",
    "pulso_final_pulsio": "",
    "pulso_final_fonendo": ""
  },
  "created": "2026-06-09T12:18:29.852918"
}