{
  "session_id": "BLOQUE_16CFG_386_20260610_132433_CFG005_CONFIG_02_-_B5F_AVG4_ADC16384",
  "id": "386",
  "base_name": "BLOQUE_16CFG_386_20260610_132433_CFG005_CONFIG_02_-_B5F_AVG4_ADC16384",
  "mode": "configurations",
  "measurement_condition": "RIGHT",
  "config_label": "CONFIG 02 - B5F_AVG4_ADC16384",
  "config_description": "Brillo medio, sin promediado, rango ADC 8192",
  "reason": "BLOQUE_COMPLETADO",
  "requested_duration_s": 30.0,
  "samples": 1142,
  "metrics": {
    "n": 1055,
    "hz": 39.50142012102656,
    "duration_s": 26.68258499999996,
    "bpm": 113.5502300657783,
    "bpm_peak": 107.01566379174099,
    "bpm_fft": 114.68154228685133,
    "bpm_autocorr": 117.71723017091502,
    "spo2": 97.61145174945739,
    "ratio_r": 0.5649649721965966,
    "resp_rate_rpm": 6.745973075697136,
    "resp_quality": 54.116137057438685,
    "resp_reason": "experimental: pico lento 6.7 resp/min; dominancia=1.82; banda=0.74; ciclos~3.0",
    "quality": 57.94979380689205,
    "quality_label": "aceptable",
    "artifact_ir_pct": 0.6591337099811676,
    "artifact_red_pct": 0.6635071090047393,
    "pi_ir_pct": 0.042553509919196604,
    "pi_red_pct": 0.02404124254836651,
    "ac_ir": 18.229408378352456,
    "dc_ir": 42838.7891221374,
    "ac_red": 3.2953198108367747,
    "dc_red": 13706.94465648855,
    "saturation_pct": 0.0,
    "contact_label": "contacto débil / baja perfusión",
    "polarity": "invertida",
    "reason": "primeros 1.0 s ignorados; cribado robusto descarta 0.7 % | cv_intervalos=0.27 | dominancia_fft=1.18 | autocorr=0.63 | estimadores coherentes spread=10.7 | estimada no calibrada",
    "peaks_count": 34
  },
  "temperature": {
    "temp_samples": 1142,
    "temp_c_last": 27.0,
    "temp_c_mean": 27.478292469352013,
    "temp_c_min": 25.72,
    "temp_c_max": 29.65,
    "temp_raw_last": 2126.0
  },
  "bpm_blocks_10s_mean": [
    NaN,
    NaN,
    NaN
  ],
  "sensor_config": {
    "red": 95,
    "ir": 95,
    "avg": 4,
    "rate": 800,
    "width": 411,
    "adc": 16384,
    "skip": 50,
    "debug": false
  },
  "analysis_config": {
    "bpm_min": 45,
    "bpm_max": 180,
    "peak_threshold_sd": 0.55,
    "detrend_seconds": 2.0,
    "smooth_seconds": 0.07,
    "ignore_initial_seconds": 1.0,
    "min_quality_to_accept": 45.0,
    "spo2_formula": "quad",
    "spo2_custom_a": 94.845,
    "spo2_custom_b": 30.354,
    "spo2_custom_c": -45.06
  },
  "files": {
    "raw": "C:\\Users\\julia\\OneDrive\\Desktop\\tesis\\mtestv2\\resultados\\raw\\raw_BLOQUE_16CFG_386_20260610_132433_CFG005_CONFIG_02_-_B5F_AVG4_ADC16384.csv",
    "processed": "C:\\Users\\julia\\OneDrive\\Desktop\\tesis\\mtestv2\\resultados\\processed\\proc_BLOQUE_16CFG_386_20260610_132433_CFG005_CONFIG_02_-_B5F_AVG4_ADC16384.csv",
    "plot": "C:\\Users\\julia\\OneDrive\\Desktop\\tesis\\mtestv2\\resultados\\figures\\plot_BLOQUE_16CFG_386_20260610_132433_CFG005_CONFIG_02_-_B5F_AVG4_ADC16384.png",
    "bpm_blocks_10s": "C:\\Users\\julia\\OneDrive\\Desktop\\tesis\\mtestv2\\resultados\\reports\\bpm_blocks_10s_BLOQUE_16CFG_386_20260610_132433_CFG005_CONFIG_02_-_B5F_AVG4_ADC16384.csv"
  },
  "manual_reference": {
    "pulso_previo": "101",
    "pulso_final_pulsio": "110",
    "pulso_final_fonendo": ""
  },
  "created": "2026-06-10T13:39:05.476460"
}