{
  "session_id": "BLOQUE_12CFG_184_20260603_124425_CFG006_3M_06_-_RED199_IR159_AVG4_ADC16384",
  "id": "184",
  "base_name": "BLOQUE_12CFG_184_20260603_124425_CFG006_3M_06_-_RED199_IR159_AVG4_ADC16384",
  "mode": "experimento_3m",
  "measurement_condition": "Experimento 3M: optimizacion adaptativa con BPM manual, PPG y SpO2",
  "config_label": "3M 06 - RED199 IR159 AVG4 ADC16384",
  "config_description": "Experimento 3M: sube IR porque el PI IR es bajo; sube RED relativo a IR para mejorar SpO2",
  "reason": "BLOQUE_COMPLETADO",
  "requested_duration_s": 50.0,
  "samples": 448,
  "metrics": {
    "n": 438,
    "hz": 9.973384073286162,
    "duration_s": 43.816621999999995,
    "bpm": 171.42857142857142,
    "bpm_peak": 149.99999999999994,
    "bpm_fft": 47.54716981132075,
    "bpm_autocorr": 171.42857142857142,
    "spo2": 98.86079533440531,
    "ratio_r": 0.18085279959974443,
    "resp_rate_rpm": 6.7924528301886795,
    "resp_quality": 56.134306625254126,
    "resp_reason": "experimental: pico lento 6.8 resp/min; dominancia=1.07; banda=0.94; ciclos~3.0",
    "quality": 18.872855159683482,
    "quality_label": "dudosa",
    "artifact_ir_pct": 39.49771689497717,
    "artifact_red_pct": 39.49771689497717,
    "pi_ir_pct": 0.08594141303052974,
    "pi_red_pct": 0.015542745148129259,
    "ac_ir": 50.337559037231216,
    "dc_ir": 58571.94716981132,
    "ac_red": 4.749098683421962,
    "dc_red": 30555.083018867925,
    "saturation_pct": 0.0,
    "contact_label": "contacto débil / baja perfusión",
    "polarity": "normal",
    "reason": "cv_intervalos=0.36 | dominancia_fft=1.20 | autocorr=0.81 | estimadores discrepantes; se usa autocorr spread=123.9 | BPM por debajo del umbral de calidad | estimada no calibrada",
    "peaks_count": 12
  },
  "temperature": {
    "temp_samples": 448,
    "temp_c_last": 30.94,
    "temp_c_mean": 31.74638392857143,
    "temp_c_min": 28.73,
    "temp_c_max": 34.39,
    "temp_raw_last": 2277.0
  },
  "bpm_blocks_10s_mean": [
    NaN,
    NaN,
    NaN,
    NaN,
    NaN
  ],
  "sensor_config": {
    "red": 199,
    "ir": 159,
    "avg": 4,
    "rate": 100,
    "width": 411,
    "adc": 16384,
    "skip": 50,
    "debug": false
  },
  "analysis_config": {
    "bpm_min": 45,
    "bpm_max": 180,
    "peak_threshold_sd": 0.55,
    "detrend_seconds": 2.0,
    "smooth_seconds": 0.07,
    "ignore_initial_seconds": 1.0,
    "min_quality_to_accept": 45.0,
    "spo2_formula": "quad",
    "spo2_custom_a": 94.845,
    "spo2_custom_b": 30.354,
    "spo2_custom_c": -45.06
  },
  "files": {
    "raw": "C:\\Users\\julia\\OneDrive\\Desktop\\tesis\\mtestv2\\resultados\\raw\\raw_BLOQUE_12CFG_184_20260603_124425_CFG006_3M_06_-_RED199_IR159_AVG4_ADC16384.csv",
    "processed": "C:\\Users\\julia\\OneDrive\\Desktop\\tesis\\mtestv2\\resultados\\processed\\proc_BLOQUE_12CFG_184_20260603_124425_CFG006_3M_06_-_RED199_IR159_AVG4_ADC16384.csv",
    "plot": "C:\\Users\\julia\\OneDrive\\Desktop\\tesis\\mtestv2\\resultados\\figures\\plot_BLOQUE_12CFG_184_20260603_124425_CFG006_3M_06_-_RED199_IR159_AVG4_ADC16384.png",
    "bpm_blocks_10s": "C:\\Users\\julia\\OneDrive\\Desktop\\tesis\\mtestv2\\resultados\\reports\\bpm_blocks_10s_BLOQUE_12CFG_184_20260603_124425_CFG006_3M_06_-_RED199_IR159_AVG4_ADC16384.csv"
  },
  "manual_reference": {
    "pulso_previo": "62",
    "pulso_final_pulsio": "68",
    "pulso_final_fonendo": ""
  },
  "created": "2026-06-03T12:57:03.626967"
}