{
  "session_id": "BLOQUE_7CFG_SIN_CROTAL_20260609_121839_CFG007_CONFIG_07_-_B1_3F_AVG4_ADC16384",
  "id": "SIN_CROTAL",
  "base_name": "BLOQUE_7CFG_SIN_CROTAL_20260609_121839_CFG007_CONFIG_07_-_B1_3F_AVG4_ADC16384",
  "mode": "configurations",
  "measurement_condition": "toma con tabla personalizada de configuraciones",
  "config_label": "CONFIG 07 - B1/3F_AVG4_ADC16384",
  "config_description": "Brillo medio, promediado x4, rango ADC 8192",
  "reason": "BLOQUE_COMPLETADO",
  "requested_duration_s": 30.0,
  "samples": 1142,
  "metrics": {
    "n": 1016,
    "hz": 38.04122972191636,
    "duration_s": 26.681577000000004,
    "bpm": 64.32165567110779,
    "bpm_peak": 64.32165567110779,
    "bpm_fft": 65.14553506377929,
    "bpm_autocorr": 179.5246210521964,
    "spo2": 99.26242469057867,
    "ratio_r": 0.46096184398438295,
    "resp_rate_rpm": 6.7462279309802415,
    "resp_quality": 53.74412059349534,
    "resp_reason": "experimental: pico lento 6.7 resp/min; dominancia=1.46; banda=0.80; ciclos~3.0",
    "quality": 31.587021158857382,
    "quality_label": "dudosa",
    "artifact_ir_pct": 4.3314500941619585,
    "artifact_red_pct": 5.610236220472441,
    "pi_ir_pct": 0.282878541151974,
    "pi_red_pct": 0.13039621395302606,
    "ac_ir": 58.8207874884645,
    "dc_ir": 20793.654848800834,
    "ac_red": 63.186491790324084,
    "dc_red": 48457.3055265902,
    "saturation_pct": 0.0,
    "contact_label": "contacto útil",
    "polarity": "normal",
    "reason": "primeros 1.0 s ignorados; cribado robusto descarta 4.3 % | cv_intervalos=0.13 | dominancia_fft=1.19 | autocorr=0.70 | estimadores discrepantes; se usa picos spread=115.2 | BPM por debajo del umbral de calidad | estimada no calibrada",
    "peaks_count": 19
  },
  "temperature": {
    "temp_samples": 1142,
    "temp_c_last": 31.8,
    "temp_c_mean": 31.563809106830124,
    "temp_c_min": 30.44,
    "temp_c_max": 33.13,
    "temp_raw_last": 2309.0
  },
  "bpm_blocks_10s_mean": [
    NaN,
    NaN,
    NaN
  ],
  "sensor_config": {
    "red": 63,
    "ir": 31,
    "avg": 4,
    "rate": 800,
    "width": 411,
    "adc": 16384,
    "skip": 50,
    "debug": false
  },
  "analysis_config": {
    "bpm_min": 45,
    "bpm_max": 180,
    "peak_threshold_sd": 0.55,
    "detrend_seconds": 2.0,
    "smooth_seconds": 0.07,
    "ignore_initial_seconds": 1.0,
    "min_quality_to_accept": 45.0,
    "spo2_formula": "quad",
    "spo2_custom_a": 94.845,
    "spo2_custom_b": 30.354,
    "spo2_custom_c": -45.06
  },
  "files": {
    "raw": "C:\\Users\\julia\\OneDrive\\Desktop\\tesis\\mtestv2\\resultados\\raw\\raw_BLOQUE_7CFG_SIN_CROTAL_20260609_121839_CFG007_CONFIG_07_-_B1_3F_AVG4_ADC16384.csv",
    "processed": "C:\\Users\\julia\\OneDrive\\Desktop\\tesis\\mtestv2\\resultados\\processed\\proc_BLOQUE_7CFG_SIN_CROTAL_20260609_121839_CFG007_CONFIG_07_-_B1_3F_AVG4_ADC16384.csv",
    "plot": "C:\\Users\\julia\\OneDrive\\Desktop\\tesis\\mtestv2\\resultados\\figures\\plot_BLOQUE_7CFG_SIN_CROTAL_20260609_121839_CFG007_CONFIG_07_-_B1_3F_AVG4_ADC16384.png",
    "bpm_blocks_10s": "C:\\Users\\julia\\OneDrive\\Desktop\\tesis\\mtestv2\\resultados\\reports\\bpm_blocks_10s_BLOQUE_7CFG_SIN_CROTAL_20260609_121839_CFG007_CONFIG_07_-_B1_3F_AVG4_ADC16384.csv"
  },
  "manual_reference": {
    "pulso_previo": "60",
    "pulso_final_pulsio": "62",
    "pulso_final_fonendo": ""
  },
  "created": "2026-06-09T12:22:56.320538"
}