{
  "session_id": "BLOQUE_12CFG_184_20260609_133934_CFG004_CONFIG_01_-_B7F_AVG4_ADC16384",
  "id": "184",
  "base_name": "BLOQUE_12CFG_184_20260609_133934_CFG004_CONFIG_01_-_B7F_AVG4_ADC16384",
  "mode": "configurations",
  "measurement_condition": "RIGHT",
  "config_label": "CONFIG 01 - B7F_AVG4_ADC16384",
  "config_description": "Brillo bajo, promediado x4, rango ADC 16384",
  "reason": "BLOQUE_COMPLETADO",
  "requested_duration_s": 60.0,
  "samples": 2335,
  "metrics": {
    "n": 2204,
    "hz": 38.994037381564006,
    "duration_s": 56.49581700000002,
    "bpm": 104.07850195351628,
    "bpm_peak": 82.49662600178509,
    "bpm_fft": 104.07850195351628,
    "bpm_autocorr": 177.68504061922914,
    "spo2": 77.01448319782835,
    "ratio_r": 1.0503665787125185,
    "resp_rate_rpm": 9.558229771241292,
    "resp_quality": 83.28410329998592,
    "resp_reason": "experimental: pico lento 9.6 resp/min; dominancia=1.11; banda=0.88; ciclos~9.0",
    "quality": 14.315580817225324,
    "quality_label": "dudosa",
    "artifact_ir_pct": 2.261640798226164,
    "artifact_red_pct": 0.9528130671506352,
    "pi_ir_pct": 0.029263495443655578,
    "pi_red_pct": 0.030737397590321885,
    "ac_ir": 13.220142732766757,
    "dc_ir": 45176.22564338235,
    "ac_red": 3.311273593143107,
    "dc_red": 10772.784466911764,
    "saturation_pct": 0.0,
    "contact_label": "contacto débil / baja perfusión",
    "polarity": "normal",
    "reason": "primeros 1.0 s ignorados; cribado robusto descarta 2.3 % | cv_intervalos=0.36 | dominancia_fft=1.08 | autocorr=0.33 | estimadores discrepantes; se usa FFT spread=95.2 | BPM por debajo del umbral de calidad | estimada no calibrada",
    "peaks_count": 58
  },
  "temperature": {
    "temp_samples": 2335,
    "temp_c_last": 34.45,
    "temp_c_mean": 34.55854389721628,
    "temp_c_min": 32.01,
    "temp_c_max": 36.39,
    "temp_raw_last": 2406.0
  },
  "bpm_blocks_10s_mean": [
    NaN,
    NaN,
    NaN,
    NaN,
    NaN,
    NaN
  ],
  "sensor_config": {
    "red": 63,
    "ir": 127,
    "avg": 4,
    "rate": 800,
    "width": 411,
    "adc": 16384,
    "skip": 50,
    "debug": false
  },
  "analysis_config": {
    "bpm_min": 45,
    "bpm_max": 180,
    "peak_threshold_sd": 0.55,
    "detrend_seconds": 2.0,
    "smooth_seconds": 0.07,
    "ignore_initial_seconds": 1.0,
    "min_quality_to_accept": 45.0,
    "spo2_formula": "quad",
    "spo2_custom_a": 94.845,
    "spo2_custom_b": 30.354,
    "spo2_custom_c": -45.06
  },
  "files": {
    "raw": "C:\\Users\\julia\\OneDrive\\Desktop\\tesis\\mtestv2\\resultados\\raw\\raw_BLOQUE_12CFG_184_20260609_133934_CFG004_CONFIG_01_-_B7F_AVG4_ADC16384.csv",
    "processed": "C:\\Users\\julia\\OneDrive\\Desktop\\tesis\\mtestv2\\resultados\\processed\\proc_BLOQUE_12CFG_184_20260609_133934_CFG004_CONFIG_01_-_B7F_AVG4_ADC16384.csv",
    "plot": "C:\\Users\\julia\\OneDrive\\Desktop\\tesis\\mtestv2\\resultados\\figures\\plot_BLOQUE_12CFG_184_20260609_133934_CFG004_CONFIG_01_-_B7F_AVG4_ADC16384.png",
    "bpm_blocks_10s": "C:\\Users\\julia\\OneDrive\\Desktop\\tesis\\mtestv2\\resultados\\reports\\bpm_blocks_10s_BLOQUE_12CFG_184_20260609_133934_CFG004_CONFIG_01_-_B7F_AVG4_ADC16384.csv"
  },
  "manual_reference": {
    "pulso_previo": "67",
    "pulso_final_pulsio": "77",
    "pulso_final_fonendo": ""
  },
  "created": "2026-06-09T13:52:34.602352"
}