{
  "session_id": "BLOQUE_12CFG_SIN_CROTAL_20260602_112056_CFG001_CONFIG_01_-_B1F_AVG1_ADC8192",
  "id": "SIN_CROTAL",
  "base_name": "BLOQUE_12CFG_SIN_CROTAL_20260602_112056_CFG001_CONFIG_01_-_B1F_AVG1_ADC8192",
  "mode": "configurations",
  "measurement_condition": "toma con tabla personalizada de configuraciones",
  "config_label": "CONFIG 01 - B1F_AVG1_ADC8192",
  "config_description": "Brillo bajo, sin promediado, rango ADC 8192",
  "reason": "STOP_BLOQUE_MANUAL",
  "requested_duration_s": 100.0,
  "samples": 3938,
  "metrics": {
    "n": 3898,
    "hz": 39.89043672381778,
    "duration_s": 97.692588,
    "bpm": 64.18059102898458,
    "bpm_peak": 64.68719468727261,
    "bpm_fft": 62.64548954317803,
    "bpm_autocorr": 64.68719468727208,
    "spo2": 99.87058544671218,
    "ratio_r": 0.38057956060796644,
    "quality": 41.9205089442348,
    "quality_label": "dudosa",
    "artifact_ir_pct": 0.0,
    "artifact_red_pct": 0.0,
    "pi_ir_pct": 0.10814948601619093,
    "pi_red_pct": 0.041159483868019354,
    "ac_ir": 46.18819088925761,
    "dc_ir": 42707.73037455105,
    "ac_red": 19.661295082864427,
    "dc_red": 47768.56567470498,
    "saturation_pct": 100.0,
    "contact_label": "contacto débil / baja perfusión",
    "polarity": "normal",
    "reason": "cv_intervalos=0.17 | dominancia_fft=1.18 | autocorr=0.53 | estimadores coherentes spread=2.0 | BPM por debajo del umbral de calidad | estimada no calibrada",
    "peaks_count": 112
  },
  "temperature": {
    "temp_samples": 3938,
    "temp_c_last": 31.48,
    "temp_c_mean": 31.531371254443883,
    "temp_c_min": 29.91,
    "temp_c_max": 33.56,
    "temp_raw_last": 2297.0
  },
  "bpm_blocks_10s_mean": [
    NaN,
    NaN,
    66.84535376305571,
    63.289212011679425,
    63.16519564550227,
    63.19546151461278,
    66.89099525880982,
    NaN,
    NaN,
    65.85600963337923
  ],
  "sensor_config": {
    "red": 31,
    "ir": 31,
    "avg": 1,
    "rate": 100,
    "width": 411,
    "adc": 8192,
    "skip": 50,
    "debug": false
  },
  "analysis_config": {
    "bpm_min": 45,
    "bpm_max": 180,
    "peak_threshold_sd": 0.55,
    "detrend_seconds": 2.0,
    "smooth_seconds": 0.07,
    "ignore_initial_seconds": 1.0,
    "min_quality_to_accept": 45.0,
    "spo2_formula": "quad",
    "spo2_custom_a": 94.845,
    "spo2_custom_b": 30.354,
    "spo2_custom_c": -45.06
  },
  "files": {
    "raw": "C:\\Users\\julia\\OneDrive\\Desktop\\tesis\\mtestv2\\resultados\\raw\\raw_BLOQUE_12CFG_SIN_CROTAL_20260602_112056_CFG001_CONFIG_01_-_B1F_AVG1_ADC8192.csv",
    "processed": "C:\\Users\\julia\\OneDrive\\Desktop\\tesis\\mtestv2\\resultados\\processed\\proc_BLOQUE_12CFG_SIN_CROTAL_20260602_112056_CFG001_CONFIG_01_-_B1F_AVG1_ADC8192.csv",
    "plot": "C:\\Users\\julia\\OneDrive\\Desktop\\tesis\\mtestv2\\resultados\\figures\\plot_BLOQUE_12CFG_SIN_CROTAL_20260602_112056_CFG001_CONFIG_01_-_B1F_AVG1_ADC8192.png",
    "bpm_blocks_10s": "C:\\Users\\julia\\OneDrive\\Desktop\\tesis\\mtestv2\\resultados\\reports\\bpm_blocks_10s_BLOQUE_12CFG_SIN_CROTAL_20260602_112056_CFG001_CONFIG_01_-_B1F_AVG1_ADC8192.csv"
  },
  "created": "2026-06-02T11:22:45.380793"
}