{
  "session_id": "BLOQUE_12CFG_584_20260609_143715_CFG009_CONFIG_03_-_B3F_AVG4_ADC16384",
  "id": "584",
  "base_name": "BLOQUE_12CFG_584_20260609_143715_CFG009_CONFIG_03_-_B3F_AVG4_ADC16384",
  "mode": "configurations",
  "measurement_condition": "TRUELEFT",
  "config_label": "CONFIG 03 - B3F_AVG4_ADC16384",
  "config_description": "Brillo alto, sin promediado, rango ADC 8192",
  "reason": "BLOQUE_COMPLETADO",
  "requested_duration_s": 60.0,
  "samples": 2336,
  "metrics": {
    "n": 1949,
    "hz": 34.339452254711155,
    "duration_s": 56.727754000000004,
    "bpm": 69.80710006604527,
    "bpm_peak": 94.46782201920158,
    "bpm_fft": 69.80710006604527,
    "bpm_autocorr": 179.48886183648307,
    "spo2": 93.65578614379051,
    "ratio_r": 0.7107665910276356,
    "resp_rate_rpm": 9.519150009006173,
    "resp_quality": 88.86418004152074,
    "resp_reason": "experimental: pico lento 9.5 resp/min; dominancia=1.58; banda=0.95; ciclos~9.0",
    "quality": 0.0,
    "quality_label": "dudosa",
    "artifact_ir_pct": 13.608156028368795,
    "artifact_red_pct": 12.16008209338122,
    "pi_ir_pct": 0.0870259932936246,
    "pi_red_pct": 0.06185516858410344,
    "ac_ir": 22.212372047545454,
    "dc_ir": 25523.836277974086,
    "ac_red": 8.364569534268165,
    "dc_red": 13522.830388692579,
    "saturation_pct": 0.0,
    "contact_label": "contacto débil / baja perfusión",
    "polarity": "normal",
    "reason": "primeros 1.0 s ignorados; cribado robusto descarta 13.6 % | cv_intervalos=0.35 | dominancia_fft=1.28 | autocorr=0.26 | estimadores discrepantes; se usa FFT spread=109.7 | BPM por debajo del umbral de calidad | estimada no calibrada",
    "peaks_count": 82
  },
  "temperature": {
    "temp_samples": 2336,
    "temp_c_last": 36.27,
    "temp_c_mean": 36.11982448630137,
    "temp_c_min": 31.5,
    "temp_c_max": 39.41,
    "temp_raw_last": 2471.0
  },
  "bpm_blocks_10s_mean": [
    NaN,
    NaN,
    NaN,
    NaN,
    NaN,
    NaN
  ],
  "sensor_config": {
    "red": 63,
    "ir": 63,
    "avg": 4,
    "rate": 800,
    "width": 411,
    "adc": 16384,
    "skip": 50,
    "debug": false
  },
  "analysis_config": {
    "bpm_min": 45,
    "bpm_max": 180,
    "peak_threshold_sd": 0.55,
    "detrend_seconds": 2.0,
    "smooth_seconds": 0.07,
    "ignore_initial_seconds": 1.0,
    "min_quality_to_accept": 45.0,
    "spo2_formula": "quad",
    "spo2_custom_a": 94.845,
    "spo2_custom_b": 30.354,
    "spo2_custom_c": -45.06
  },
  "files": {
    "raw": "C:\\Users\\julia\\OneDrive\\Desktop\\tesis\\mtestv2\\resultados\\raw\\raw_BLOQUE_12CFG_584_20260609_143715_CFG009_CONFIG_03_-_B3F_AVG4_ADC16384.csv",
    "processed": "C:\\Users\\julia\\OneDrive\\Desktop\\tesis\\mtestv2\\resultados\\processed\\proc_BLOQUE_12CFG_584_20260609_143715_CFG009_CONFIG_03_-_B3F_AVG4_ADC16384.csv",
    "plot": "C:\\Users\\julia\\OneDrive\\Desktop\\tesis\\mtestv2\\resultados\\figures\\plot_BLOQUE_12CFG_584_20260609_143715_CFG009_CONFIG_03_-_B3F_AVG4_ADC16384.png",
    "bpm_blocks_10s": "C:\\Users\\julia\\OneDrive\\Desktop\\tesis\\mtestv2\\resultados\\reports\\bpm_blocks_10s_BLOQUE_12CFG_584_20260609_143715_CFG009_CONFIG_03_-_B3F_AVG4_ADC16384.csv"
  },
  "manual_reference": {
    "pulso_previo": "105",
    "pulso_final_pulsio": "100",
    "pulso_final_fonendo": ""
  },
  "created": "2026-06-09T14:51:00.977051"
}