{
  "session_id": "BLOQUE_8CFG_184_20260610_141601_CFG007_CONFIG_02_-_B5F_400_ADC16384",
  "id": "184",
  "base_name": "BLOQUE_8CFG_184_20260610_141601_CFG007_CONFIG_02_-_B5F_400_ADC16384",
  "mode": "configurations",
  "measurement_condition": "RIGHT",
  "config_label": "CONFIG 02 - B5F_400_ADC16384",
  "config_description": "Brillo medio, promediado x4, rango ADC 8192",
  "reason": "BLOQUE_COMPLETADO",
  "requested_duration_s": 30.0,
  "samples": 1144,
  "metrics": {
    "n": 1017,
    "hz": 38.17925249232357,
    "duration_s": 26.611311999999998,
    "bpm": 45.09360530589398,
    "bpm_peak": 116.41270211863672,
    "bpm_fft": 45.09360530589398,
    "bpm_autocorr": 184.32011168784163,
    "spo2": 84.23876954695194,
    "ratio_r": 0.9274327217514584,
    "resp_rate_rpm": 9.009853095533586,
    "resp_quality": 62.12233781346926,
    "resp_reason": "experimental: pico lento 9.0 resp/min; dominancia=1.59; banda=0.90; ciclos~4.0",
    "quality": 13.46510336670737,
    "quality_label": "dudosa",
    "artifact_ir_pct": 4.417293233082707,
    "artifact_red_pct": 3.44149459193707,
    "pi_ir_pct": 0.06775101042602621,
    "pi_red_pct": 0.06283450400082091,
    "ac_ir": 24.870356204657845,
    "dc_ir": 36708.46537678208,
    "ac_red": 11.798801457484576,
    "dc_red": 18777.58350305499,
    "saturation_pct": 0.0,
    "contact_label": "contacto débil / baja perfusión",
    "polarity": "normal",
    "reason": "primeros 1.0 s ignorados; cribado robusto descarta 4.4 % | cv_intervalos=0.31 | dominancia_fft=1.38 | autocorr=0.74 | estimadores discrepantes; se usa FFT spread=71.3 | BPM por debajo del umbral de calidad | estimada no calibrada",
    "peaks_count": 19
  },
  "temperature": {
    "temp_samples": 1144,
    "temp_c_last": 32.88,
    "temp_c_mean": 32.648479020979025,
    "temp_c_min": 29.99,
    "temp_c_max": 34.53,
    "temp_raw_last": 2349.0
  },
  "bpm_blocks_10s_mean": [
    NaN,
    NaN,
    NaN
  ],
  "sensor_config": {
    "red": 95,
    "ir": 95,
    "avg": 4,
    "rate": 400,
    "width": 411,
    "adc": 16384,
    "skip": 50,
    "debug": false
  },
  "analysis_config": {
    "bpm_min": 45,
    "bpm_max": 180,
    "peak_threshold_sd": 0.55,
    "detrend_seconds": 2.0,
    "smooth_seconds": 0.07,
    "ignore_initial_seconds": 1.0,
    "min_quality_to_accept": 45.0,
    "spo2_formula": "quad",
    "spo2_custom_a": 94.845,
    "spo2_custom_b": 30.354,
    "spo2_custom_c": -45.06
  },
  "files": {
    "raw": "C:\\Users\\julia\\OneDrive\\Desktop\\tesis\\mtestv2\\resultados\\raw\\raw_BLOQUE_8CFG_184_20260610_141601_CFG007_CONFIG_02_-_B5F_400_ADC16384.csv",
    "processed": "C:\\Users\\julia\\OneDrive\\Desktop\\tesis\\mtestv2\\resultados\\processed\\proc_BLOQUE_8CFG_184_20260610_141601_CFG007_CONFIG_02_-_B5F_400_ADC16384.csv",
    "plot": "C:\\Users\\julia\\OneDrive\\Desktop\\tesis\\mtestv2\\resultados\\figures\\plot_BLOQUE_8CFG_184_20260610_141601_CFG007_CONFIG_02_-_B5F_400_ADC16384.png",
    "bpm_blocks_10s": "C:\\Users\\julia\\OneDrive\\Desktop\\tesis\\mtestv2\\resultados\\reports\\bpm_blocks_10s_BLOQUE_8CFG_184_20260610_141601_CFG007_CONFIG_02_-_B5F_400_ADC16384.csv"
  },
  "manual_reference": {
    "pulso_previo": "75",
    "pulso_final_pulsio": "80",
    "pulso_final_fonendo": ""
  },
  "created": "2026-06-10T14:20:45.306823"
}