{
  "session_id": "BLOQUE_16CFG_386_20260610_132433_CFG003_CONFIG_02_-_B5F_AVG4_ADC16384",
  "id": "386",
  "base_name": "BLOQUE_16CFG_386_20260610_132433_CFG003_CONFIG_02_-_B5F_AVG4_ADC16384",
  "mode": "configurations",
  "measurement_condition": "RIGHT",
  "config_label": "CONFIG 02 - B5F_AVG4_ADC16384",
  "config_description": "Brillo bajo, promediado x4, rango ADC 8192",
  "reason": "BLOQUE_COMPLETADO",
  "requested_duration_s": 30.0,
  "samples": 1142,
  "metrics": {
    "n": 1037,
    "hz": 38.823020912192575,
    "duration_s": 26.685198000000014,
    "bpm": 109.42395855560115,
    "bpm_peak": 109.42395855560115,
    "bpm_fft": 107.92500021922261,
    "bpm_autocorr": 176.7617792052011,
    "spo2": 95.14766238435172,
    "ratio_r": 0.6635119367128781,
    "resp_rate_rpm": 6.745312513701413,
    "resp_quality": 54.07732382083758,
    "resp_reason": "experimental: pico lento 6.7 resp/min; dominancia=1.57; banda=0.79; ciclos~3.0",
    "quality": 31.425958245618993,
    "quality_label": "dudosa",
    "artifact_ir_pct": 2.354048964218456,
    "artifact_red_pct": 0.6750241080038573,
    "pi_ir_pct": 0.07132287004750092,
    "pi_red_pct": 0.04732357563713826,
    "ac_ir": 31.88663622103381,
    "dc_ir": 44707.449657869016,
    "ac_red": 6.916725921875144,
    "dc_red": 14615.814271749756,
    "saturation_pct": 0.0,
    "contact_label": "contacto débil / baja perfusión",
    "polarity": "normal",
    "reason": "primeros 1.0 s ignorados; cribado robusto descarta 2.4 % | cv_intervalos=0.15 | dominancia_fft=1.40 | autocorr=0.55 | estimadores discrepantes; se usa picos spread=68.8 | BPM por debajo del umbral de calidad | estimada no calibrada",
    "peaks_count": 19
  },
  "temperature": {
    "temp_samples": 1142,
    "temp_c_last": 33.76,
    "temp_c_mean": 33.306147110332745,
    "temp_c_min": 30.81,
    "temp_c_max": 35.28,
    "temp_raw_last": 2381.0
  },
  "bpm_blocks_10s_mean": [
    114.08610903341072,
    NaN,
    106.11239205332467
  ],
  "sensor_config": {
    "red": 95,
    "ir": 95,
    "avg": 4,
    "rate": 800,
    "width": 411,
    "adc": 16384,
    "skip": 50,
    "debug": false
  },
  "analysis_config": {
    "bpm_min": 45,
    "bpm_max": 180,
    "peak_threshold_sd": 0.55,
    "detrend_seconds": 2.0,
    "smooth_seconds": 0.07,
    "ignore_initial_seconds": 1.0,
    "min_quality_to_accept": 45.0,
    "spo2_formula": "quad",
    "spo2_custom_a": 94.845,
    "spo2_custom_b": 30.354,
    "spo2_custom_c": -45.06
  },
  "files": {
    "raw": "C:\\Users\\julia\\OneDrive\\Desktop\\tesis\\mtestv2\\resultados\\raw\\raw_BLOQUE_16CFG_386_20260610_132433_CFG003_CONFIG_02_-_B5F_AVG4_ADC16384.csv",
    "processed": "C:\\Users\\julia\\OneDrive\\Desktop\\tesis\\mtestv2\\resultados\\processed\\proc_BLOQUE_16CFG_386_20260610_132433_CFG003_CONFIG_02_-_B5F_AVG4_ADC16384.csv",
    "plot": "C:\\Users\\julia\\OneDrive\\Desktop\\tesis\\mtestv2\\resultados\\figures\\plot_BLOQUE_16CFG_386_20260610_132433_CFG003_CONFIG_02_-_B5F_AVG4_ADC16384.png",
    "bpm_blocks_10s": "C:\\Users\\julia\\OneDrive\\Desktop\\tesis\\mtestv2\\resultados\\reports\\bpm_blocks_10s_BLOQUE_16CFG_386_20260610_132433_CFG003_CONFIG_02_-_B5F_AVG4_ADC16384.csv"
  },
  "manual_reference": {
    "pulso_previo": "95",
    "pulso_final_pulsio": "107",
    "pulso_final_fonendo": ""
  },
  "created": "2026-06-10T13:39:04.917164"
}