{
  "session_id": "BLOQUE_16CFG_184_ConVacio_20260602_130526_CFG010_CONFIG_10_-_B7F_AVG1_ADC16384",
  "id": "184_ConVacio",
  "base_name": "BLOQUE_16CFG_184_ConVacio_20260602_130526_CFG010_CONFIG_10_-_B7F_AVG1_ADC16384",
  "mode": "configurations",
  "measurement_condition": "toma con tabla personalizada de configuraciones",
  "config_label": "CONFIG 10 - B7F_AVG1_ADC16384",
  "config_description": "Brillo alto, sin promediado, rango ADC 16384",
  "reason": "BLOQUE_COMPLETADO",
  "requested_duration_s": 30.0,
  "samples": 1148,
  "metrics": {
    "n": 1147,
    "hz": 39.88474908473024,
    "duration_s": 28.73278700000003,
    "bpm": 76.00295557873264,
    "bpm_peak": 82.52017052013151,
    "bpm_fft": 70.93713001992127,
    "bpm_autocorr": 184.08345731413954,
    "spo2": 99.89161743107724,
    "ratio_r": 0.3748748512594319,
    "resp_rate_rpm": 6.259158531169524,
    "resp_quality": 53.503915343591615,
    "resp_reason": "experimental: pico lento 6.3 resp/min; dominancia=1.09; banda=0.84; ciclos~3.0",
    "quality": 48.30062186031785,
    "quality_label": "aceptable",
    "artifact_ir_pct": 0.0,
    "artifact_red_pct": 0.0,
    "pi_ir_pct": 0.04408471272872326,
    "pi_red_pct": 0.016526250126994917,
    "ac_ir": 25.933936110055566,
    "dc_ir": 58827.50392327812,
    "ac_red": 4.2603047578034285,
    "dc_red": 25779.01656495205,
    "saturation_pct": 0.0,
    "contact_label": "contacto débil / baja perfusión",
    "polarity": "normal",
    "reason": "cv_intervalos=0.33 | dominancia_fft=1.45 | autocorr=0.24 | estimadores coherentes spread=11.6 | estimada no calibrada",
    "peaks_count": 33
  },
  "temperature": {
    "temp_samples": 1148,
    "temp_c_last": 32.45,
    "temp_c_mean": 32.42399825783972,
    "temp_c_min": 31.13,
    "temp_c_max": 34.17,
    "temp_raw_last": 2333.0
  },
  "bpm_blocks_10s_mean": [
    76.93292412334135,
    76.0273718744243,
    NaN,
    125.95492860323579
  ],
  "sensor_config": {
    "red": 127,
    "ir": 127,
    "avg": 1,
    "rate": 100,
    "width": 411,
    "adc": 16384,
    "skip": 50,
    "debug": false
  },
  "analysis_config": {
    "bpm_min": 45,
    "bpm_max": 180,
    "peak_threshold_sd": 0.55,
    "detrend_seconds": 2.0,
    "smooth_seconds": 0.07,
    "ignore_initial_seconds": 1.0,
    "min_quality_to_accept": 45.0,
    "spo2_formula": "quad",
    "spo2_custom_a": 94.845,
    "spo2_custom_b": 30.354,
    "spo2_custom_c": -45.06
  },
  "files": {
    "raw": "C:\\Users\\julia\\OneDrive\\Desktop\\tesis\\mtestv2\\resultados\\raw\\raw_BLOQUE_16CFG_184_ConVacio_20260602_130526_CFG010_CONFIG_10_-_B7F_AVG1_ADC16384.csv",
    "processed": "C:\\Users\\julia\\OneDrive\\Desktop\\tesis\\mtestv2\\resultados\\processed\\proc_BLOQUE_16CFG_184_ConVacio_20260602_130526_CFG010_CONFIG_10_-_B7F_AVG1_ADC16384.csv",
    "plot": "C:\\Users\\julia\\OneDrive\\Desktop\\tesis\\mtestv2\\resultados\\figures\\plot_BLOQUE_16CFG_184_ConVacio_20260602_130526_CFG010_CONFIG_10_-_B7F_AVG1_ADC16384.png",
    "bpm_blocks_10s": "C:\\Users\\julia\\OneDrive\\Desktop\\tesis\\mtestv2\\resultados\\reports\\bpm_blocks_10s_BLOQUE_16CFG_184_ConVacio_20260602_130526_CFG010_CONFIG_10_-_B7F_AVG1_ADC16384.csv"
  },
  "manual_reference": {
    "pulso_previo": "72",
    "pulso_final_pulsio": "70",
    "pulso_final_fonendo": ""
  },
  "created": "2026-06-02T13:16:08.531191"
}