{
  "session_id": "BLOQUE_5CFG_5384_20260608_131749_CFG005_CONFIG_05_-_B1F_AVG1_ADC16385",
  "id": "5384",
  "base_name": "BLOQUE_5CFG_5384_20260608_131749_CFG005_CONFIG_05_-_B1F_AVG1_ADC16385",
  "mode": "configurations",
  "measurement_condition": "toma con tabla personalizada de configuraciones",
  "config_label": "CONFIG 05 - B1F_AVG1_ADC16385",
  "config_description": "Brillo bajo, promedio",
  "reason": "BLOQUE_COMPLETADO",
  "requested_duration_s": 48.0,
  "samples": 428,
  "metrics": {
    "n": 401,
    "hz": 9.803214679961075,
    "duration_s": 40.80294199999997,
    "bpm": 171.42857142857142,
    "bpm_peak": 100.00000000000003,
    "bpm_fft": 49.938800489596076,
    "bpm_autocorr": 171.42857142857142,
    "spo2": 86.91226312377086,
    "ratio_r": 0.8748644058424792,
    "resp_rate_rpm": 7.343941248470011,
    "resp_quality": 49.92018305856581,
    "resp_reason": "experimental: pico lento 7.3 resp/min; dominancia=1.32; banda=0.30; ciclos~5.0",
    "quality": 27.571412024038693,
    "quality_label": "dudosa",
    "artifact_ir_pct": 1.715686274509804,
    "artifact_red_pct": 0.0,
    "pi_ir_pct": 0.06109024909055638,
    "pi_red_pct": 0.05344568447337866,
    "ac_ir": 6.825837477686275,
    "dc_ir": 11173.366583541147,
    "ac_red": 1.9140552294424305,
    "dc_red": 3581.3092269326685,
    "saturation_pct": 0.0,
    "contact_label": "contacto débil / baja perfusión",
    "polarity": "normal",
    "reason": "primeros 1.0 s ignorados; cribado robusto descarta 1.7 % | cv_intervalos=0.33 | dominancia_fft=1.09 | autocorr=0.61 | estimadores discrepantes; se usa autocorr spread=121.5 | BPM por debajo del umbral de calidad | estimada no calibrada",
    "peaks_count": 32
  },
  "temperature": {
    "temp_samples": 428,
    "temp_c_last": 35.17,
    "temp_c_mean": 35.16121495327103,
    "temp_c_min": 32.99,
    "temp_c_max": 36.53,
    "temp_raw_last": 2432.0
  },
  "bpm_blocks_10s_mean": [
    NaN,
    NaN,
    NaN,
    NaN,
    NaN
  ],
  "sensor_config": {
    "red": 31,
    "ir": 31,
    "avg": 4,
    "rate": 100,
    "width": 411,
    "adc": 16384,
    "skip": 50,
    "debug": false
  },
  "analysis_config": {
    "bpm_min": 45,
    "bpm_max": 180,
    "peak_threshold_sd": 0.55,
    "detrend_seconds": 2.0,
    "smooth_seconds": 0.07,
    "ignore_initial_seconds": 1.0,
    "min_quality_to_accept": 45.0,
    "spo2_formula": "quad",
    "spo2_custom_a": 94.845,
    "spo2_custom_b": 30.354,
    "spo2_custom_c": -45.06
  },
  "files": {
    "raw": "C:\\Users\\julia\\OneDrive\\Desktop\\tesis\\mtestv2\\resultados\\raw\\raw_BLOQUE_5CFG_5384_20260608_131749_CFG005_CONFIG_05_-_B1F_AVG1_ADC16385.csv",
    "processed": "C:\\Users\\julia\\OneDrive\\Desktop\\tesis\\mtestv2\\resultados\\processed\\proc_BLOQUE_5CFG_5384_20260608_131749_CFG005_CONFIG_05_-_B1F_AVG1_ADC16385.csv",
    "plot": "C:\\Users\\julia\\OneDrive\\Desktop\\tesis\\mtestv2\\resultados\\figures\\plot_BLOQUE_5CFG_5384_20260608_131749_CFG005_CONFIG_05_-_B1F_AVG1_ADC16385.png",
    "bpm_blocks_10s": "C:\\Users\\julia\\OneDrive\\Desktop\\tesis\\mtestv2\\resultados\\reports\\bpm_blocks_10s_BLOQUE_5CFG_5384_20260608_131749_CFG005_CONFIG_05_-_B1F_AVG1_ADC16385.csv"
  },
  "manual_reference": {
    "pulso_previo": "91",
    "pulso_final_pulsio": "111",
    "pulso_final_fonendo": ""
  },
  "created": "2026-06-08T13:23:07.158597"
}