{
  "session_id": "BLOQUE_8CFG_184_20260610_142211_CFG001_CONFIG_02_-_B5F_AVG4_ADC16384",
  "id": "184",
  "base_name": "BLOQUE_8CFG_184_20260610_142211_CFG001_CONFIG_02_-_B5F_AVG4_ADC16384",
  "mode": "configurations",
  "measurement_condition": "LEFT",
  "config_label": "CONFIG 02 - B5F_AVG4_ADC16384",
  "config_description": "Brillo bajo, sin promediado, rango ADC 8192",
  "reason": "BLOQUE_COMPLETADO",
  "requested_duration_s": 30.0,
  "samples": 1142,
  "metrics": {
    "n": 986,
    "hz": 36.91759726184617,
    "duration_s": 26.681043000000003,
    "bpm": 90.70110190220069,
    "bpm_peak": 90.70110190220069,
    "bpm_fft": 53.97090361122688,
    "bpm_autocorr": 181.40220380440147,
    "spo2": 95.86136578857716,
    "ratio_r": 0.638297671948402,
    "resp_rate_rpm": 6.74636295140336,
    "resp_quality": 52.456841175847856,
    "resp_reason": "experimental: pico lento 6.7 resp/min; dominancia=1.16; banda=0.82; ciclos~3.0",
    "quality": 19.072638797804277,
    "quality_label": "dudosa",
    "artifact_ir_pct": 7.1563088512241055,
    "artifact_red_pct": 1.0141987829614605,
    "pi_ir_pct": 0.17121446609199872,
    "pi_red_pct": 0.10928579511041141,
    "ac_ir": 55.541430356063884,
    "dc_ir": 32439.68317853457,
    "ac_red": 17.9050339187507,
    "dc_red": 16383.679050567596,
    "saturation_pct": 0.0,
    "contact_label": "contacto útil",
    "polarity": "invertida",
    "reason": "primeros 1.0 s ignorados; cribado robusto descarta 7.2 % | cv_intervalos=0.19 | dominancia_fft=1.12 | autocorr=0.55 | estimadores discrepantes; se usa picos spread=36.7 | BPM por debajo del umbral de calidad | estimada no calibrada",
    "peaks_count": 20
  },
  "temperature": {
    "temp_samples": 1142,
    "temp_c_last": 32.36,
    "temp_c_mean": 32.19384413309982,
    "temp_c_min": 29.59,
    "temp_c_max": 34.06,
    "temp_raw_last": 2330.0
  },
  "bpm_blocks_10s_mean": [
    88.59407442635936,
    NaN,
    NaN
  ],
  "sensor_config": {
    "red": 95,
    "ir": 95,
    "avg": 4,
    "rate": 800,
    "width": 411,
    "adc": 16384,
    "skip": 50,
    "debug": false
  },
  "analysis_config": {
    "bpm_min": 45,
    "bpm_max": 180,
    "peak_threshold_sd": 0.55,
    "detrend_seconds": 2.0,
    "smooth_seconds": 0.07,
    "ignore_initial_seconds": 1.0,
    "min_quality_to_accept": 45.0,
    "spo2_formula": "quad",
    "spo2_custom_a": 94.845,
    "spo2_custom_b": 30.354,
    "spo2_custom_c": -45.06
  },
  "files": {
    "raw": "C:\\Users\\julia\\OneDrive\\Desktop\\tesis\\mtestv2\\resultados\\raw\\raw_BLOQUE_8CFG_184_20260610_142211_CFG001_CONFIG_02_-_B5F_AVG4_ADC16384.csv",
    "processed": "C:\\Users\\julia\\OneDrive\\Desktop\\tesis\\mtestv2\\resultados\\processed\\proc_BLOQUE_8CFG_184_20260610_142211_CFG001_CONFIG_02_-_B5F_AVG4_ADC16384.csv",
    "plot": "C:\\Users\\julia\\OneDrive\\Desktop\\tesis\\mtestv2\\resultados\\figures\\plot_BLOQUE_8CFG_184_20260610_142211_CFG001_CONFIG_02_-_B5F_AVG4_ADC16384.png",
    "bpm_blocks_10s": "C:\\Users\\julia\\OneDrive\\Desktop\\tesis\\mtestv2\\resultados\\reports\\bpm_blocks_10s_BLOQUE_8CFG_184_20260610_142211_CFG001_CONFIG_02_-_B5F_AVG4_ADC16384.csv"
  },
  "manual_reference": {
    "pulso_previo": "87",
    "pulso_final_pulsio": "87",
    "pulso_final_fonendo": ""
  },
  "created": "2026-06-10T14:26:45.619943"
}