{
  "session_id": "BLOQUE_12CFG_184_20260609_133934_CFG009_CONFIG_03_-_B3F_AVG4_ADC16384",
  "id": "184",
  "base_name": "BLOQUE_12CFG_184_20260609_133934_CFG009_CONFIG_03_-_B3F_AVG4_ADC16384",
  "mode": "configurations",
  "measurement_condition": "RIGHT",
  "config_label": "CONFIG 03 - B3F_AVG4_ADC16384",
  "config_description": "Brillo alto, sin promediado, rango ADC 8192",
  "reason": "BLOQUE_COMPLETADO",
  "requested_duration_s": 60.0,
  "samples": 2335,
  "metrics": {
    "n": 2248,
    "hz": 39.62821223960452,
    "duration_s": 56.70202800000004,
    "bpm": 71.95509832558365,
    "bpm_peak": 84.65305685362783,
    "bpm_fft": 71.95509832558365,
    "bpm_autocorr": 182.32966091550605,
    "spo2": 99.06355324327019,
    "ratio_r": 0.4776198492302017,
    "resp_rate_rpm": 7.407142474692433,
    "resp_quality": 79.0687143119518,
    "resp_reason": "experimental: pico lento 7.4 resp/min; dominancia=1.50; banda=0.81; ciclos~7.0",
    "quality": 18.005723417385223,
    "quality_label": "dudosa",
    "artifact_ir_pct": 0.31042128603104213,
    "artifact_red_pct": 0.0,
    "pi_ir_pct": 0.058344910535519906,
    "pi_red_pct": 0.027866687373324622,
    "ac_ir": 16.854881871564622,
    "dc_ir": 28888.349843819724,
    "ac_red": 3.455624422270129,
    "dc_red": 12400.556894243642,
    "saturation_pct": 0.0,
    "contact_label": "contacto débil / baja perfusión",
    "polarity": "invertida",
    "reason": "primeros 1.0 s ignorados; cribado robusto descarta 0.3 % | cv_intervalos=0.34 | dominancia_fft=1.03 | autocorr=0.64 | estimadores discrepantes; se usa FFT spread=12.7 | BPM por debajo del umbral de calidad | estimada no calibrada",
    "peaks_count": 54
  },
  "temperature": {
    "temp_samples": 2335,
    "temp_c_last": 33.07,
    "temp_c_mean": 33.8313233404711,
    "temp_c_min": 31.58,
    "temp_c_max": 35.62,
    "temp_raw_last": 2356.0
  },
  "bpm_blocks_10s_mean": [
    NaN,
    NaN,
    NaN,
    NaN,
    NaN,
    66.40222367480578
  ],
  "sensor_config": {
    "red": 63,
    "ir": 63,
    "avg": 4,
    "rate": 800,
    "width": 411,
    "adc": 16384,
    "skip": 50,
    "debug": false
  },
  "analysis_config": {
    "bpm_min": 45,
    "bpm_max": 180,
    "peak_threshold_sd": 0.55,
    "detrend_seconds": 2.0,
    "smooth_seconds": 0.07,
    "ignore_initial_seconds": 1.0,
    "min_quality_to_accept": 45.0,
    "spo2_formula": "quad",
    "spo2_custom_a": 94.845,
    "spo2_custom_b": 30.354,
    "spo2_custom_c": -45.06
  },
  "files": {
    "raw": "C:\\Users\\julia\\OneDrive\\Desktop\\tesis\\mtestv2\\resultados\\raw\\raw_BLOQUE_12CFG_184_20260609_133934_CFG009_CONFIG_03_-_B3F_AVG4_ADC16384.csv",
    "processed": "C:\\Users\\julia\\OneDrive\\Desktop\\tesis\\mtestv2\\resultados\\processed\\proc_BLOQUE_12CFG_184_20260609_133934_CFG009_CONFIG_03_-_B3F_AVG4_ADC16384.csv",
    "plot": "C:\\Users\\julia\\OneDrive\\Desktop\\tesis\\mtestv2\\resultados\\figures\\plot_BLOQUE_12CFG_184_20260609_133934_CFG009_CONFIG_03_-_B3F_AVG4_ADC16384.png",
    "bpm_blocks_10s": "C:\\Users\\julia\\OneDrive\\Desktop\\tesis\\mtestv2\\resultados\\reports\\bpm_blocks_10s_BLOQUE_12CFG_184_20260609_133934_CFG009_CONFIG_03_-_B3F_AVG4_ADC16384.csv"
  },
  "manual_reference": {
    "pulso_previo": "80",
    "pulso_final_pulsio": "75",
    "pulso_final_fonendo": ""
  },
  "created": "2026-06-09T13:52:36.258973"
}