{
  "session_id": "BLOQUE_16CFG_184_SinVacio_20260602_131802_CFG001_CONFIG_01_-_B1F_AVG1_ADC8192",
  "id": "184_SinVacio",
  "base_name": "BLOQUE_16CFG_184_SinVacio_20260602_131802_CFG001_CONFIG_01_-_B1F_AVG1_ADC8192",
  "mode": "configurations",
  "measurement_condition": "toma con tabla personalizada de configuraciones",
  "config_label": "CONFIG 01 - B1F_AVG1_ADC8192",
  "config_description": "Brillo bajo, sin promediado, rango ADC 8192",
  "reason": "BLOQUE_COMPLETADO",
  "requested_duration_s": 30.0,
  "samples": 1144,
  "metrics": {
    "n": 1104,
    "hz": 39.88870653075768,
    "duration_s": 27.651937,
    "bpm": 141.2725022964337,
    "bpm_peak": 141.2725022964337,
    "bpm_fft": 71.60438706337281,
    "bpm_autocorr": 184.10172244965085,
    "spo2": 96.02511004190683,
    "ratio_r": 0.6322094043947009,
    "resp_rate_rpm": 8.67931964404519,
    "resp_quality": 62.05368793874706,
    "resp_reason": "experimental: pico lento 8.7 resp/min; dominancia=1.06; banda=0.98; ciclos~4.0",
    "quality": 31.56692761658152,
    "quality_label": "dudosa",
    "artifact_ir_pct": 0.0,
    "artifact_red_pct": 0.0,
    "pi_ir_pct": 0.1570749011402061,
    "pi_red_pct": 0.09930422969520623,
    "ac_ir": 33.78229960019026,
    "dc_ir": 21507.127717391304,
    "ac_red": 8.932459536330677,
    "dc_red": 8995.044384057972,
    "saturation_pct": 0.0,
    "contact_label": "contacto útil",
    "polarity": "normal",
    "reason": "cv_intervalos=0.27 | dominancia_fft=1.11 | autocorr=0.81 | estimadores discrepantes; se usa picos spread=69.7 | BPM por debajo del umbral de calidad | estimada no calibrada",
    "peaks_count": 23
  },
  "temperature": {
    "temp_samples": 1144,
    "temp_c_last": 34.98,
    "temp_c_mean": 34.7066520979021,
    "temp_c_min": 31.32,
    "temp_c_max": 37.36,
    "temp_raw_last": 2425.0
  },
  "bpm_blocks_10s_mean": [
    NaN,
    119.68600166958967,
    140.8282107071691
  ],
  "sensor_config": {
    "red": 31,
    "ir": 31,
    "avg": 1,
    "rate": 100,
    "width": 411,
    "adc": 8192,
    "skip": 50,
    "debug": false
  },
  "analysis_config": {
    "bpm_min": 45,
    "bpm_max": 180,
    "peak_threshold_sd": 0.55,
    "detrend_seconds": 2.0,
    "smooth_seconds": 0.07,
    "ignore_initial_seconds": 1.0,
    "min_quality_to_accept": 45.0,
    "spo2_formula": "quad",
    "spo2_custom_a": 94.845,
    "spo2_custom_b": 30.354,
    "spo2_custom_c": -45.06
  },
  "files": {
    "raw": "C:\\Users\\julia\\OneDrive\\Desktop\\tesis\\mtestv2\\resultados\\raw\\raw_BLOQUE_16CFG_184_SinVacio_20260602_131802_CFG001_CONFIG_01_-_B1F_AVG1_ADC8192.csv",
    "processed": "C:\\Users\\julia\\OneDrive\\Desktop\\tesis\\mtestv2\\resultados\\processed\\proc_BLOQUE_16CFG_184_SinVacio_20260602_131802_CFG001_CONFIG_01_-_B1F_AVG1_ADC8192.csv",
    "plot": "C:\\Users\\julia\\OneDrive\\Desktop\\tesis\\mtestv2\\resultados\\figures\\plot_BLOQUE_16CFG_184_SinVacio_20260602_131802_CFG001_CONFIG_01_-_B1F_AVG1_ADC8192.png",
    "bpm_blocks_10s": "C:\\Users\\julia\\OneDrive\\Desktop\\tesis\\mtestv2\\resultados\\reports\\bpm_blocks_10s_BLOQUE_16CFG_184_SinVacio_20260602_131802_CFG001_CONFIG_01_-_B1F_AVG1_ADC8192.csv"
  },
  "manual_reference": {
    "pulso_previo": "67",
    "pulso_final_pulsio": "72",
    "pulso_final_fonendo": ""
  },
  "created": "2026-06-02T13:27:31.108156"
}