{
  "session_id": "marcoprueba_20260604_212744",
  "id": "marcoprueba",
  "base_name": "marcoprueba_20260604_212744",
  "mode": "normal",
  "measurement_condition": "",
  "config_label": "manual",
  "reason": "DURACION_COMPLETADA_PYTHON",
  "requested_duration_s": 90.0,
  "samples": 3564,
  "metrics": {
    "n": 2609,
    "hz": 30.078887302609466,
    "duration_s": 86.70533499999999,
    "bpm": 79.73441749839445,
    "bpm_peak": 77.28763172416194,
    "bpm_fft": 80.27187715727065,
    "bpm_autocorr": 82.44014050577165,
    "spo2": 99.41868132651372,
    "ratio_r": 0.44610642827015046,
    "resp_rate_rpm": 18.68397140729576,
    "resp_quality": 87.10780441104416,
    "resp_reason": "experimental: pico lento 18.7 resp/min; dominancia=1.43; banda=0.93; ciclos~27.0",
    "quality": 50.422669532364196,
    "quality_label": "aceptable",
    "artifact_ir_pct": 25.071797817346354,
    "artifact_red_pct": 30.04982752012265,
    "pi_ir_pct": 0.2182581643314009,
    "pi_red_pct": 0.09736637013068081,
    "ac_ir": 50.59497560180586,
    "dc_ir": 23181.252237136465,
    "ac_red": 19.74359258448057,
    "dc_red": 20277.630313199104,
    "saturation_pct": 0.0,
    "contact_label": "contacto útil",
    "polarity": "normal",
    "reason": "primeros 1.0 s ignorados; cribado robusto descarta 25.1 % | cv_intervalos=0.06 | dominancia_fft=1.48 | autocorr=0.71 | estimadores coherentes spread=5.2 | estimada no calibrada",
    "peaks_count": 115
  },
  "temperature": {
    "temp_samples": 3564,
    "temp_c_last": 11.58,
    "temp_c_mean": 9.748709315375981,
    "temp_c_min": 1.88,
    "temp_c_max": 14.22,
    "temp_raw_last": 1505.0
  },
  "bpm_blocks_2s_orientative": [
    NaN,
    74.31886296520045,
    73.93425375834761,
    80.96771260645355,
    78.74834022986833,
    76.70560744655721,
    74.50834453578618,
    75.4314813602239,
    79.49827557063794,
    78.98373869543956,
    78.04686043153234,
    78.46712259487883,
    79.8707469098146,
    80.50594412954946,
    80.27686849429787,
    79.7349667115832,
    79.62958574950189,
    80.17045727879513,
    81.31363136616973,
    82.705468721379,
    82.31514811174249,
    79.68081589691755,
    79.32621544978602,
    80.82231121089902,
    80.1540037495804,
    79.56188652794641,
    80.62531207609092,
    81.32570416539677,
    81.35576530889206,
    80.44372138340493,
    80.96076135499978,
    79.21595068825062,
    80.95045531405668,
    81.31675844011876,
    81.31230582978131,
    78.73442824770675,
    78.93204077466073,
    80.9697203609496,
    81.70877323507275,
    79.5758493004257,
    79.9007088931225,
    80.51934369576514,
    81.93655895285676,
    NaN,
    NaN
  ],
  "bpm_blocks_10s_mean": [
    77.03614452450479,
    76.56063974750687,
    77.82766460427001,
    80.93096716034394,
    80.7554833294996,
    79.85263184816593,
    80.27862433195061,
    80.24969443907509,
    80.75775058098097
  ],
  "sensor_config": {
    "red": 31,
    "ir": 31,
    "avg": 1,
    "rate": 100,
    "width": 411,
    "adc": 16384,
    "skip": 50,
    "debug": false
  },
  "analysis_config": {
    "bpm_min": 45,
    "bpm_max": 180,
    "peak_threshold_sd": 0.55,
    "detrend_seconds": 2.0,
    "smooth_seconds": 0.07,
    "ignore_initial_seconds": 1.0,
    "min_quality_to_accept": 45.0,
    "spo2_formula": "quad",
    "spo2_custom_a": 94.845,
    "spo2_custom_b": 30.354,
    "spo2_custom_c": -45.06
  },
  "config_confirmation": {
    "status": "confirmada",
    "command": "",
    "arduino_cfg_line": "CFG RED=31 IR=31 AVG=1 RATE=100 WIDTH=411 ADC=16384 SKIP=50 DEBUG=0"
  },
  "manual_reference": {
    "pulso_previo": "80",
    "pulso_final_pulsio": "80",
    "pulso_final_fonendo": ""
  },
  "files": {
    "raw": "C:\\Users\\lol32\\Documents\\GitHub\\mtestv2\\resultados\\raw\\raw_marcoprueba_20260604_212744.csv",
    "processed": "C:\\Users\\lol32\\Documents\\GitHub\\mtestv2\\resultados\\processed\\proc_marcoprueba_20260604_212744.csv",
    "plot": "C:\\Users\\lol32\\Documents\\GitHub\\mtestv2\\resultados\\figures\\plot_marcoprueba_20260604_212744.png",
    "screenshot": "C:\\Users\\lol32\\Documents\\GitHub\\mtestv2\\resultados\\screenshots\\screen_marcoprueba_20260604_212744.png",
    "config": "C:\\Users\\lol32\\Documents\\GitHub\\mtestv2\\resultados\\configs\\config_marcoprueba_20260604_212744_20260604_212744.json",
    "bpm_blocks_10s": "C:\\Users\\lol32\\Documents\\GitHub\\mtestv2\\resultados\\reports\\bpm_blocks_10s_marcoprueba_20260604_212744.csv"
  },
  "created": "2026-06-04T21:29:20.704614"
}