{
  "session_id": "BLOQUE_12CFG_184_20260603_123040_CFG002_3M_02_-_RED63_IR63_AVG1_ADC16384",
  "id": "184",
  "base_name": "BLOQUE_12CFG_184_20260603_123040_CFG002_3M_02_-_RED63_IR63_AVG1_ADC16384",
  "mode": "experimento_3m",
  "measurement_condition": "Experimento 3M: optimizacion adaptativa con BPM manual, PPG y SpO2, exprimento numero 1 en oveja",
  "config_label": "3M 02 - RED63 IR63 AVG1 ADC16384",
  "config_description": "Experimento 3M: sube IR porque el PI IR es muy bajo; sube RED relativo a IR para mejorar SpO2",
  "reason": "BLOQUE_COMPLETADO",
  "requested_duration_s": 50.0,
  "samples": 1945,
  "metrics": {
    "n": 1905,
    "hz": 39.883899309744606,
    "duration_s": 47.738561999999995,
    "bpm": 75.41073398901291,
    "bpm_peak": 99.70974827436162,
    "bpm_fft": 75.41073398901291,
    "bpm_autocorr": 46.01988381893609,
    "spo2": 0.0,
    "ratio_r": 2.200746947563574,
    "resp_rate_rpm": 8.79791896538484,
    "resp_quality": 82.57028201142157,
    "resp_reason": "experimental: pico lento 8.8 resp/min; dominancia=1.49; banda=0.91; ciclos~7.0",
    "quality": 23.852084162969017,
    "quality_label": "dudosa",
    "artifact_ir_pct": 0.0,
    "artifact_red_pct": 0.0,
    "pi_ir_pct": 0.01417322977133973,
    "pi_red_pct": 0.031191692156393083,
    "ac_ir": 2.6761500365420083,
    "dc_ir": 18881.723359580054,
    "ac_red": 1.9040519021778457,
    "dc_red": 6104.355905511811,
    "saturation_pct": 0.0,
    "contact_label": "contacto débil / baja perfusión",
    "polarity": "invertida",
    "reason": "cv_intervalos=0.32 | dominancia_fft=1.06 | autocorr=0.10 | estimadores discrepantes; se usa FFT spread=24.3 | BPM por debajo del umbral de calidad | estimada no calibrada",
    "peaks_count": 89
  },
  "temperature": {
    "temp_samples": 1945,
    "temp_c_last": 33.07,
    "temp_c_mean": 33.94221079691516,
    "temp_c_min": 31.83,
    "temp_c_max": 36.16,
    "temp_raw_last": 2356.0
  },
  "bpm_blocks_10s_mean": [
    NaN,
    NaN,
    NaN,
    NaN,
    99.7057840723085
  ],
  "sensor_config": {
    "red": 63,
    "ir": 63,
    "avg": 1,
    "rate": 100,
    "width": 411,
    "adc": 16384,
    "skip": 50,
    "debug": false
  },
  "analysis_config": {
    "bpm_min": 45,
    "bpm_max": 180,
    "peak_threshold_sd": 0.55,
    "detrend_seconds": 2.0,
    "smooth_seconds": 0.07,
    "ignore_initial_seconds": 1.0,
    "min_quality_to_accept": 45.0,
    "spo2_formula": "quad",
    "spo2_custom_a": 94.845,
    "spo2_custom_b": 30.354,
    "spo2_custom_c": -45.06
  },
  "files": {
    "raw": "C:\\Users\\julia\\OneDrive\\Desktop\\tesis\\mtestv2\\resultados\\raw\\raw_BLOQUE_12CFG_184_20260603_123040_CFG002_3M_02_-_RED63_IR63_AVG1_ADC16384.csv",
    "processed": "C:\\Users\\julia\\OneDrive\\Desktop\\tesis\\mtestv2\\resultados\\processed\\proc_BLOQUE_12CFG_184_20260603_123040_CFG002_3M_02_-_RED63_IR63_AVG1_ADC16384.csv",
    "plot": "C:\\Users\\julia\\OneDrive\\Desktop\\tesis\\mtestv2\\resultados\\figures\\plot_BLOQUE_12CFG_184_20260603_123040_CFG002_3M_02_-_RED63_IR63_AVG1_ADC16384.png",
    "bpm_blocks_10s": "C:\\Users\\julia\\OneDrive\\Desktop\\tesis\\mtestv2\\resultados\\reports\\bpm_blocks_10s_BLOQUE_12CFG_184_20260603_123040_CFG002_3M_02_-_RED63_IR63_AVG1_ADC16384.csv"
  },
  "manual_reference": {
    "pulso_previo": "85",
    "pulso_final_pulsio": "74",
    "pulso_final_fonendo": ""
  },
  "created": "2026-06-03T12:41:58.091140"
}