{
  "session_id": "BLOQUE_16CFG_386_20260610_135136_CFG016_CONFIG_03_-_B3F_AVG4_ADC16384",
  "id": "386",
  "base_name": "BLOQUE_16CFG_386_20260610_135136_CFG016_CONFIG_03_-_B3F_AVG4_ADC16384",
  "mode": "configurations",
  "measurement_condition": "LEFT",
  "config_label": "CONFIG 03 - B3F_AVG4_ADC16384",
  "config_description": "Configuracion personalizada 16",
  "reason": "BLOQUE_COMPLETADO",
  "requested_duration_s": 30.0,
  "samples": 1143,
  "metrics": {
    "n": 799,
    "hz": 37.01012370657048,
    "duration_s": 21.56166799999994,
    "bpm": 109.57816439757389,
    "bpm_peak": 110.50346678211834,
    "bpm_fft": 104.64121390243054,
    "bpm_autocorr": 116.02864012122446,
    "spo2": 72.05132230560437,
    "ratio_r": 1.1237723287157695,
    "resp_rate_rpm": NaN,
    "resp_quality": 0.0,
    "resp_reason": "respiracion experimental no estimable: toma menor de 20 s",
    "quality": 8.23395490029273,
    "quality_label": "dudosa",
    "artifact_ir_pct": 24.835371589840076,
    "artifact_red_pct": 1.877346683354193,
    "pi_ir_pct": 0.01400808529867673,
    "pi_red_pct": 0.015741898636943082,
    "ac_ir": 3.3572304852302657,
    "dc_ir": 23966.376657824934,
    "ac_red": 1.5339148214893292,
    "dc_red": 9744.153846153846,
    "saturation_pct": 0.0,
    "contact_label": "contacto débil / baja perfusión",
    "polarity": "normal",
    "reason": "primeros 1.0 s ignorados; cribado robusto descarta 24.8 % | cv_intervalos=0.30 | dominancia_fft=1.17 | autocorr=0.24 | estimadores coherentes spread=11.4 | BPM por debajo del umbral de calidad | estimada no calibrada",
    "peaks_count": 27
  },
  "temperature": {
    "temp_samples": 1143,
    "temp_c_last": 32.28,
    "temp_c_mean": 32.53523184601925,
    "temp_c_min": 30.65,
    "temp_c_max": 34.2,
    "temp_raw_last": 2327.0
  },
  "bpm_blocks_10s_mean": [
    NaN,
    NaN,
    NaN
  ],
  "sensor_config": {
    "red": 63,
    "ir": 63,
    "avg": 4,
    "rate": 800,
    "width": 411,
    "adc": 16384,
    "skip": 50,
    "debug": false
  },
  "analysis_config": {
    "bpm_min": 45,
    "bpm_max": 180,
    "peak_threshold_sd": 0.55,
    "detrend_seconds": 2.0,
    "smooth_seconds": 0.07,
    "ignore_initial_seconds": 1.0,
    "min_quality_to_accept": 45.0,
    "spo2_formula": "quad",
    "spo2_custom_a": 94.845,
    "spo2_custom_b": 30.354,
    "spo2_custom_c": -45.06
  },
  "files": {
    "raw": "C:\\Users\\julia\\OneDrive\\Desktop\\tesis\\mtestv2\\resultados\\raw\\raw_BLOQUE_16CFG_386_20260610_135136_CFG016_CONFIG_03_-_B3F_AVG4_ADC16384.csv",
    "processed": "C:\\Users\\julia\\OneDrive\\Desktop\\tesis\\mtestv2\\resultados\\processed\\proc_BLOQUE_16CFG_386_20260610_135136_CFG016_CONFIG_03_-_B3F_AVG4_ADC16384.csv",
    "plot": "C:\\Users\\julia\\OneDrive\\Desktop\\tesis\\mtestv2\\resultados\\figures\\plot_BLOQUE_16CFG_386_20260610_135136_CFG016_CONFIG_03_-_B3F_AVG4_ADC16384.png",
    "bpm_blocks_10s": "C:\\Users\\julia\\OneDrive\\Desktop\\tesis\\mtestv2\\resultados\\reports\\bpm_blocks_10s_BLOQUE_16CFG_386_20260610_135136_CFG016_CONFIG_03_-_B3F_AVG4_ADC16384.csv"
  },
  "manual_reference": {
    "pulso_previo": "110",
    "pulso_final_pulsio": "100",
    "pulso_final_fonendo": ""
  },
  "created": "2026-06-10T14:03:03.338300"
}