{
  "session_id": "BLOQUE_7CFG_SIN_CROTAL_20260609_121839_CFG001_CONFIG_01_-_B7F_AVG4_ADC16384",
  "id": "SIN_CROTAL",
  "base_name": "BLOQUE_7CFG_SIN_CROTAL_20260609_121839_CFG001_CONFIG_01_-_B7F_AVG4_ADC16384",
  "mode": "configurations",
  "measurement_condition": "toma con tabla personalizada de configuraciones",
  "config_label": "CONFIG 01 - B7F_AVG4_ADC16384",
  "config_description": "Brillo bajo, sin promediado, rango ADC 8192",
  "reason": "BLOQUE_COMPLETADO",
  "requested_duration_s": 30.0,
  "samples": 1143,
  "metrics": {
    "n": 1027,
    "hz": 38.409656052760944,
    "duration_s": 26.712032999999998,
    "bpm": 71.9776631145571,
    "bpm_peak": 72.04437089843464,
    "bpm_fft": 71.87771892914328,
    "bpm_autocorr": 183.06356539766182,
    "spo2": 98.60467087838235,
    "ratio_r": 0.5100488885847577,
    "resp_rate_rpm": 6.738536149607183,
    "resp_quality": 33.71604911018,
    "resp_reason": "experimental: pico lento 6.7 resp/min; dominancia=1.58; banda=0.20; ciclos~3.0",
    "quality": 68.06605050058491,
    "quality_label": "aceptable",
    "artifact_ir_pct": 3.3866415804327374,
    "artifact_red_pct": 2.6290165530671863,
    "pi_ir_pct": 0.1478899354078627,
    "pi_red_pct": 0.07543109718765195,
    "ac_ir": 125.52840162704992,
    "dc_ir": 84879.61082737487,
    "ac_red": 35.42884062849346,
    "dc_red": 46968.481103166494,
    "saturation_pct": 0.0,
    "contact_label": "contacto débil / baja perfusión",
    "polarity": "invertida",
    "reason": "primeros 1.0 s ignorados; cribado robusto descarta 3.4 % | cv_intervalos=0.18 | dominancia_fft=1.36 | autocorr=0.43 | estimadores coherentes spread=0.2 | estimada no calibrada",
    "peaks_count": 24
  },
  "temperature": {
    "temp_samples": 1143,
    "temp_c_last": 31.32,
    "temp_c_mean": 30.871977252843394,
    "temp_c_min": 29.51,
    "temp_c_max": 32.42,
    "temp_raw_last": 2291.0
  },
  "bpm_blocks_10s_mean": [
    NaN,
    71.9982268730268,
    NaN
  ],
  "sensor_config": {
    "red": 63,
    "ir": 127,
    "avg": 4,
    "rate": 800,
    "width": 411,
    "adc": 16384,
    "skip": 50,
    "debug": false
  },
  "analysis_config": {
    "bpm_min": 45,
    "bpm_max": 180,
    "peak_threshold_sd": 0.55,
    "detrend_seconds": 2.0,
    "smooth_seconds": 0.07,
    "ignore_initial_seconds": 1.0,
    "min_quality_to_accept": 45.0,
    "spo2_formula": "quad",
    "spo2_custom_a": 94.845,
    "spo2_custom_b": 30.354,
    "spo2_custom_c": -45.06
  },
  "files": {
    "raw": "C:\\Users\\julia\\OneDrive\\Desktop\\tesis\\mtestv2\\resultados\\raw\\raw_BLOQUE_7CFG_SIN_CROTAL_20260609_121839_CFG001_CONFIG_01_-_B7F_AVG4_ADC16384.csv",
    "processed": "C:\\Users\\julia\\OneDrive\\Desktop\\tesis\\mtestv2\\resultados\\processed\\proc_BLOQUE_7CFG_SIN_CROTAL_20260609_121839_CFG001_CONFIG_01_-_B7F_AVG4_ADC16384.csv",
    "plot": "C:\\Users\\julia\\OneDrive\\Desktop\\tesis\\mtestv2\\resultados\\figures\\plot_BLOQUE_7CFG_SIN_CROTAL_20260609_121839_CFG001_CONFIG_01_-_B7F_AVG4_ADC16384.png",
    "bpm_blocks_10s": "C:\\Users\\julia\\OneDrive\\Desktop\\tesis\\mtestv2\\resultados\\reports\\bpm_blocks_10s_BLOQUE_7CFG_SIN_CROTAL_20260609_121839_CFG001_CONFIG_01_-_B7F_AVG4_ADC16384.csv"
  },
  "manual_reference": {
    "pulso_previo": "70",
    "pulso_final_pulsio": "70",
    "pulso_final_fonendo": ""
  },
  "created": "2026-06-09T12:22:55.285133"
}