{
  "session_id": "BLOQUE_5CFG_184__Left_20260608_133045_CFG002_CONFIG_03_-_B5F_AVG1_ADC16384",
  "id": "184__Left",
  "base_name": "BLOQUE_5CFG_184__Left_20260608_133045_CFG002_CONFIG_03_-_B5F_AVG1_ADC16384",
  "mode": "configurations",
  "measurement_condition": "toma con tabla personalizada de configuraciones",
  "config_label": "CONFIG 03 - B5F_AVG1_ADC16384",
  "config_description": "Brillo alto, sinpromedio",
  "reason": "BLOQUE_COMPLETADO",
  "requested_duration_s": 48.0,
  "samples": 1865,
  "metrics": {
    "n": 1231,
    "hz": 38.50183295331814,
    "duration_s": 31.946531000000007,
    "bpm": 92.01396735070982,
    "bpm_peak": 125.91385005886544,
    "bpm_fft": 88.68816130188898,
    "bpm_autocorr": 92.01396735070982,
    "spo2": 97.75025412399951,
    "ratio_r": 0.5581111465306441,
    "resp_rate_rpm": 6.650988418039603,
    "resp_quality": 53.163252918046354,
    "resp_reason": "experimental: pico lento 6.7 resp/min; dominancia=1.21; banda=0.83; ciclos~3.0",
    "quality": 0.0,
    "quality_label": "dudosa",
    "artifact_ir_pct": 31.03641456582633,
    "artifact_red_pct": 11.779041429731924,
    "pi_ir_pct": 0.03434487680403412,
    "pi_red_pct": 0.019168258570553206,
    "ac_ir": 13.350767887068912,
    "dc_ir": 38872.66203703704,
    "ac_red": 3.1464730165499466,
    "dc_red": 16415.017592592594,
    "saturation_pct": 0.0,
    "contact_label": "contacto débil / baja perfusión",
    "polarity": "normal",
    "reason": "primeros 1.0 s ignorados; cribado robusto descarta 31.0 % | cv_intervalos=0.30 | dominancia_fft=1.02 | autocorr=0.56 | estimadores discrepantes; se usa autocorr spread=37.2 | BPM por debajo del umbral de calidad | estimada no calibrada",
    "peaks_count": 26
  },
  "temperature": {
    "temp_samples": 1865,
    "temp_c_last": 31.1,
    "temp_c_mean": 31.272214477211797,
    "temp_c_min": 28.94,
    "temp_c_max": 34.09,
    "temp_raw_last": 2283.0
  },
  "bpm_blocks_10s_mean": [
    NaN,
    NaN,
    NaN,
    NaN,
    NaN
  ],
  "sensor_config": {
    "red": 95,
    "ir": 95,
    "avg": 1,
    "rate": 100,
    "width": 411,
    "adc": 16384,
    "skip": 50,
    "debug": false
  },
  "analysis_config": {
    "bpm_min": 45,
    "bpm_max": 180,
    "peak_threshold_sd": 0.55,
    "detrend_seconds": 2.0,
    "smooth_seconds": 0.07,
    "ignore_initial_seconds": 1.0,
    "min_quality_to_accept": 45.0,
    "spo2_formula": "quad",
    "spo2_custom_a": 94.845,
    "spo2_custom_b": 30.354,
    "spo2_custom_c": -45.06
  },
  "files": {
    "raw": "C:\\Users\\julia\\OneDrive\\Desktop\\tesis\\mtestv2\\resultados\\raw\\raw_BLOQUE_5CFG_184__Left_20260608_133045_CFG002_CONFIG_03_-_B5F_AVG1_ADC16384.csv",
    "processed": "C:\\Users\\julia\\OneDrive\\Desktop\\tesis\\mtestv2\\resultados\\processed\\proc_BLOQUE_5CFG_184__Left_20260608_133045_CFG002_CONFIG_03_-_B5F_AVG1_ADC16384.csv",
    "plot": "C:\\Users\\julia\\OneDrive\\Desktop\\tesis\\mtestv2\\resultados\\figures\\plot_BLOQUE_5CFG_184__Left_20260608_133045_CFG002_CONFIG_03_-_B5F_AVG1_ADC16384.png",
    "bpm_blocks_10s": "C:\\Users\\julia\\OneDrive\\Desktop\\tesis\\mtestv2\\resultados\\reports\\bpm_blocks_10s_BLOQUE_5CFG_184__Left_20260608_133045_CFG002_CONFIG_03_-_B5F_AVG1_ADC16384.csv"
  },
  "manual_reference": {
    "pulso_previo": "70",
    "pulso_final_pulsio": "82",
    "pulso_final_fonendo": ""
  },
  "created": "2026-06-08T13:35:13.842097"
}