{
  "session_id": "BLOQUE_8CFG_184_20260610_141601_CFG003_CONFIG_02_-_B5F_AVG4_ADC16384",
  "id": "184",
  "base_name": "BLOQUE_8CFG_184_20260610_141601_CFG003_CONFIG_02_-_B5F_AVG4_ADC16384",
  "mode": "configurations",
  "measurement_condition": "RIGHT",
  "config_label": "CONFIG 02 - B5F_AVG4_ADC16384",
  "config_description": "Brillo bajo, promediado x4, rango ADC 8192",
  "reason": "BLOQUE_COMPLETADO",
  "requested_duration_s": 30.0,
  "samples": 1144,
  "metrics": {
    "n": 1057,
    "hz": 39.508814150800134,
    "duration_s": 26.728212999999997,
    "bpm": 47.14119870265926,
    "bpm_peak": 107.97439892144124,
    "bpm_fft": 47.14119870265926,
    "bpm_autocorr": 182.34837300369293,
    "spo2": 93.79674907335195,
    "ratio_r": 0.7065600910121138,
    "resp_rate_rpm": 8.979275943363668,
    "resp_quality": 58.08630269946482,
    "resp_reason": "experimental: pico lento 9.0 resp/min; dominancia=1.50; banda=0.80; ciclos~4.0",
    "quality": 17.28272258130373,
    "quality_label": "dudosa",
    "artifact_ir_pct": 0.6578947368421052,
    "artifact_red_pct": 0.0,
    "pi_ir_pct": 0.03564860674579365,
    "pi_red_pct": 0.025187882826763014,
    "ac_ir": 13.842494300436197,
    "dc_ir": 38830.3935666982,
    "ac_red": 4.394844944042647,
    "dc_red": 17448.250709555345,
    "saturation_pct": 0.0,
    "contact_label": "contacto débil / baja perfusión",
    "polarity": "normal",
    "reason": "primeros 1.0 s ignorados; cribado robusto descarta 0.7 % | cv_intervalos=0.35 | dominancia_fft=1.06 | autocorr=0.67 | estimadores discrepantes; se usa FFT spread=60.8 | BPM por debajo del umbral de calidad | estimada no calibrada",
    "peaks_count": 26
  },
  "temperature": {
    "temp_samples": 1144,
    "temp_c_last": 32.2,
    "temp_c_mean": 31.686931818181815,
    "temp_c_min": 28.94,
    "temp_c_max": 33.29,
    "temp_raw_last": 2324.0
  },
  "bpm_blocks_10s_mean": [
    NaN,
    NaN,
    NaN
  ],
  "sensor_config": {
    "red": 95,
    "ir": 95,
    "avg": 4,
    "rate": 800,
    "width": 411,
    "adc": 16384,
    "skip": 50,
    "debug": false
  },
  "analysis_config": {
    "bpm_min": 45,
    "bpm_max": 180,
    "peak_threshold_sd": 0.55,
    "detrend_seconds": 2.0,
    "smooth_seconds": 0.07,
    "ignore_initial_seconds": 1.0,
    "min_quality_to_accept": 45.0,
    "spo2_formula": "quad",
    "spo2_custom_a": 94.845,
    "spo2_custom_b": 30.354,
    "spo2_custom_c": -45.06
  },
  "files": {
    "raw": "C:\\Users\\julia\\OneDrive\\Desktop\\tesis\\mtestv2\\resultados\\raw\\raw_BLOQUE_8CFG_184_20260610_141601_CFG003_CONFIG_02_-_B5F_AVG4_ADC16384.csv",
    "processed": "C:\\Users\\julia\\OneDrive\\Desktop\\tesis\\mtestv2\\resultados\\processed\\proc_BLOQUE_8CFG_184_20260610_141601_CFG003_CONFIG_02_-_B5F_AVG4_ADC16384.csv",
    "plot": "C:\\Users\\julia\\OneDrive\\Desktop\\tesis\\mtestv2\\resultados\\figures\\plot_BLOQUE_8CFG_184_20260610_141601_CFG003_CONFIG_02_-_B5F_AVG4_ADC16384.png",
    "bpm_blocks_10s": "C:\\Users\\julia\\OneDrive\\Desktop\\tesis\\mtestv2\\resultados\\reports\\bpm_blocks_10s_BLOQUE_8CFG_184_20260610_141601_CFG003_CONFIG_02_-_B5F_AVG4_ADC16384.csv"
  },
  "manual_reference": {
    "pulso_previo": "84",
    "pulso_final_pulsio": "85",
    "pulso_final_fonendo": ""
  },
  "created": "2026-06-10T14:20:44.126324"
}