{
  "session_id": "BLOQUE_12CFG_184_20260609_133934_CFG005_CONFIG_02_-_B5F_AVG4_ADC16384",
  "id": "184",
  "base_name": "BLOQUE_12CFG_184_20260609_133934_CFG005_CONFIG_02_-_B5F_AVG4_ADC16384",
  "mode": "configurations",
  "measurement_condition": "RIGHT",
  "config_label": "CONFIG 02 - B5F_AVG4_ADC16384",
  "config_description": "Brillo medio, sin promediado, rango ADC 8192",
  "reason": "BLOQUE_COMPLETADO",
  "requested_duration_s": 60.0,
  "samples": 2336,
  "metrics": {
    "n": 2135,
    "hz": 39.23524513469629,
    "duration_s": 54.38987300000002,
    "bpm": 179.13188656875235,
    "bpm_peak": 110.89116787589381,
    "bpm_fft": 69.794964367178,
    "bpm_autocorr": 179.13188656875235,
    "spo2": 99.14827225252318,
    "ratio_r": 0.47077705621472266,
    "resp_rate_rpm": 7.754730803092914,
    "resp_quality": 82.2193568187259,
    "resp_reason": "experimental: pico lento 7.8 resp/min; dominancia=1.04; banda=0.98; ciclos~7.0",
    "quality": 24.404929741538727,
    "quality_label": "dudosa",
    "artifact_ir_pct": 5.363475177304965,
    "artifact_red_pct": 1.1709601873536302,
    "pi_ir_pct": 0.06293603999823547,
    "pi_red_pct": 0.02962884364018133,
    "ac_ir": 27.08835065411242,
    "dc_ir": 43041.078934854966,
    "ac_red": 5.761342593791036,
    "dc_red": 19445.047075606275,
    "saturation_pct": 0.0,
    "contact_label": "contacto débil / baja perfusión",
    "polarity": "invertida",
    "reason": "primeros 1.0 s ignorados; cribado robusto descarta 5.4 % | cv_intervalos=0.37 | dominancia_fft=1.04 | autocorr=0.69 | estimadores discrepantes; se usa autocorr spread=109.3 | BPM por debajo del umbral de calidad | estimada no calibrada",
    "peaks_count": 37
  },
  "temperature": {
    "temp_samples": 2336,
    "temp_c_last": 33.21,
    "temp_c_mean": 32.92523972602741,
    "temp_c_min": 30.36,
    "temp_c_max": 34.61,
    "temp_raw_last": 2361.0
  },
  "bpm_blocks_10s_mean": [
    NaN,
    NaN,
    NaN,
    NaN,
    NaN,
    NaN
  ],
  "sensor_config": {
    "red": 95,
    "ir": 95,
    "avg": 4,
    "rate": 800,
    "width": 411,
    "adc": 16384,
    "skip": 50,
    "debug": false
  },
  "analysis_config": {
    "bpm_min": 45,
    "bpm_max": 180,
    "peak_threshold_sd": 0.55,
    "detrend_seconds": 2.0,
    "smooth_seconds": 0.07,
    "ignore_initial_seconds": 1.0,
    "min_quality_to_accept": 45.0,
    "spo2_formula": "quad",
    "spo2_custom_a": 94.845,
    "spo2_custom_b": 30.354,
    "spo2_custom_c": -45.06
  },
  "files": {
    "raw": "C:\\Users\\julia\\OneDrive\\Desktop\\tesis\\mtestv2\\resultados\\raw\\raw_BLOQUE_12CFG_184_20260609_133934_CFG005_CONFIG_02_-_B5F_AVG4_ADC16384.csv",
    "processed": "C:\\Users\\julia\\OneDrive\\Desktop\\tesis\\mtestv2\\resultados\\processed\\proc_BLOQUE_12CFG_184_20260609_133934_CFG005_CONFIG_02_-_B5F_AVG4_ADC16384.csv",
    "plot": "C:\\Users\\julia\\OneDrive\\Desktop\\tesis\\mtestv2\\resultados\\figures\\plot_BLOQUE_12CFG_184_20260609_133934_CFG005_CONFIG_02_-_B5F_AVG4_ADC16384.png",
    "bpm_blocks_10s": "C:\\Users\\julia\\OneDrive\\Desktop\\tesis\\mtestv2\\resultados\\reports\\bpm_blocks_10s_BLOQUE_12CFG_184_20260609_133934_CFG005_CONFIG_02_-_B5F_AVG4_ADC16384.csv"
  },
  "manual_reference": {
    "pulso_previo": "77",
    "pulso_final_pulsio": "75",
    "pulso_final_fonendo": ""
  },
  "created": "2026-06-09T13:52:35.016498"
}