{
  "session_id": "BLOQUE_12CFG_184_20260603_123040_CFG003_3M_03_-_RED127_IR127_AVG1_ADC16384",
  "id": "184",
  "base_name": "BLOQUE_12CFG_184_20260603_123040_CFG003_3M_03_-_RED127_IR127_AVG1_ADC16384",
  "mode": "experimento_3m",
  "measurement_condition": "Experimento 3M: optimizacion adaptativa con BPM manual, PPG y SpO2, exprimento numero 1 en oveja",
  "config_label": "3M 03 - RED127 IR127 AVG1 ADC16384",
  "config_description": "Experimento 3M: sube IR porque el PI IR es muy bajo; sube RED relativo a IR para mejorar SpO2",
  "reason": "BLOQUE_COMPLETADO",
  "requested_duration_s": 50.0,
  "samples": 1944,
  "metrics": {
    "n": 1904,
    "hz": 39.88717567565585,
    "duration_s": 47.70957,
    "bpm": 45.27393560662987,
    "bpm_peak": 89.06095420813554,
    "bpm_fft": 45.27393560662987,
    "bpm_autocorr": 181.48269914110602,
    "spo2": 88.36293596769268,
    "ratio_r": 0.8440651905081908,
    "resp_rate_rpm": 11.318483901657466,
    "resp_quality": 85.06750870321956,
    "resp_reason": "experimental: pico lento 11.3 resp/min; dominancia=1.21; banda=0.91; ciclos~9.0",
    "quality": 25.82273151643884,
    "quality_label": "dudosa",
    "artifact_ir_pct": 1.4180672268907564,
    "artifact_red_pct": 0.26260504201680673,
    "pi_ir_pct": 0.029044597009909925,
    "pi_red_pct": 0.024515533308403253,
    "ac_ir": 11.274371511963706,
    "dc_ir": 38817.448588172614,
    "ac_red": 3.0617614117708554,
    "dc_red": 12489.067128396377,
    "saturation_pct": 0.0,
    "contact_label": "contacto débil / baja perfusión",
    "polarity": "invertida",
    "reason": "cv_intervalos=0.37 | dominancia_fft=1.41 | autocorr=0.45 | estimadores discrepantes; se usa FFT spread=43.8 | BPM por debajo del umbral de calidad | estimada no calibrada",
    "peaks_count": 55
  },
  "temperature": {
    "temp_samples": 1944,
    "temp_c_last": 33.89,
    "temp_c_mean": 33.85466563786008,
    "temp_c_min": 30.25,
    "temp_c_max": 36.27,
    "temp_raw_last": 2386.0
  },
  "bpm_blocks_10s_mean": [
    NaN,
    NaN,
    NaN,
    NaN,
    NaN
  ],
  "sensor_config": {
    "red": 127,
    "ir": 127,
    "avg": 1,
    "rate": 100,
    "width": 411,
    "adc": 16384,
    "skip": 50,
    "debug": false
  },
  "analysis_config": {
    "bpm_min": 45,
    "bpm_max": 180,
    "peak_threshold_sd": 0.55,
    "detrend_seconds": 2.0,
    "smooth_seconds": 0.07,
    "ignore_initial_seconds": 1.0,
    "min_quality_to_accept": 45.0,
    "spo2_formula": "quad",
    "spo2_custom_a": 94.845,
    "spo2_custom_b": 30.354,
    "spo2_custom_c": -45.06
  },
  "files": {
    "raw": "C:\\Users\\julia\\OneDrive\\Desktop\\tesis\\mtestv2\\resultados\\raw\\raw_BLOQUE_12CFG_184_20260603_123040_CFG003_3M_03_-_RED127_IR127_AVG1_ADC16384.csv",
    "processed": "C:\\Users\\julia\\OneDrive\\Desktop\\tesis\\mtestv2\\resultados\\processed\\proc_BLOQUE_12CFG_184_20260603_123040_CFG003_3M_03_-_RED127_IR127_AVG1_ADC16384.csv",
    "plot": "C:\\Users\\julia\\OneDrive\\Desktop\\tesis\\mtestv2\\resultados\\figures\\plot_BLOQUE_12CFG_184_20260603_123040_CFG003_3M_03_-_RED127_IR127_AVG1_ADC16384.png",
    "bpm_blocks_10s": "C:\\Users\\julia\\OneDrive\\Desktop\\tesis\\mtestv2\\resultados\\reports\\bpm_blocks_10s_BLOQUE_12CFG_184_20260603_123040_CFG003_3M_03_-_RED127_IR127_AVG1_ADC16384.csv"
  },
  "manual_reference": {
    "pulso_previo": "74",
    "pulso_final_pulsio": "85",
    "pulso_final_fonendo": ""
  },
  "created": "2026-06-03T12:41:58.659293"
}