{
  "session_id": "BLOQUE_7CFG_SIN_CROTAL_20260609_123429_CFG006_CONFIG_06_-_B3_1F_AVG4_ADC1634",
  "id": "SIN_CROTAL",
  "base_name": "BLOQUE_7CFG_SIN_CROTAL_20260609_123429_CFG006_CONFIG_06_-_B3_1F_AVG4_ADC1634",
  "mode": "configurations",
  "measurement_condition": "toma con tabla personalizada de configuraciones",
  "config_label": "CONFIG 06 - B3/1F_AVG4_ADC1634",
  "config_description": "Brillo medio, sin promediado, rango ADC 16384",
  "reason": "BLOQUE_COMPLETADO",
  "requested_duration_s": 30.0,
  "samples": 1142,
  "metrics": {
    "n": 983,
    "hz": 36.80614697136762,
    "duration_s": 26.68032599999998,
    "bpm": 70.23902181704983,
    "bpm_peak": 70.23902181704983,
    "bpm_fft": 71.96313868128904,
    "bpm_autocorr": 175.59755454262452,
    "spo2": 95.79070705233165,
    "ratio_r": 0.6408872252422829,
    "resp_rate_rpm": 13.493088502741696,
    "resp_quality": 61.62664185264605,
    "resp_reason": "experimental: pico lento 13.5 resp/min; dominancia=1.03; banda=0.75; ciclos~6.0",
    "quality": 14.308140866149856,
    "quality_label": "dudosa",
    "artifact_ir_pct": 7.43879472693032,
    "artifact_red_pct": 3.8657171922685656,
    "pi_ir_pct": 0.04519394236968925,
    "pi_red_pct": 0.02896422032306979,
    "ac_ir": 21.96563493690418,
    "dc_ir": 48603.05117270789,
    "ac_red": 7.216018631046824,
    "dc_red": 24913.560767590618,
    "saturation_pct": 0.0,
    "contact_label": "contacto débil / baja perfusión",
    "polarity": "invertida",
    "reason": "primeros 1.0 s ignorados; cribado robusto descarta 7.4 % | cv_intervalos=0.21 | dominancia_fft=1.51 | autocorr=0.12 | estimadores discrepantes; se usa picos spread=105.4 | BPM por debajo del umbral de calidad | estimada no calibrada",
    "peaks_count": 27
  },
  "temperature": {
    "temp_samples": 1142,
    "temp_c_last": 31.1,
    "temp_c_mean": 31.13583187390543,
    "temp_c_min": 29.91,
    "temp_c_max": 32.45,
    "temp_raw_last": 2283.0
  },
  "bpm_blocks_10s_mean": [
    NaN,
    NaN,
    NaN
  ],
  "sensor_config": {
    "red": 31,
    "ir": 63,
    "avg": 4,
    "rate": 400,
    "width": 411,
    "adc": 16384,
    "skip": 50,
    "debug": false
  },
  "analysis_config": {
    "bpm_min": 45,
    "bpm_max": 180,
    "peak_threshold_sd": 0.55,
    "detrend_seconds": 2.0,
    "smooth_seconds": 0.07,
    "ignore_initial_seconds": 1.0,
    "min_quality_to_accept": 45.0,
    "spo2_formula": "quad",
    "spo2_custom_a": 94.845,
    "spo2_custom_b": 30.354,
    "spo2_custom_c": -45.06
  },
  "files": {
    "raw": "C:\\Users\\julia\\OneDrive\\Desktop\\tesis\\mtestv2\\resultados\\raw\\raw_BLOQUE_7CFG_SIN_CROTAL_20260609_123429_CFG006_CONFIG_06_-_B3_1F_AVG4_ADC1634.csv",
    "processed": "C:\\Users\\julia\\OneDrive\\Desktop\\tesis\\mtestv2\\resultados\\processed\\proc_BLOQUE_7CFG_SIN_CROTAL_20260609_123429_CFG006_CONFIG_06_-_B3_1F_AVG4_ADC1634.csv",
    "plot": "C:\\Users\\julia\\OneDrive\\Desktop\\tesis\\mtestv2\\resultados\\figures\\plot_BLOQUE_7CFG_SIN_CROTAL_20260609_123429_CFG006_CONFIG_06_-_B3_1F_AVG4_ADC1634.png",
    "bpm_blocks_10s": "C:\\Users\\julia\\OneDrive\\Desktop\\tesis\\mtestv2\\resultados\\reports\\bpm_blocks_10s_BLOQUE_7CFG_SIN_CROTAL_20260609_123429_CFG006_CONFIG_06_-_B3_1F_AVG4_ADC1634.csv"
  },
  "manual_reference": {
    "pulso_previo": "73",
    "pulso_final_pulsio": "70",
    "pulso_final_fonendo": ""
  },
  "created": "2026-06-09T12:40:15.451175"
}