{
  "session_id": "SIN_CROTAL_20260603_121624",
  "id": "SIN_CROTAL",
  "base_name": "SIN_CROTAL_20260603_121624",
  "mode": "normal",
  "measurement_condition": "",
  "config_label": "manual",
  "reason": "DURACION_COMPLETADA_PYTHON",
  "requested_duration_s": 20.0,
  "samples": 788,
  "metrics": {
    "n": 748,
    "hz": 39.89749068818204,
    "duration_s": 18.722982000000002,
    "bpm": 88.88644948055632,
    "bpm_peak": 88.66109041818234,
    "bpm_fft": 89.72929632683511,
    "bpm_autocorr": 88.6610904181823,
    "spo2": 96.02050648519963,
    "ratio_r": 0.6323822851969306,
    "resp_rate_rpm": NaN,
    "resp_quality": 0.0,
    "resp_reason": "respiracion experimental no estimable: toma menor de 20 s",
    "quality": 100.0,
    "quality_label": "buena",
    "artifact_ir_pct": 0.0,
    "artifact_red_pct": 0.6684491978609626,
    "pi_ir_pct": 0.8133611268586095,
    "pi_red_pct": 0.514355168093198,
    "ac_ir": 109.60523981666188,
    "dc_ir": 13475.5935828877,
    "ac_red": 36.91573800965618,
    "dc_red": 7177.090909090909,
    "saturation_pct": 0.0,
    "contact_label": "contacto útil",
    "polarity": "invertida",
    "reason": "cv_intervalos=0.02 | dominancia_fft=1.90 | autocorr=0.95 | estimadores coherentes spread=1.1 | estimada no calibrada",
    "peaks_count": 28
  },
  "temperature": {
    "temp_samples": 788,
    "temp_c_last": 33.48,
    "temp_c_mean": 33.16539340101522,
    "temp_c_min": 31.05,
    "temp_c_max": 36.07,
    "temp_raw_last": 2371.0
  },
  "bpm_blocks_2s_orientative": [
    NaN,
    90.1877860017533,
    88.21523642794591,
    88.19606341074856,
    88.19281071427149,
    88.19502611917345,
    88.20204642182777,
    88.19682904748862,
    89.5832491304292,
    NaN
  ],
  "bpm_blocks_10s_mean": [
    88.90281843900294,
    88.43391946159241
  ],
  "sensor_config": {
    "red": 31,
    "ir": 31,
    "avg": 1,
    "rate": 100,
    "width": 411,
    "adc": 16384,
    "skip": 10,
    "debug": false
  },
  "analysis_config": {
    "bpm_min": 45,
    "bpm_max": 180,
    "peak_threshold_sd": 0.55,
    "detrend_seconds": 2.0,
    "smooth_seconds": 0.07,
    "ignore_initial_seconds": 1.0,
    "min_quality_to_accept": 45.0,
    "spo2_formula": "quad",
    "spo2_custom_a": 94.845,
    "spo2_custom_b": 30.354,
    "spo2_custom_c": -45.06
  },
  "config_confirmation": {
    "status": "confirmada",
    "command": "",
    "arduino_cfg_line": "CFG RED=31 IR=31 AVG=1 RATE=100 WIDTH=411 ADC=16384 SKIP=10 DEBUG=0"
  },
  "manual_reference": {
    "pulso_previo": "",
    "pulso_final_pulsio": "",
    "pulso_final_fonendo": ""
  },
  "files": {
    "raw": "C:\\Users\\julia\\OneDrive\\Desktop\\tesis\\mtestv2\\resultados\\raw\\raw_SIN_CROTAL_20260603_121624.csv",
    "processed": "C:\\Users\\julia\\OneDrive\\Desktop\\tesis\\mtestv2\\resultados\\processed\\proc_SIN_CROTAL_20260603_121624.csv",
    "plot": "C:\\Users\\julia\\OneDrive\\Desktop\\tesis\\mtestv2\\resultados\\figures\\plot_SIN_CROTAL_20260603_121624.png",
    "screenshot": "C:\\Users\\julia\\OneDrive\\Desktop\\tesis\\mtestv2\\resultados\\screenshots\\screen_SIN_CROTAL_20260603_121624.png",
    "config": "C:\\Users\\julia\\OneDrive\\Desktop\\tesis\\mtestv2\\resultados\\configs\\config_SIN_CROTAL_20260603_121624_20260603_121624.json",
    "bpm_blocks_10s": "C:\\Users\\julia\\OneDrive\\Desktop\\tesis\\mtestv2\\resultados\\reports\\bpm_blocks_10s_SIN_CROTAL_20260603_121624.csv"
  },
  "created": "2026-06-03T12:16:46.758423"
}