{
  "session_id": "BLOQUE_12CFG_184_20260609_133934_CFG010_CONFIG_01_-_B7F_AVG4_ADC16384",
  "id": "184",
  "base_name": "BLOQUE_12CFG_184_20260609_133934_CFG010_CONFIG_01_-_B7F_AVG4_ADC16384",
  "mode": "configurations",
  "measurement_condition": "RIGHT",
  "config_label": "CONFIG 01 - B7F_AVG4_ADC16384",
  "config_description": "Brillo alto, sin promediado, rango ADC 16384",
  "reason": "BLOQUE_COMPLETADO",
  "requested_duration_s": 60.0,
  "samples": 2336,
  "metrics": {
    "n": 2238,
    "hz": 39.437326489867125,
    "duration_s": 56.72291199999995,
    "bpm": 78.2752479280331,
    "bpm_peak": 123.75951361594379,
    "bpm_fft": 78.2752479280331,
    "bpm_autocorr": 180.8792891309954,
    "spo2": 98.88687592384628,
    "ratio_r": 0.4909156451075737,
    "resp_rate_rpm": 7.404415344543671,
    "resp_quality": 81.51362194628575,
    "resp_reason": "experimental: pico lento 7.4 resp/min; dominancia=1.22; banda=0.93; ciclos~7.0",
    "quality": 16.980429538465348,
    "quality_label": "dudosa",
    "artifact_ir_pct": 0.7978723404255319,
    "artifact_red_pct": 0.3127792672028597,
    "pi_ir_pct": 0.0637011303900973,
    "pi_red_pct": 0.031271881519536276,
    "ac_ir": 37.71319991354988,
    "dc_ir": 59203.344874100716,
    "ac_red": 3.8616111016594985,
    "dc_red": 12348.508992805755,
    "saturation_pct": 0.0,
    "contact_label": "contacto débil / baja perfusión",
    "polarity": "normal",
    "reason": "primeros 1.0 s ignorados; cribado robusto descarta 0.8 % | cv_intervalos=0.32 | dominancia_fft=1.03 | autocorr=0.66 | estimadores discrepantes; se usa FFT spread=45.5 | BPM por debajo del umbral de calidad | estimada no calibrada",
    "peaks_count": 52
  },
  "temperature": {
    "temp_samples": 2336,
    "temp_c_last": 33.73,
    "temp_c_mean": 33.86684075342466,
    "temp_c_min": 31.42,
    "temp_c_max": 35.99,
    "temp_raw_last": 2380.0
  },
  "bpm_blocks_10s_mean": [
    NaN,
    NaN,
    NaN,
    NaN,
    NaN,
    NaN
  ],
  "sensor_config": {
    "red": 63,
    "ir": 127,
    "avg": 4,
    "rate": 800,
    "width": 411,
    "adc": 16384,
    "skip": 50,
    "debug": false
  },
  "analysis_config": {
    "bpm_min": 45,
    "bpm_max": 180,
    "peak_threshold_sd": 0.55,
    "detrend_seconds": 2.0,
    "smooth_seconds": 0.07,
    "ignore_initial_seconds": 1.0,
    "min_quality_to_accept": 45.0,
    "spo2_formula": "quad",
    "spo2_custom_a": 94.845,
    "spo2_custom_b": 30.354,
    "spo2_custom_c": -45.06
  },
  "files": {
    "raw": "C:\\Users\\julia\\OneDrive\\Desktop\\tesis\\mtestv2\\resultados\\raw\\raw_BLOQUE_12CFG_184_20260609_133934_CFG010_CONFIG_01_-_B7F_AVG4_ADC16384.csv",
    "processed": "C:\\Users\\julia\\OneDrive\\Desktop\\tesis\\mtestv2\\resultados\\processed\\proc_BLOQUE_12CFG_184_20260609_133934_CFG010_CONFIG_01_-_B7F_AVG4_ADC16384.csv",
    "plot": "C:\\Users\\julia\\OneDrive\\Desktop\\tesis\\mtestv2\\resultados\\figures\\plot_BLOQUE_12CFG_184_20260609_133934_CFG010_CONFIG_01_-_B7F_AVG4_ADC16384.png",
    "bpm_blocks_10s": "C:\\Users\\julia\\OneDrive\\Desktop\\tesis\\mtestv2\\resultados\\reports\\bpm_blocks_10s_BLOQUE_12CFG_184_20260609_133934_CFG010_CONFIG_01_-_B7F_AVG4_ADC16384.csv"
  },
  "manual_reference": {
    "pulso_previo": "75",
    "pulso_final_pulsio": "77",
    "pulso_final_fonendo": ""
  },
  "created": "2026-06-09T13:52:36.570505"
}