{
  "session_id": "BLOQUE_12CFG_584_20260609_141436_CFG012_CONFIG_03_-_B3F_AVG4_ADC16384",
  "id": "584",
  "base_name": "BLOQUE_12CFG_584_20260609_141436_CFG012_CONFIG_03_-_B3F_AVG4_ADC16384",
  "mode": "configurations",
  "measurement_condition": "LEFT",
  "config_label": "CONFIG 03 - B3F_AVG4_ADC16384",
  "config_description": "X+",
  "reason": "BLOQUE_COMPLETADO",
  "requested_duration_s": 60.0,
  "samples": 2336,
  "metrics": {
    "n": 2130,
    "hz": 37.52997285713897,
    "duration_s": 56.727992000000086,
    "bpm": 99.99873206735847,
    "bpm_peak": 99.99873206735847,
    "bpm_fft": 49.71090815271578,
    "bpm_autocorr": 183.33100879015748,
    "spo2": 75.12628207575472,
    "ratio_r": 1.0791492619974776,
    "resp_rate_rpm": 7.403752278064053,
    "resp_quality": 81.64501191900797,
    "resp_reason": "experimental: pico lento 7.4 resp/min; dominancia=1.01; banda=0.97; ciclos~7.0",
    "quality": 18.12098952471092,
    "quality_label": "dudosa",
    "artifact_ir_pct": 5.585106382978723,
    "artifact_red_pct": 2.3004694835680755,
    "pi_ir_pct": 0.1096798009884578,
    "pi_red_pct": 0.11836087629272445,
    "ac_ir": 27.356398154835794,
    "dc_ir": 24942.05670350793,
    "ac_red": 13.153848008562163,
    "dc_red": 11113.341182123979,
    "saturation_pct": 0.0,
    "contact_label": "contacto débil / baja perfusión",
    "polarity": "normal",
    "reason": "primeros 1.0 s ignorados; cribado robusto descarta 5.6 % | cv_intervalos=0.22 | dominancia_fft=1.02 | autocorr=0.82 | estimadores discrepantes; se usa picos spread=50.3 | BPM por debajo del umbral de calidad | estimada no calibrada",
    "peaks_count": 30
  },
  "temperature": {
    "temp_samples": 2336,
    "temp_c_last": 35.31,
    "temp_c_mean": 35.12885702054795,
    "temp_c_min": 32.39,
    "temp_c_max": 36.96,
    "temp_raw_last": 2437.0
  },
  "bpm_blocks_10s_mean": [
    97.15585841342102,
    99.1497814538219,
    94.2454271180065,
    NaN,
    NaN,
    NaN
  ],
  "sensor_config": {
    "red": 63,
    "ir": 63,
    "avg": 4,
    "rate": 800,
    "width": 411,
    "adc": 16384,
    "skip": 50,
    "debug": false
  },
  "analysis_config": {
    "bpm_min": 45,
    "bpm_max": 180,
    "peak_threshold_sd": 0.55,
    "detrend_seconds": 2.0,
    "smooth_seconds": 0.07,
    "ignore_initial_seconds": 1.0,
    "min_quality_to_accept": 45.0,
    "spo2_formula": "quad",
    "spo2_custom_a": 94.845,
    "spo2_custom_b": 30.354,
    "spo2_custom_c": -45.06
  },
  "files": {
    "raw": "C:\\Users\\julia\\OneDrive\\Desktop\\tesis\\mtestv2\\resultados\\raw\\raw_BLOQUE_12CFG_584_20260609_141436_CFG012_CONFIG_03_-_B3F_AVG4_ADC16384.csv",
    "processed": "C:\\Users\\julia\\OneDrive\\Desktop\\tesis\\mtestv2\\resultados\\processed\\proc_BLOQUE_12CFG_584_20260609_141436_CFG012_CONFIG_03_-_B3F_AVG4_ADC16384.csv",
    "plot": "C:\\Users\\julia\\OneDrive\\Desktop\\tesis\\mtestv2\\resultados\\figures\\plot_BLOQUE_12CFG_584_20260609_141436_CFG012_CONFIG_03_-_B3F_AVG4_ADC16384.png",
    "bpm_blocks_10s": "C:\\Users\\julia\\OneDrive\\Desktop\\tesis\\mtestv2\\resultados\\reports\\bpm_blocks_10s_BLOQUE_12CFG_584_20260609_141436_CFG012_CONFIG_03_-_B3F_AVG4_ADC16384.csv"
  },
  "manual_reference": {
    "pulso_previo": "95",
    "pulso_final_pulsio": "110",
    "pulso_final_fonendo": ""
  },
  "created": "2026-06-09T14:29:27.092610"
}