{
  "session_id": "BLOQUE_12CFG_584_20260609_143715_CFG002_CONFIG_02_-_B5F_AVG4_ADC16384",
  "id": "584",
  "base_name": "BLOQUE_12CFG_584_20260609_143715_CFG002_CONFIG_02_-_B5F_AVG4_ADC16384",
  "mode": "configurations",
  "measurement_condition": "TRUELEFT",
  "config_label": "CONFIG 02 - B5F_AVG4_ADC16384",
  "config_description": "Brillo bajo, sin promediado, rango ADC 16384",
  "reason": "BLOQUE_COMPLETADO",
  "requested_duration_s": 60.0,
  "samples": 2335,
  "metrics": {
    "n": 2112,
    "hz": 37.22924607531704,
    "duration_s": 56.702732999999995,
    "bpm": 70.89605363466345,
    "bpm_peak": 81.24693172942976,
    "bpm_fft": 70.89605363466345,
    "bpm_autocorr": 179.356434195156,
    "spo2": 93.26741703619446,
    "ratio_r": 0.7221184954849291,
    "resp_rate_rpm": 9.523350488238373,
    "resp_quality": 86.6632837216039,
    "resp_reason": "experimental: pico lento 9.5 resp/min; dominancia=1.02; banda=1.00; ciclos~9.0",
    "quality": 7.998710835170357,
    "quality_label": "dudosa",
    "artifact_ir_pct": 6.341463414634147,
    "artifact_red_pct": 2.9829545454545454,
    "pi_ir_pct": 0.18266937683224863,
    "pi_red_pct": 0.13190893556927294,
    "ac_ir": 70.472893187735,
    "dc_ir": 38579.47862407863,
    "ac_red": 26.011210512061208,
    "dc_red": 19719.06633906634,
    "saturation_pct": 0.0,
    "contact_label": "contacto útil",
    "polarity": "invertida",
    "reason": "primeros 1.0 s ignorados; cribado robusto descarta 6.3 % | cv_intervalos=0.30 | dominancia_fft=1.08 | autocorr=0.10 | estimadores discrepantes; se usa FFT spread=108.5 | BPM por debajo del umbral de calidad | estimada no calibrada",
    "peaks_count": 74
  },
  "temperature": {
    "temp_samples": 2335,
    "temp_c_last": 35.03,
    "temp_c_mean": 35.11071520342612,
    "temp_c_min": 32.72,
    "temp_c_max": 37.8,
    "temp_raw_last": 2427.0
  },
  "bpm_blocks_10s_mean": [
    NaN,
    NaN,
    NaN,
    NaN,
    NaN,
    NaN
  ],
  "sensor_config": {
    "red": 95,
    "ir": 95,
    "avg": 4,
    "rate": 800,
    "width": 411,
    "adc": 16384,
    "skip": 50,
    "debug": false
  },
  "analysis_config": {
    "bpm_min": 45,
    "bpm_max": 180,
    "peak_threshold_sd": 0.55,
    "detrend_seconds": 2.0,
    "smooth_seconds": 0.07,
    "ignore_initial_seconds": 1.0,
    "min_quality_to_accept": 45.0,
    "spo2_formula": "quad",
    "spo2_custom_a": 94.845,
    "spo2_custom_b": 30.354,
    "spo2_custom_c": -45.06
  },
  "files": {
    "raw": "C:\\Users\\julia\\OneDrive\\Desktop\\tesis\\mtestv2\\resultados\\raw\\raw_BLOQUE_12CFG_584_20260609_143715_CFG002_CONFIG_02_-_B5F_AVG4_ADC16384.csv",
    "processed": "C:\\Users\\julia\\OneDrive\\Desktop\\tesis\\mtestv2\\resultados\\processed\\proc_BLOQUE_12CFG_584_20260609_143715_CFG002_CONFIG_02_-_B5F_AVG4_ADC16384.csv",
    "plot": "C:\\Users\\julia\\OneDrive\\Desktop\\tesis\\mtestv2\\resultados\\figures\\plot_BLOQUE_12CFG_584_20260609_143715_CFG002_CONFIG_02_-_B5F_AVG4_ADC16384.png",
    "bpm_blocks_10s": "C:\\Users\\julia\\OneDrive\\Desktop\\tesis\\mtestv2\\resultados\\reports\\bpm_blocks_10s_BLOQUE_12CFG_584_20260609_143715_CFG002_CONFIG_02_-_B5F_AVG4_ADC16384.csv"
  },
  "manual_reference": {
    "pulso_previo": "111",
    "pulso_final_pulsio": "100",
    "pulso_final_fonendo": ""
  },
  "created": "2026-06-09T14:50:56.284654"
}