{
  "session_id": "BLOQUE_16CFG_386_20260610_132433_CFG006_CONFIG_03_-_B3F_AVG4_ADC16384",
  "id": "386",
  "base_name": "BLOQUE_16CFG_386_20260610_132433_CFG006_CONFIG_03_-_B3F_AVG4_ADC16384",
  "mode": "configurations",
  "measurement_condition": "RIGHT",
  "config_label": "CONFIG 03 - B3F_AVG4_ADC16384",
  "config_description": "Brillo medio, sin promediado, rango ADC 16384",
  "reason": "BLOQUE_COMPLETADO",
  "requested_duration_s": 30.0,
  "samples": 1142,
  "metrics": {
    "n": 995,
    "hz": 37.251755835652425,
    "duration_s": 26.683306000000016,
    "bpm": 98.17343850693946,
    "bpm_peak": 100.47139926773292,
    "bpm_fft": 94.44107113263995,
    "bpm_autocorr": 184.1975653241767,
    "spo2": 74.32010248073509,
    "ratio_r": 1.0911037147860378,
    "resp_rate_rpm": 11.242984658647613,
    "resp_quality": 65.14764095711736,
    "resp_reason": "experimental: pico lento 11.2 resp/min; dominancia=1.11; banda=0.95; ciclos~5.0",
    "quality": 50.65465140807794,
    "quality_label": "aceptable",
    "artifact_ir_pct": 6.308851224105462,
    "artifact_red_pct": 1.105527638190955,
    "pi_ir_pct": 0.12453770476382615,
    "pi_red_pct": 0.13588355229873758,
    "ac_ir": 35.551645688085955,
    "dc_ir": 28546.893292682926,
    "ac_red": 12.35972073054986,
    "dc_red": 9095.818089430893,
    "saturation_pct": 0.0,
    "contact_label": "contacto débil / baja perfusión",
    "polarity": "invertida",
    "reason": "primeros 1.0 s ignorados; cribado robusto descarta 6.3 % | cv_intervalos=0.20 | dominancia_fft=1.06 | autocorr=0.71 | estimadores coherentes spread=6.0 | estimada no calibrada",
    "peaks_count": 18
  },
  "temperature": {
    "temp_samples": 1142,
    "temp_c_last": 28.37,
    "temp_c_mean": 28.19297723292469,
    "temp_c_min": 25.7,
    "temp_c_max": 30.04,
    "temp_raw_last": 2179.0
  },
  "bpm_blocks_10s_mean": [
    107.05325113465418,
    98.6027919113805,
    NaN
  ],
  "sensor_config": {
    "red": 63,
    "ir": 63,
    "avg": 4,
    "rate": 800,
    "width": 411,
    "adc": 16384,
    "skip": 50,
    "debug": false
  },
  "analysis_config": {
    "bpm_min": 45,
    "bpm_max": 180,
    "peak_threshold_sd": 0.55,
    "detrend_seconds": 2.0,
    "smooth_seconds": 0.07,
    "ignore_initial_seconds": 1.0,
    "min_quality_to_accept": 45.0,
    "spo2_formula": "quad",
    "spo2_custom_a": 94.845,
    "spo2_custom_b": 30.354,
    "spo2_custom_c": -45.06
  },
  "files": {
    "raw": "C:\\Users\\julia\\OneDrive\\Desktop\\tesis\\mtestv2\\resultados\\raw\\raw_BLOQUE_16CFG_386_20260610_132433_CFG006_CONFIG_03_-_B3F_AVG4_ADC16384.csv",
    "processed": "C:\\Users\\julia\\OneDrive\\Desktop\\tesis\\mtestv2\\resultados\\processed\\proc_BLOQUE_16CFG_386_20260610_132433_CFG006_CONFIG_03_-_B3F_AVG4_ADC16384.csv",
    "plot": "C:\\Users\\julia\\OneDrive\\Desktop\\tesis\\mtestv2\\resultados\\figures\\plot_BLOQUE_16CFG_386_20260610_132433_CFG006_CONFIG_03_-_B3F_AVG4_ADC16384.png",
    "bpm_blocks_10s": "C:\\Users\\julia\\OneDrive\\Desktop\\tesis\\mtestv2\\resultados\\reports\\bpm_blocks_10s_BLOQUE_16CFG_386_20260610_132433_CFG006_CONFIG_03_-_B3F_AVG4_ADC16384.csv"
  },
  "manual_reference": {
    "pulso_previo": "110",
    "pulso_final_pulsio": "95",
    "pulso_final_fonendo": ""
  },
  "created": "2026-06-10T13:39:05.775448"
}