{
  "session_id": "BLOQUE_16CFG_184_SinVacio_20260602_131802_CFG014_CONFIG_14-B5F_AVG1_ADC16384",
  "id": "184_SinVacio",
  "base_name": "BLOQUE_16CFG_184_SinVacio_20260602_131802_CFG014_CONFIG_14-B5F_AVG1_ADC16384",
  "mode": "configurations",
  "measurement_condition": "toma con tabla personalizada de configuraciones",
  "config_label": "CONFIG 14-B5F_AVG1_ADC16384",
  "config_description": "Configuracion personalizada 14",
  "reason": "BLOQUE_COMPLETADO",
  "requested_duration_s": 30.0,
  "samples": 1147,
  "metrics": {
    "n": 1146,
    "hz": 39.882056394063696,
    "duration_s": 28.709653000000003,
    "bpm": 132.94018798021196,
    "bpm_peak": 132.94018798021196,
    "bpm_fft": 50.11357871505386,
    "bpm_autocorr": 184.0710295110632,
    "spo2": 97.60368783210362,
    "ratio_r": 0.565342270842334,
    "resp_rate_rpm": 8.352263119175644,
    "resp_quality": 67.38175817852174,
    "resp_reason": "experimental: pico lento 8.4 resp/min; dominancia=1.70; banda=1.00; ciclos~4.0",
    "quality": 28.425966457471812,
    "quality_label": "dudosa",
    "artifact_ir_pct": 0.0,
    "artifact_red_pct": 0.0,
    "pi_ir_pct": 0.18001430087193568,
    "pi_red_pct": 0.10176969363903526,
    "ac_ir": 59.65049849903483,
    "dc_ir": 33136.53315881326,
    "ac_red": 11.901877754857686,
    "dc_red": 11694.913612565446,
    "saturation_pct": 0.0,
    "contact_label": "contacto útil",
    "polarity": "normal",
    "reason": "cv_intervalos=0.30 | dominancia_fft=1.12 | autocorr=0.84 | estimadores discrepantes; se usa picos spread=82.8 | BPM por debajo del umbral de calidad | estimada no calibrada",
    "peaks_count": 21
  },
  "temperature": {
    "temp_samples": 1147,
    "temp_c_last": 36.99,
    "temp_c_mean": 36.58857890148212,
    "temp_c_min": 33.23,
    "temp_c_max": 38.62,
    "temp_raw_last": 2496.0
  },
  "bpm_blocks_10s_mean": [
    NaN,
    NaN,
    154.56380385805653,
    NaN
  ],
  "sensor_config": {
    "red": 95,
    "ir": 95,
    "avg": 1,
    "rate": 100,
    "width": 411,
    "adc": 16384,
    "skip": 50,
    "debug": false
  },
  "analysis_config": {
    "bpm_min": 45,
    "bpm_max": 180,
    "peak_threshold_sd": 0.55,
    "detrend_seconds": 2.0,
    "smooth_seconds": 0.07,
    "ignore_initial_seconds": 1.0,
    "min_quality_to_accept": 45.0,
    "spo2_formula": "quad",
    "spo2_custom_a": 94.845,
    "spo2_custom_b": 30.354,
    "spo2_custom_c": -45.06
  },
  "files": {
    "raw": "C:\\Users\\julia\\OneDrive\\Desktop\\tesis\\mtestv2\\resultados\\raw\\raw_BLOQUE_16CFG_184_SinVacio_20260602_131802_CFG014_CONFIG_14-B5F_AVG1_ADC16384.csv",
    "processed": "C:\\Users\\julia\\OneDrive\\Desktop\\tesis\\mtestv2\\resultados\\processed\\proc_BLOQUE_16CFG_184_SinVacio_20260602_131802_CFG014_CONFIG_14-B5F_AVG1_ADC16384.csv",
    "plot": "C:\\Users\\julia\\OneDrive\\Desktop\\tesis\\mtestv2\\resultados\\figures\\plot_BLOQUE_16CFG_184_SinVacio_20260602_131802_CFG014_CONFIG_14-B5F_AVG1_ADC16384.png",
    "bpm_blocks_10s": "C:\\Users\\julia\\OneDrive\\Desktop\\tesis\\mtestv2\\resultados\\reports\\bpm_blocks_10s_BLOQUE_16CFG_184_SinVacio_20260602_131802_CFG014_CONFIG_14-B5F_AVG1_ADC16384.csv"
  },
  "manual_reference": {
    "pulso_previo": "86",
    "pulso_final_pulsio": "85",
    "pulso_final_fonendo": ""
  },
  "created": "2026-06-02T13:27:32.736303"
}