{
  "session_id": "BLOQUE_12CFG_marco_no_oveja_20260603_102305_CFG003_3M_03_-_RED95_IR95_AVG1_ADC16384",
  "id": "marco_no_oveja",
  "base_name": "BLOQUE_12CFG_marco_no_oveja_20260603_102305_CFG003_3M_03_-_RED95_IR95_AVG1_ADC16384",
  "mode": "experimento_3m",
  "measurement_condition": "Experimento 3M: optimizacion adaptativa con BPM manual, PPG y SpO2",
  "config_label": "3M 03 - RED95 IR95 AVG1 ADC16384",
  "config_description": "Experimento 3M: sube IR porque el PI IR es bajo; sube RED relativo a IR para mejorar SpO2; mantiene el AVG de la mejor candidata provisional",
  "reason": "BLOQUE_COMPLETADO",
  "requested_duration_s": 100.0,
  "samples": 3938,
  "metrics": {
    "n": 3898,
    "hz": 39.88665965642673,
    "duration_s": 97.701839,
    "bpm": 79.78547715657744,
    "bpm_peak": 79.77331931285386,
    "bpm_fft": 79.83473064411817,
    "bpm_autocorr": 79.77331931285347,
    "spo2": 99.65663019772018,
    "ratio_r": 0.2551882842569921,
    "resp_rate_rpm": 7.983473064411816,
    "resp_quality": 69.21295284060315,
    "resp_reason": "experimental: pico lento 8.0 resp/min; dominancia=1.16; banda=0.47; ciclos~13.0",
    "quality": 80.8666507042505,
    "quality_label": "buena",
    "artifact_ir_pct": 0.0,
    "artifact_red_pct": 0.0,
    "pi_ir_pct": 0.0824923966088155,
    "pi_red_pct": 0.021051093154850934,
    "ac_ir": 57.518983889038424,
    "dc_ir": 69726.40661877886,
    "ac_red": 15.781167138883232,
    "dc_red": 74966.02206259621,
    "saturation_pct": 0.0,
    "contact_label": "contacto débil / baja perfusión",
    "polarity": "invertida",
    "reason": "cv_intervalos=0.14 | dominancia_fft=1.02 | autocorr=0.72 | estimadores coherentes spread=0.1 | estimada no calibrada",
    "peaks_count": 148
  },
  "temperature": {
    "temp_samples": 3938,
    "temp_c_last": 29.02,
    "temp_c_mean": 28.989027425088878,
    "temp_c_min": 26.51,
    "temp_c_max": 31.4,
    "temp_raw_last": 2204.0
  },
  "bpm_blocks_10s_mean": [
    80.81356629765394,
    79.02849595835806,
    79.82202996328797,
    82.5457935752452,
    79.56751284589045,
    76.97083396046284,
    79.86447160094758,
    79.82657094444403,
    79.84740464746623,
    78.54458500823073
  ],
  "sensor_config": {
    "red": 95,
    "ir": 95,
    "avg": 1,
    "rate": 100,
    "width": 411,
    "adc": 16384,
    "skip": 50,
    "debug": false
  },
  "analysis_config": {
    "bpm_min": 45,
    "bpm_max": 180,
    "peak_threshold_sd": 0.55,
    "detrend_seconds": 2.0,
    "smooth_seconds": 0.07,
    "ignore_initial_seconds": 1.0,
    "min_quality_to_accept": 45.0,
    "spo2_formula": "quad",
    "spo2_custom_a": 94.845,
    "spo2_custom_b": 30.354,
    "spo2_custom_c": -45.06
  },
  "files": {
    "raw": "C:\\Users\\julia\\OneDrive\\Desktop\\tesis\\mtestv2\\resultados\\raw\\raw_BLOQUE_12CFG_marco_no_oveja_20260603_102305_CFG003_3M_03_-_RED95_IR95_AVG1_ADC16384.csv",
    "processed": "C:\\Users\\julia\\OneDrive\\Desktop\\tesis\\mtestv2\\resultados\\processed\\proc_BLOQUE_12CFG_marco_no_oveja_20260603_102305_CFG003_3M_03_-_RED95_IR95_AVG1_ADC16384.csv",
    "plot": "C:\\Users\\julia\\OneDrive\\Desktop\\tesis\\mtestv2\\resultados\\figures\\plot_BLOQUE_12CFG_marco_no_oveja_20260603_102305_CFG003_3M_03_-_RED95_IR95_AVG1_ADC16384.png",
    "bpm_blocks_10s": "C:\\Users\\julia\\OneDrive\\Desktop\\tesis\\mtestv2\\resultados\\reports\\bpm_blocks_10s_BLOQUE_12CFG_marco_no_oveja_20260603_102305_CFG003_3M_03_-_RED95_IR95_AVG1_ADC16384.csv"
  },
  "manual_reference": {
    "pulso_previo": "76",
    "pulso_final_pulsio": "78",
    "pulso_final_fonendo": ""
  },
  "created": "2026-06-03T10:46:34.862263"
}