{
  "session_id": "BLOQUE_16CFG_184_SinVacio_20260602_131802_CFG009_CONFIG_09_-_B7F_AVG1_ADC8192",
  "id": "184_SinVacio",
  "base_name": "BLOQUE_16CFG_184_SinVacio_20260602_131802_CFG009_CONFIG_09_-_B7F_AVG1_ADC8192",
  "mode": "configurations",
  "measurement_condition": "toma con tabla personalizada de configuraciones",
  "config_label": "CONFIG 09 - B7F_AVG1_ADC8192",
  "config_description": "Brillo alto, sin promediado, rango ADC 8192",
  "reason": "BLOQUE_COMPLETADO",
  "requested_duration_s": 30.0,
  "samples": 1148,
  "metrics": {
    "n": 1147,
    "hz": 39.876502541222365,
    "duration_s": 28.738728999999978,
    "bpm": 140.74059720431458,
    "bpm_peak": 140.74059720431458,
    "bpm_fft": 48.018825049639496,
    "bpm_autocorr": 184.0453963441032,
    "spo2": 97.05940841665267,
    "ratio_r": 0.5903970092718548,
    "resp_rate_rpm": 8.351100008632956,
    "resp_quality": 64.69388602305666,
    "resp_reason": "experimental: pico lento 8.4 resp/min; dominancia=1.34; banda=0.99; ciclos~4.0",
    "quality": 38.69709944176657,
    "quality_label": "dudosa",
    "artifact_ir_pct": 0.0,
    "artifact_red_pct": 0.0,
    "pi_ir_pct": 0.16737561347518487,
    "pi_red_pct": 0.0988180616207911,
    "ac_ir": 151.27459019526893,
    "dc_ir": 90380.30514385353,
    "ac_red": 32.9807761880118,
    "dc_red": 33375.25108979948,
    "saturation_pct": 0.0,
    "contact_label": "contacto útil",
    "polarity": "normal",
    "reason": "cv_intervalos=0.22 | dominancia_fft=1.06 | autocorr=0.88 | estimadores discrepantes; se usa picos spread=92.7 | BPM por debajo del umbral de calidad | estimada no calibrada",
    "peaks_count": 19
  },
  "temperature": {
    "temp_samples": 1148,
    "temp_c_last": 36.36,
    "temp_c_mean": 36.36564459930313,
    "temp_c_min": 34.23,
    "temp_c_max": 38.91,
    "temp_raw_last": 2474.0
  },
  "bpm_blocks_10s_mean": [
    170.90577847144556,
    133.37991391756435,
    NaN,
    120.82574063120629
  ],
  "sensor_config": {
    "red": 127,
    "ir": 127,
    "avg": 1,
    "rate": 100,
    "width": 411,
    "adc": 8192,
    "skip": 50,
    "debug": false
  },
  "analysis_config": {
    "bpm_min": 45,
    "bpm_max": 180,
    "peak_threshold_sd": 0.55,
    "detrend_seconds": 2.0,
    "smooth_seconds": 0.07,
    "ignore_initial_seconds": 1.0,
    "min_quality_to_accept": 45.0,
    "spo2_formula": "quad",
    "spo2_custom_a": 94.845,
    "spo2_custom_b": 30.354,
    "spo2_custom_c": -45.06
  },
  "files": {
    "raw": "C:\\Users\\julia\\OneDrive\\Desktop\\tesis\\mtestv2\\resultados\\raw\\raw_BLOQUE_16CFG_184_SinVacio_20260602_131802_CFG009_CONFIG_09_-_B7F_AVG1_ADC8192.csv",
    "processed": "C:\\Users\\julia\\OneDrive\\Desktop\\tesis\\mtestv2\\resultados\\processed\\proc_BLOQUE_16CFG_184_SinVacio_20260602_131802_CFG009_CONFIG_09_-_B7F_AVG1_ADC8192.csv",
    "plot": "C:\\Users\\julia\\OneDrive\\Desktop\\tesis\\mtestv2\\resultados\\figures\\plot_BLOQUE_16CFG_184_SinVacio_20260602_131802_CFG009_CONFIG_09_-_B7F_AVG1_ADC8192.png",
    "bpm_blocks_10s": "C:\\Users\\julia\\OneDrive\\Desktop\\tesis\\mtestv2\\resultados\\reports\\bpm_blocks_10s_BLOQUE_16CFG_184_SinVacio_20260602_131802_CFG009_CONFIG_09_-_B7F_AVG1_ADC8192.csv"
  },
  "manual_reference": {
    "pulso_previo": "68",
    "pulso_final_pulsio": "78",
    "pulso_final_fonendo": ""
  },
  "created": "2026-06-02T13:27:32.095906"
}