{
  "session_id": "BLOQUE_12CFG_184_20260603_123040_CFG010_3M_10_-_RED159_IR159_AVG4_ADC8192",
  "id": "184",
  "base_name": "BLOQUE_12CFG_184_20260603_123040_CFG010_3M_10_-_RED159_IR159_AVG4_ADC8192",
  "mode": "experimento_3m",
  "measurement_condition": "Experimento 3M: optimizacion adaptativa con BPM manual, PPG y SpO2, exprimento numero 1 en oveja",
  "config_label": "3M 10 - RED159 IR159 AVG4 ADC8192",
  "config_description": "Experimento 3M: sube IR porque el PI IR es muy bajo; sube RED relativo a IR para mejorar SpO2; mantiene el AVG de la mejor candidata provisional",
  "reason": "BLOQUE_COMPLETADO",
  "requested_duration_s": 50.0,
  "samples": 448,
  "metrics": {
    "n": 438,
    "hz": 9.974011651334553,
    "duration_s": 43.81386500000008,
    "bpm": 171.42857142857142,
    "bpm_peak": 92.85714285714303,
    "bpm_fft": 69.78335233751426,
    "bpm_autocorr": 171.42857142857142,
    "spo2": 97.43676436683793,
    "ratio_r": 0.5733086058643245,
    "resp_rate_rpm": 10.946408209806158,
    "resp_quality": 87.41472292120065,
    "resp_reason": "experimental: pico lento 10.9 resp/min; dominancia=1.47; banda=0.95; ciclos~8.0",
    "quality": 26.230629896391605,
    "quality_label": "dudosa",
    "artifact_ir_pct": 18.036529680365295,
    "artifact_red_pct": 13.470319634703195,
    "pi_ir_pct": 0.026114313567469974,
    "pi_red_pct": 0.014971560704470026,
    "ac_ir": 25.294538709821957,
    "dc_ir": 96860.8217270195,
    "ac_red": 4.7061311993849095,
    "dc_red": 31433.805013927577,
    "saturation_pct": 0.0,
    "contact_label": "contacto débil / baja perfusión",
    "polarity": "invertida",
    "reason": "cv_intervalos=0.08 | dominancia_fft=1.20 | autocorr=0.94 | estimadores discrepantes; se usa autocorr spread=101.6 | BPM por debajo del umbral de calidad | estimada no calibrada",
    "peaks_count": 10
  },
  "temperature": {
    "temp_samples": 448,
    "temp_c_last": 33.54,
    "temp_c_mean": 33.359441964285715,
    "temp_c_min": 30.81,
    "temp_c_max": 34.64,
    "temp_raw_last": 2373.0
  },
  "bpm_blocks_10s_mean": [
    NaN,
    NaN,
    NaN,
    NaN,
    NaN
  ],
  "sensor_config": {
    "red": 159,
    "ir": 159,
    "avg": 4,
    "rate": 100,
    "width": 411,
    "adc": 8192,
    "skip": 50,
    "debug": false
  },
  "analysis_config": {
    "bpm_min": 45,
    "bpm_max": 180,
    "peak_threshold_sd": 0.55,
    "detrend_seconds": 2.0,
    "smooth_seconds": 0.07,
    "ignore_initial_seconds": 1.0,
    "min_quality_to_accept": 45.0,
    "spo2_formula": "quad",
    "spo2_custom_a": 94.845,
    "spo2_custom_b": 30.354,
    "spo2_custom_c": -45.06
  },
  "files": {
    "raw": "C:\\Users\\julia\\OneDrive\\Desktop\\tesis\\mtestv2\\resultados\\raw\\raw_BLOQUE_12CFG_184_20260603_123040_CFG010_3M_10_-_RED159_IR159_AVG4_ADC8192.csv",
    "processed": "C:\\Users\\julia\\OneDrive\\Desktop\\tesis\\mtestv2\\resultados\\processed\\proc_BLOQUE_12CFG_184_20260603_123040_CFG010_3M_10_-_RED159_IR159_AVG4_ADC8192.csv",
    "plot": "C:\\Users\\julia\\OneDrive\\Desktop\\tesis\\mtestv2\\resultados\\figures\\plot_BLOQUE_12CFG_184_20260603_123040_CFG010_3M_10_-_RED159_IR159_AVG4_ADC8192.png",
    "bpm_blocks_10s": "C:\\Users\\julia\\OneDrive\\Desktop\\tesis\\mtestv2\\resultados\\reports\\bpm_blocks_10s_BLOQUE_12CFG_184_20260603_123040_CFG010_3M_10_-_RED159_IR159_AVG4_ADC8192.csv"
  },
  "manual_reference": {
    "pulso_previo": "77",
    "pulso_final_pulsio": "80",
    "pulso_final_fonendo": ""
  },
  "created": "2026-06-03T12:42:00.938596"
}