{
  "session_id": "BLOQUE_7CFG_SIN_CROTAL_20260609_121839_CFG002_CONFIG_02_-_B5F_AVG4_ADC16384",
  "id": "SIN_CROTAL",
  "base_name": "BLOQUE_7CFG_SIN_CROTAL_20260609_121839_CFG002_CONFIG_02_-_B5F_AVG4_ADC16384",
  "mode": "configurations",
  "measurement_condition": "toma con tabla personalizada de configuraciones",
  "config_label": "CONFIG 02 - B5F_AVG4_ADC16384",
  "config_description": "Brillo bajo, sin promediado, rango ADC 16384",
  "reason": "BLOQUE_COMPLETADO",
  "requested_duration_s": 30.0,
  "samples": 1143,
  "metrics": {
    "n": 1063,
    "hz": 39.75591961712429,
    "duration_s": 26.713003,
    "bpm": 66.49621292057904,
    "bpm_peak": 66.25986602854051,
    "bpm_fft": 67.38291460529541,
    "bpm_autocorr": 66.25986602854049,
    "spo2": 99.71757328901364,
    "ratio_r": 0.4096931812742944,
    "resp_rate_rpm": 11.230485767549235,
    "resp_quality": 66.81633738685603,
    "resp_reason": "experimental: pico lento 11.2 resp/min; dominancia=1.39; banda=0.95; ciclos~5.0",
    "quality": 83.0903102429579,
    "quality_label": "buena",
    "artifact_ir_pct": 0.0,
    "artifact_red_pct": 0.0,
    "pi_ir_pct": 0.08623978719618457,
    "pi_red_pct": 0.035331852768823016,
    "ac_ir": 54.57563483076079,
    "dc_ir": 63283.591721542805,
    "ac_red": 24.87191625525913,
    "dc_red": 70395.16556914394,
    "saturation_pct": 0.0,
    "contact_label": "contacto débil / baja perfusión",
    "polarity": "normal",
    "reason": "primeros 1.0 s ignorados; cribado robusto descarta 0.0 % | cv_intervalos=0.04 | dominancia_fft=1.22 | autocorr=0.58 | estimadores coherentes spread=1.1 | estimada no calibrada",
    "peaks_count": 27
  },
  "temperature": {
    "temp_samples": 1143,
    "temp_c_last": 30.81,
    "temp_c_mean": 30.856517935258093,
    "temp_c_min": 29.65,
    "temp_c_max": 32.2,
    "temp_raw_last": 2272.0
  },
  "bpm_blocks_10s_mean": [
    65.26645855987279,
    66.7505550965742,
    67.4550849188671
  ],
  "sensor_config": {
    "red": 95,
    "ir": 95,
    "avg": 4,
    "rate": 800,
    "width": 411,
    "adc": 16384,
    "skip": 50,
    "debug": false
  },
  "analysis_config": {
    "bpm_min": 45,
    "bpm_max": 180,
    "peak_threshold_sd": 0.55,
    "detrend_seconds": 2.0,
    "smooth_seconds": 0.07,
    "ignore_initial_seconds": 1.0,
    "min_quality_to_accept": 45.0,
    "spo2_formula": "quad",
    "spo2_custom_a": 94.845,
    "spo2_custom_b": 30.354,
    "spo2_custom_c": -45.06
  },
  "files": {
    "raw": "C:\\Users\\julia\\OneDrive\\Desktop\\tesis\\mtestv2\\resultados\\raw\\raw_BLOQUE_7CFG_SIN_CROTAL_20260609_121839_CFG002_CONFIG_02_-_B5F_AVG4_ADC16384.csv",
    "processed": "C:\\Users\\julia\\OneDrive\\Desktop\\tesis\\mtestv2\\resultados\\processed\\proc_BLOQUE_7CFG_SIN_CROTAL_20260609_121839_CFG002_CONFIG_02_-_B5F_AVG4_ADC16384.csv",
    "plot": "C:\\Users\\julia\\OneDrive\\Desktop\\tesis\\mtestv2\\resultados\\figures\\plot_BLOQUE_7CFG_SIN_CROTAL_20260609_121839_CFG002_CONFIG_02_-_B5F_AVG4_ADC16384.png",
    "bpm_blocks_10s": "C:\\Users\\julia\\OneDrive\\Desktop\\tesis\\mtestv2\\resultados\\reports\\bpm_blocks_10s_BLOQUE_7CFG_SIN_CROTAL_20260609_121839_CFG002_CONFIG_02_-_B5F_AVG4_ADC16384.csv"
  },
  "manual_reference": {
    "pulso_previo": "70",
    "pulso_final_pulsio": "65",
    "pulso_final_fonendo": ""
  },
  "created": "2026-06-09T12:22:55.452439"
}