{
  "session_id": "BLOQUE_12CFG_584_20260609_141436_CFG002_CONFIG_02_-_B5F_AVG4_ADC16384",
  "id": "584",
  "base_name": "BLOQUE_12CFG_584_20260609_141436_CFG002_CONFIG_02_-_B5F_AVG4_ADC16384",
  "mode": "configurations",
  "measurement_condition": "LEFT",
  "config_label": "CONFIG 02 - B5F_AVG4_ADC16384",
  "config_description": "Brillo bajo, sin promediado, rango ADC 16384",
  "reason": "BLOQUE_COMPLETADO",
  "requested_duration_s": 60.0,
  "samples": 2336,
  "metrics": {
    "n": 2249,
    "hz": 39.63737165152811,
    "duration_s": 56.71415400000001,
    "bpm": 118.91211495458433,
    "bpm_peak": 91.47085765737297,
    "bpm_fft": 98.38813781829487,
    "bpm_autocorr": 118.91211495458433,
    "spo2": 98.99566717368272,
    "ratio_r": 0.4828718491868452,
    "resp_rate_rpm": 7.405558760516818,
    "resp_quality": 84.54706370675268,
    "resp_reason": "experimental: pico lento 7.4 resp/min; dominancia=1.47; banda=0.97; ciclos~7.0",
    "quality": 28.657363394884634,
    "quality_label": "dudosa",
    "artifact_ir_pct": 0.31028368794326244,
    "artifact_red_pct": 0.0,
    "pi_ir_pct": 0.03508311231452297,
    "pi_red_pct": 0.01694064731854349,
    "ac_ir": 11.751616978351164,
    "dc_ir": 33496.50644730991,
    "ac_red": 2.3089523797302802,
    "dc_red": 13629.65851489551,
    "saturation_pct": 0.0,
    "contact_label": "contacto débil / baja perfusión",
    "polarity": "normal",
    "reason": "primeros 1.0 s ignorados; cribado robusto descarta 0.3 % | cv_intervalos=0.23 | dominancia_fft=1.07 | autocorr=0.58 | estimadores discrepantes; se usa autocorr spread=27.4 | BPM por debajo del umbral de calidad | estimada no calibrada",
    "peaks_count": 66
  },
  "temperature": {
    "temp_samples": 2336,
    "temp_c_last": 34.23,
    "temp_c_mean": 34.01589897260274,
    "temp_c_min": 30.86,
    "temp_c_max": 36.73,
    "temp_raw_last": 2398.0
  },
  "bpm_blocks_10s_mean": [
    NaN,
    91.3538916136248,
    NaN,
    NaN,
    NaN,
    NaN
  ],
  "sensor_config": {
    "red": 95,
    "ir": 95,
    "avg": 4,
    "rate": 800,
    "width": 411,
    "adc": 16384,
    "skip": 50,
    "debug": false
  },
  "analysis_config": {
    "bpm_min": 45,
    "bpm_max": 180,
    "peak_threshold_sd": 0.55,
    "detrend_seconds": 2.0,
    "smooth_seconds": 0.07,
    "ignore_initial_seconds": 1.0,
    "min_quality_to_accept": 45.0,
    "spo2_formula": "quad",
    "spo2_custom_a": 94.845,
    "spo2_custom_b": 30.354,
    "spo2_custom_c": -45.06
  },
  "files": {
    "raw": "C:\\Users\\julia\\OneDrive\\Desktop\\tesis\\mtestv2\\resultados\\raw\\raw_BLOQUE_12CFG_584_20260609_141436_CFG002_CONFIG_02_-_B5F_AVG4_ADC16384.csv",
    "processed": "C:\\Users\\julia\\OneDrive\\Desktop\\tesis\\mtestv2\\resultados\\processed\\proc_BLOQUE_12CFG_584_20260609_141436_CFG002_CONFIG_02_-_B5F_AVG4_ADC16384.csv",
    "plot": "C:\\Users\\julia\\OneDrive\\Desktop\\tesis\\mtestv2\\resultados\\figures\\plot_BLOQUE_12CFG_584_20260609_141436_CFG002_CONFIG_02_-_B5F_AVG4_ADC16384.png",
    "bpm_blocks_10s": "C:\\Users\\julia\\OneDrive\\Desktop\\tesis\\mtestv2\\resultados\\reports\\bpm_blocks_10s_BLOQUE_12CFG_584_20260609_141436_CFG002_CONFIG_02_-_B5F_AVG4_ADC16384.csv"
  },
  "manual_reference": {
    "pulso_previo": "85",
    "pulso_final_pulsio": "95",
    "pulso_final_fonendo": ""
  },
  "created": "2026-06-09T14:29:23.727103"
}