{
  "session_id": "BLOQUE_12CFG_584_20260609_143715_CFG007_CONFIG_01_-_B7F_AVG4_ADC16384",
  "id": "584",
  "base_name": "BLOQUE_12CFG_584_20260609_143715_CFG007_CONFIG_01_-_B7F_AVG4_ADC16384",
  "mode": "configurations",
  "measurement_condition": "TRUELEFT",
  "config_label": "CONFIG 01 - B7F_AVG4_ADC16384",
  "config_description": "Brillo medio, promediado x4, rango ADC 8192",
  "reason": "BLOQUE_COMPLETADO",
  "requested_duration_s": 60.0,
  "samples": 2334,
  "metrics": {
    "n": 2016,
    "hz": 35.54909081568332,
    "duration_s": 56.682181000000014,
    "bpm": 47.609627292230286,
    "bpm_peak": 96.15701997051985,
    "bpm_fft": 47.609627292230286,
    "bpm_autocorr": 187.8416204075268,
    "spo2": 96.70224894861173,
    "ratio_r": 0.6055718088069367,
    "resp_rate_rpm": 9.526803494029275,
    "resp_quality": 88.06205624715915,
    "resp_reason": "experimental: pico lento 9.5 resp/min; dominancia=1.26; banda=0.99; ciclos~9.0",
    "quality": 0.0,
    "quality_label": "dudosa",
    "artifact_ir_pct": 10.559006211180124,
    "artifact_red_pct": 2.083333333333333,
    "pi_ir_pct": 0.13801495948015916,
    "pi_red_pct": 0.08357796865481606,
    "ac_ir": 74.0550903235883,
    "dc_ir": 53657.29237071172,
    "ac_red": 11.47767470631533,
    "dc_red": 13732.89503328213,
    "saturation_pct": 0.0,
    "contact_label": "contacto débil / baja perfusión",
    "polarity": "normal",
    "reason": "primeros 1.0 s ignorados; cribado robusto descarta 10.6 % | cv_intervalos=0.31 | dominancia_fft=1.06 | autocorr=0.30 | estimadores discrepantes; se usa FFT spread=48.5 | BPM por debajo del umbral de calidad | estimada no calibrada",
    "peaks_count": 73
  },
  "temperature": {
    "temp_samples": 2334,
    "temp_c_last": 35.12,
    "temp_c_mean": 35.78298200514139,
    "temp_c_min": 32.42,
    "temp_c_max": 37.62,
    "temp_raw_last": 2430.0
  },
  "bpm_blocks_10s_mean": [
    NaN,
    NaN,
    NaN,
    NaN,
    NaN,
    NaN
  ],
  "sensor_config": {
    "red": 63,
    "ir": 127,
    "avg": 4,
    "rate": 800,
    "width": 411,
    "adc": 16384,
    "skip": 50,
    "debug": false
  },
  "analysis_config": {
    "bpm_min": 45,
    "bpm_max": 180,
    "peak_threshold_sd": 0.55,
    "detrend_seconds": 2.0,
    "smooth_seconds": 0.07,
    "ignore_initial_seconds": 1.0,
    "min_quality_to_accept": 45.0,
    "spo2_formula": "quad",
    "spo2_custom_a": 94.845,
    "spo2_custom_b": 30.354,
    "spo2_custom_c": -45.06
  },
  "files": {
    "raw": "C:\\Users\\julia\\OneDrive\\Desktop\\tesis\\mtestv2\\resultados\\raw\\raw_BLOQUE_12CFG_584_20260609_143715_CFG007_CONFIG_01_-_B7F_AVG4_ADC16384.csv",
    "processed": "C:\\Users\\julia\\OneDrive\\Desktop\\tesis\\mtestv2\\resultados\\processed\\proc_BLOQUE_12CFG_584_20260609_143715_CFG007_CONFIG_01_-_B7F_AVG4_ADC16384.csv",
    "plot": "C:\\Users\\julia\\OneDrive\\Desktop\\tesis\\mtestv2\\resultados\\figures\\plot_BLOQUE_12CFG_584_20260609_143715_CFG007_CONFIG_01_-_B7F_AVG4_ADC16384.png",
    "bpm_blocks_10s": "C:\\Users\\julia\\OneDrive\\Desktop\\tesis\\mtestv2\\resultados\\reports\\bpm_blocks_10s_BLOQUE_12CFG_584_20260609_143715_CFG007_CONFIG_01_-_B7F_AVG4_ADC16384.csv"
  },
  "manual_reference": {
    "pulso_previo": "112",
    "pulso_final_pulsio": "136",
    "pulso_final_fonendo": ""
  },
  "created": "2026-06-09T14:50:59.623784"
}