{
  "session_id": "BLOQUE_16CFG_184_ConVacio_20260602_130526_CFG001_CONFIG_01_-_B1F_AVG1_ADC8192",
  "id": "184_ConVacio",
  "base_name": "BLOQUE_16CFG_184_ConVacio_20260602_130526_CFG001_CONFIG_01_-_B1F_AVG1_ADC8192",
  "mode": "configurations",
  "measurement_condition": "toma con tabla personalizada de configuraciones",
  "config_label": "CONFIG 01 - B1F_AVG1_ADC8192",
  "config_description": "Brillo bajo, sin promediado, rango ADC 8192",
  "reason": "BLOQUE_COMPLETADO",
  "requested_duration_s": 30.0,
  "samples": 1146,
  "metrics": {
    "n": 1106,
    "hz": 39.898927531271006,
    "duration_s": 27.69498,
    "bpm": 77.36413742571666,
    "bpm_peak": 81.17368014982716,
    "bpm_fft": 73.65955851926955,
    "bpm_autocorr": 77.22373070568581,
    "spo2": 97.77045848244464,
    "ratio_r": 0.5570957103310162,
    "resp_rate_rpm": 6.499372810523784,
    "resp_quality": 57.21917529641885,
    "resp_reason": "experimental: pico lento 6.5 resp/min; dominancia=1.46; banda=0.89; ciclos~3.0",
    "quality": 50.98575902308261,
    "quality_label": "aceptable",
    "artifact_ir_pct": 0.0,
    "artifact_red_pct": 0.0,
    "pi_ir_pct": 0.04547882195609696,
    "pi_red_pct": 0.025336056622649653,
    "ac_ir": 12.47779451877901,
    "dc_ir": 27436.494575045206,
    "ac_red": 3.2719624941644763,
    "dc_red": 12914.253164556962,
    "saturation_pct": 0.0,
    "contact_label": "contacto débil / baja perfusión",
    "polarity": "invertida",
    "reason": "cv_intervalos=0.28 | dominancia_fft=1.40 | autocorr=0.27 | estimadores coherentes spread=7.5 | estimada no calibrada",
    "peaks_count": 40
  },
  "temperature": {
    "temp_samples": 1146,
    "temp_c_last": 32.01,
    "temp_c_mean": 31.683359511343802,
    "temp_c_min": 29.96,
    "temp_c_max": 32.96,
    "temp_raw_last": 2317.0
  },
  "bpm_blocks_10s_mean": [
    NaN,
    78.04555328596481,
    77.96473394590475
  ],
  "sensor_config": {
    "red": 31,
    "ir": 31,
    "avg": 1,
    "rate": 100,
    "width": 411,
    "adc": 8192,
    "skip": 50,
    "debug": false
  },
  "analysis_config": {
    "bpm_min": 45,
    "bpm_max": 180,
    "peak_threshold_sd": 0.55,
    "detrend_seconds": 2.0,
    "smooth_seconds": 0.07,
    "ignore_initial_seconds": 1.0,
    "min_quality_to_accept": 45.0,
    "spo2_formula": "quad",
    "spo2_custom_a": 94.845,
    "spo2_custom_b": 30.354,
    "spo2_custom_c": -45.06
  },
  "files": {
    "raw": "C:\\Users\\julia\\OneDrive\\Desktop\\tesis\\mtestv2\\resultados\\raw\\raw_BLOQUE_16CFG_184_ConVacio_20260602_130526_CFG001_CONFIG_01_-_B1F_AVG1_ADC8192.csv",
    "processed": "C:\\Users\\julia\\OneDrive\\Desktop\\tesis\\mtestv2\\resultados\\processed\\proc_BLOQUE_16CFG_184_ConVacio_20260602_130526_CFG001_CONFIG_01_-_B1F_AVG1_ADC8192.csv",
    "plot": "C:\\Users\\julia\\OneDrive\\Desktop\\tesis\\mtestv2\\resultados\\figures\\plot_BLOQUE_16CFG_184_ConVacio_20260602_130526_CFG001_CONFIG_01_-_B1F_AVG1_ADC8192.png",
    "bpm_blocks_10s": "C:\\Users\\julia\\OneDrive\\Desktop\\tesis\\mtestv2\\resultados\\reports\\bpm_blocks_10s_BLOQUE_16CFG_184_ConVacio_20260602_130526_CFG001_CONFIG_01_-_B1F_AVG1_ADC8192.csv"
  },
  "manual_reference": {
    "pulso_previo": "70",
    "pulso_final_pulsio": "73",
    "pulso_final_fonendo": ""
  },
  "created": "2026-06-02T13:16:07.374158"
}