{
  "session_id": "BLOQUE_16CFG_386_20260610_135136_CFG001_CONFIG_02_-_B5F_AVG4_ADC16384",
  "id": "386",
  "base_name": "BLOQUE_16CFG_386_20260610_135136_CFG001_CONFIG_02_-_B5F_AVG4_ADC16384",
  "mode": "configurations",
  "measurement_condition": "LEFT",
  "config_label": "CONFIG 02 - B5F_AVG4_ADC16384",
  "config_description": "Brillo bajo, sin promediado, rango ADC 8192",
  "reason": "BLOQUE_COMPLETADO",
  "requested_duration_s": 30.0,
  "samples": 1144,
  "metrics": {
    "n": 1040,
    "hz": 38.875467062171225,
    "duration_s": 26.726367,
    "bpm": 111.5568652339847,
    "bpm_peak": 110.90171739391265,
    "bpm_fft": 112.24870181570131,
    "bpm_autocorr": 184.83619565652154,
    "spo2": 89.31125581088664,
    "ratio_r": 0.8228776844827368,
    "resp_rate_rpm": 11.224870181570132,
    "resp_quality": 65.6759521924189,
    "resp_reason": "experimental: pico lento 11.2 resp/min; dominancia=1.05; banda=0.98; ciclos~5.0",
    "quality": 54.03098583626665,
    "quality_label": "aceptable",
    "artifact_ir_pct": 2.2556390977443606,
    "artifact_red_pct": 4.903846153846154,
    "pi_ir_pct": 0.11090617449434079,
    "pi_red_pct": 0.09126221606274151,
    "ac_ir": 51.48724056424573,
    "dc_ir": 46424.14256825076,
    "ac_red": 18.986599295208414,
    "dc_red": 20804.446916076846,
    "saturation_pct": 0.0,
    "contact_label": "contacto débil / baja perfusión",
    "polarity": "invertida",
    "reason": "primeros 1.0 s ignorados; cribado robusto descarta 2.3 % | cv_intervalos=0.30 | dominancia_fft=1.11 | autocorr=0.56 | estimadores coherentes spread=1.3 | estimada no calibrada",
    "peaks_count": 28
  },
  "temperature": {
    "temp_samples": 1144,
    "temp_c_last": 31.99,
    "temp_c_mean": 31.83646853146853,
    "temp_c_min": 29.75,
    "temp_c_max": 33.51,
    "temp_raw_last": 2316.0
  },
  "bpm_blocks_10s_mean": [
    NaN,
    NaN,
    109.60108137562028
  ],
  "sensor_config": {
    "red": 95,
    "ir": 95,
    "avg": 4,
    "rate": 800,
    "width": 411,
    "adc": 16384,
    "skip": 50,
    "debug": false
  },
  "analysis_config": {
    "bpm_min": 45,
    "bpm_max": 180,
    "peak_threshold_sd": 0.55,
    "detrend_seconds": 2.0,
    "smooth_seconds": 0.07,
    "ignore_initial_seconds": 1.0,
    "min_quality_to_accept": 45.0,
    "spo2_formula": "quad",
    "spo2_custom_a": 94.845,
    "spo2_custom_b": 30.354,
    "spo2_custom_c": -45.06
  },
  "files": {
    "raw": "C:\\Users\\julia\\OneDrive\\Desktop\\tesis\\mtestv2\\resultados\\raw\\raw_BLOQUE_16CFG_386_20260610_135136_CFG001_CONFIG_02_-_B5F_AVG4_ADC16384.csv",
    "processed": "C:\\Users\\julia\\OneDrive\\Desktop\\tesis\\mtestv2\\resultados\\processed\\proc_BLOQUE_16CFG_386_20260610_135136_CFG001_CONFIG_02_-_B5F_AVG4_ADC16384.csv",
    "plot": "C:\\Users\\julia\\OneDrive\\Desktop\\tesis\\mtestv2\\resultados\\figures\\plot_BLOQUE_16CFG_386_20260610_135136_CFG001_CONFIG_02_-_B5F_AVG4_ADC16384.png",
    "bpm_blocks_10s": "C:\\Users\\julia\\OneDrive\\Desktop\\tesis\\mtestv2\\resultados\\reports\\bpm_blocks_10s_BLOQUE_16CFG_386_20260610_135136_CFG001_CONFIG_02_-_B5F_AVG4_ADC16384.csv"
  },
  "manual_reference": {
    "pulso_previo": "111",
    "pulso_final_pulsio": "110",
    "pulso_final_fonendo": ""
  },
  "created": "2026-06-10T14:02:59.365720"
}