{
  "session_id": "BLOQUE_5CFG_184__Left_20260608_133045_CFG005_CONFIG_05_-_B1F_AVG1_ADC16385",
  "id": "184__Left",
  "base_name": "BLOQUE_5CFG_184__Left_20260608_133045_CFG005_CONFIG_05_-_B1F_AVG1_ADC16385",
  "mode": "configurations",
  "measurement_condition": "toma con tabla personalizada de configuraciones",
  "config_label": "CONFIG 05 - B1F_AVG1_ADC16385",
  "config_description": "Brillo bajo, promedio",
  "reason": "BLOQUE_COMPLETADO",
  "requested_duration_s": 48.0,
  "samples": 428,
  "metrics": {
    "n": 398,
    "hz": 9.729480495001651,
    "duration_s": 40.80382300000002,
    "bpm": 171.42857142857142,
    "bpm_peak": 114.54545454545436,
    "bpm_fft": 91.06487148102815,
    "bpm_autocorr": 171.42857142857142,
    "spo2": 96.11698944127536,
    "ratio_r": 0.6287375763008288,
    "resp_rate_rpm": 8.812729498164014,
    "resp_quality": 77.52776755773465,
    "resp_reason": "experimental: pico lento 8.8 resp/min; dominancia=1.40; banda=0.96; ciclos~6.0",
    "quality": 36.3068734210252,
    "quality_label": "dudosa",
    "artifact_ir_pct": 2.450980392156863,
    "artifact_red_pct": 1.7587939698492463,
    "pi_ir_pct": 0.07868108454400599,
    "pi_red_pct": 0.049469754396918926,
    "ac_ir": 9.440866866885083,
    "dc_ir": 11998.902813299233,
    "ac_red": 2.3734664555531473,
    "dc_red": 4797.813299232736,
    "saturation_pct": 0.0,
    "contact_label": "contacto débil / baja perfusión",
    "polarity": "normal",
    "reason": "primeros 1.0 s ignorados; cribado robusto descarta 2.5 % | cv_intervalos=0.20 | dominancia_fft=1.02 | autocorr=0.81 | estimadores discrepantes; se usa autocorr spread=80.4 | BPM por debajo del umbral de calidad | estimada no calibrada",
    "peaks_count": 29
  },
  "temperature": {
    "temp_samples": 428,
    "temp_c_last": 31.5,
    "temp_c_mean": 31.27803738317757,
    "temp_c_min": 28.94,
    "temp_c_max": 32.88,
    "temp_raw_last": 2298.0
  },
  "bpm_blocks_10s_mean": [
    NaN,
    NaN,
    NaN,
    NaN,
    NaN
  ],
  "sensor_config": {
    "red": 31,
    "ir": 31,
    "avg": 4,
    "rate": 100,
    "width": 411,
    "adc": 16384,
    "skip": 50,
    "debug": false
  },
  "analysis_config": {
    "bpm_min": 45,
    "bpm_max": 180,
    "peak_threshold_sd": 0.55,
    "detrend_seconds": 2.0,
    "smooth_seconds": 0.07,
    "ignore_initial_seconds": 1.0,
    "min_quality_to_accept": 45.0,
    "spo2_formula": "quad",
    "spo2_custom_a": 94.845,
    "spo2_custom_b": 30.354,
    "spo2_custom_c": -45.06
  },
  "files": {
    "raw": "C:\\Users\\julia\\OneDrive\\Desktop\\tesis\\mtestv2\\resultados\\raw\\raw_BLOQUE_5CFG_184__Left_20260608_133045_CFG005_CONFIG_05_-_B1F_AVG1_ADC16385.csv",
    "processed": "C:\\Users\\julia\\OneDrive\\Desktop\\tesis\\mtestv2\\resultados\\processed\\proc_BLOQUE_5CFG_184__Left_20260608_133045_CFG005_CONFIG_05_-_B1F_AVG1_ADC16385.csv",
    "plot": "C:\\Users\\julia\\OneDrive\\Desktop\\tesis\\mtestv2\\resultados\\figures\\plot_BLOQUE_5CFG_184__Left_20260608_133045_CFG005_CONFIG_05_-_B1F_AVG1_ADC16385.png",
    "bpm_blocks_10s": "C:\\Users\\julia\\OneDrive\\Desktop\\tesis\\mtestv2\\resultados\\reports\\bpm_blocks_10s_BLOQUE_5CFG_184__Left_20260608_133045_CFG005_CONFIG_05_-_B1F_AVG1_ADC16385.csv"
  },
  "manual_reference": {
    "pulso_previo": "91",
    "pulso_final_pulsio": "88",
    "pulso_final_fonendo": ""
  },
  "created": "2026-06-08T13:35:14.713311"
}