{
  "session_id": "BLOQUE_12CFG_584_20260609_141436_CFG009_CONFIG_03_-_B3F_AVG4_ADC16384",
  "id": "584",
  "base_name": "BLOQUE_12CFG_584_20260609_141436_CFG009_CONFIG_03_-_B3F_AVG4_ADC16384",
  "mode": "configurations",
  "measurement_condition": "LEFT",
  "config_label": "CONFIG 03 - B3F_AVG4_ADC16384",
  "config_description": "Brillo alto, sin promediado, rango ADC 8192",
  "reason": "BLOQUE_COMPLETADO",
  "requested_duration_s": 60.0,
  "samples": 2335,
  "metrics": {
    "n": 2067,
    "hz": 39.23891397170091,
    "duration_s": 52.65181400000006,
    "bpm": 179.8754593862468,
    "bpm_peak": 111.35147485815297,
    "bpm_fft": 110.53750208872184,
    "bpm_autocorr": 179.8754593862468,
    "spo2": 92.2259837645705,
    "ratio_r": 0.751026392886306,
    "resp_rate_rpm": 7.976933140423226,
    "resp_quality": 80.15627816279314,
    "resp_reason": "experimental: pico lento 8.0 resp/min; dominancia=1.34; banda=0.87; ciclos~7.0",
    "quality": 25.354116886729695,
    "quality_label": "dudosa",
    "artifact_ir_pct": 8.337028824833704,
    "artifact_red_pct": 0.3386550556361877,
    "pi_ir_pct": 0.08242698576689604,
    "pi_red_pct": 0.06190484179700283,
    "ac_ir": 20.64885848109624,
    "dc_ir": 25051.090112031176,
    "ac_red": 7.1756272180761425,
    "dc_red": 11591.382854359474,
    "saturation_pct": 0.0,
    "contact_label": "contacto débil / baja perfusión",
    "polarity": "normal",
    "reason": "primeros 1.0 s ignorados; cribado robusto descarta 8.3 % | cv_intervalos=0.21 | dominancia_fft=1.08 | autocorr=0.82 | estimadores discrepantes; se usa autocorr spread=69.3 | BPM por debajo del umbral de calidad | estimada no calibrada",
    "peaks_count": 40
  },
  "temperature": {
    "temp_samples": 2335,
    "temp_c_last": 34.53,
    "temp_c_mean": 34.81124625267666,
    "temp_c_min": 32.04,
    "temp_c_max": 37.36,
    "temp_raw_last": 2409.0
  },
  "bpm_blocks_10s_mean": [
    NaN,
    NaN,
    NaN,
    100.93362971473836,
    NaN,
    NaN
  ],
  "sensor_config": {
    "red": 63,
    "ir": 63,
    "avg": 4,
    "rate": 800,
    "width": 411,
    "adc": 16384,
    "skip": 50,
    "debug": false
  },
  "analysis_config": {
    "bpm_min": 45,
    "bpm_max": 180,
    "peak_threshold_sd": 0.55,
    "detrend_seconds": 2.0,
    "smooth_seconds": 0.07,
    "ignore_initial_seconds": 1.0,
    "min_quality_to_accept": 45.0,
    "spo2_formula": "quad",
    "spo2_custom_a": 94.845,
    "spo2_custom_b": 30.354,
    "spo2_custom_c": -45.06
  },
  "files": {
    "raw": "C:\\Users\\julia\\OneDrive\\Desktop\\tesis\\mtestv2\\resultados\\raw\\raw_BLOQUE_12CFG_584_20260609_141436_CFG009_CONFIG_03_-_B3F_AVG4_ADC16384.csv",
    "processed": "C:\\Users\\julia\\OneDrive\\Desktop\\tesis\\mtestv2\\resultados\\processed\\proc_BLOQUE_12CFG_584_20260609_141436_CFG009_CONFIG_03_-_B3F_AVG4_ADC16384.csv",
    "plot": "C:\\Users\\julia\\OneDrive\\Desktop\\tesis\\mtestv2\\resultados\\figures\\plot_BLOQUE_12CFG_584_20260609_141436_CFG009_CONFIG_03_-_B3F_AVG4_ADC16384.png",
    "bpm_blocks_10s": "C:\\Users\\julia\\OneDrive\\Desktop\\tesis\\mtestv2\\resultados\\reports\\bpm_blocks_10s_BLOQUE_12CFG_584_20260609_141436_CFG009_CONFIG_03_-_B3F_AVG4_ADC16384.csv"
  },
  "manual_reference": {
    "pulso_previo": "108",
    "pulso_final_pulsio": "105",
    "pulso_final_fonendo": ""
  },
  "created": "2026-06-09T14:29:26.214958"
}