{
  "session_id": "BLOQUE_16CFG_184_SinVacio_20260602_131802_CFG010_CONFIG_10_-_B7F_AVG1_ADC16384",
  "id": "184_SinVacio",
  "base_name": "BLOQUE_16CFG_184_SinVacio_20260602_131802_CFG010_CONFIG_10_-_B7F_AVG1_ADC16384",
  "mode": "configurations",
  "measurement_condition": "toma con tabla personalizada de configuraciones",
  "config_label": "CONFIG 10 - B7F_AVG1_ADC16384",
  "config_description": "Brillo alto, sin promediado, rango ADC 16384",
  "reason": "BLOQUE_COMPLETADO",
  "requested_duration_s": 30.0,
  "samples": 1148,
  "metrics": {
    "n": 1147,
    "hz": 39.87525794524955,
    "duration_s": 28.739625999999987,
    "bpm": 177.61592947018121,
    "bpm_peak": 140.06844437997756,
    "bpm_fft": 83.50839360261686,
    "bpm_autocorr": 177.61592947018121,
    "spo2": 98.74718970408217,
    "ratio_r": 0.5006657367795326,
    "resp_rate_rpm": 8.350839360261686,
    "resp_quality": 62.806085285492244,
    "resp_reason": "experimental: pico lento 8.4 resp/min; dominancia=2.05; banda=0.80; ciclos~4.0",
    "quality": 43.68254683669575,
    "quality_label": "dudosa",
    "artifact_ir_pct": 3.4873583260680032,
    "artifact_red_pct": 1.5693112467306016,
    "pi_ir_pct": 0.1424590605668144,
    "pi_red_pct": 0.0713243705196042,
    "ac_ir": 63.52259677129344,
    "dc_ir": 44590.07136404698,
    "ac_red": 11.433368756257305,
    "dc_red": 16030.101174345076,
    "saturation_pct": 0.0,
    "contact_label": "contacto débil / baja perfusión",
    "polarity": "invertida",
    "reason": "cv_intervalos=0.19 | dominancia_fft=1.06 | autocorr=0.75 | estimadores discrepantes; se usa autocorr spread=94.1 | BPM por debajo del umbral de calidad | estimada no calibrada",
    "peaks_count": 15
  },
  "temperature": {
    "temp_samples": 1148,
    "temp_c_last": 36.47,
    "temp_c_mean": 36.4463850174216,
    "temp_c_min": 33.45,
    "temp_c_max": 39.95,
    "temp_raw_last": 2478.0
  },
  "bpm_blocks_10s_mean": [
    NaN,
    NaN,
    149.53241007685094,
    NaN
  ],
  "sensor_config": {
    "red": 127,
    "ir": 127,
    "avg": 1,
    "rate": 100,
    "width": 411,
    "adc": 16384,
    "skip": 50,
    "debug": false
  },
  "analysis_config": {
    "bpm_min": 45,
    "bpm_max": 180,
    "peak_threshold_sd": 0.55,
    "detrend_seconds": 2.0,
    "smooth_seconds": 0.07,
    "ignore_initial_seconds": 1.0,
    "min_quality_to_accept": 45.0,
    "spo2_formula": "quad",
    "spo2_custom_a": 94.845,
    "spo2_custom_b": 30.354,
    "spo2_custom_c": -45.06
  },
  "files": {
    "raw": "C:\\Users\\julia\\OneDrive\\Desktop\\tesis\\mtestv2\\resultados\\raw\\raw_BLOQUE_16CFG_184_SinVacio_20260602_131802_CFG010_CONFIG_10_-_B7F_AVG1_ADC16384.csv",
    "processed": "C:\\Users\\julia\\OneDrive\\Desktop\\tesis\\mtestv2\\resultados\\processed\\proc_BLOQUE_16CFG_184_SinVacio_20260602_131802_CFG010_CONFIG_10_-_B7F_AVG1_ADC16384.csv",
    "plot": "C:\\Users\\julia\\OneDrive\\Desktop\\tesis\\mtestv2\\resultados\\figures\\plot_BLOQUE_16CFG_184_SinVacio_20260602_131802_CFG010_CONFIG_10_-_B7F_AVG1_ADC16384.png",
    "bpm_blocks_10s": "C:\\Users\\julia\\OneDrive\\Desktop\\tesis\\mtestv2\\resultados\\reports\\bpm_blocks_10s_BLOQUE_16CFG_184_SinVacio_20260602_131802_CFG010_CONFIG_10_-_B7F_AVG1_ADC16384.csv"
  },
  "manual_reference": {
    "pulso_previo": "78",
    "pulso_final_pulsio": "75",
    "pulso_final_fonendo": ""
  },
  "created": "2026-06-02T13:27:32.246964"
}