{
  "session_id": "BLOQUE_12CFG_184_20260603_124425_CFG012_3M_12_-_RED159_IR159_AVG1_ADC16384",
  "id": "184",
  "base_name": "BLOQUE_12CFG_184_20260603_124425_CFG012_3M_12_-_RED159_IR159_AVG1_ADC16384",
  "mode": "experimento_3m",
  "measurement_condition": "Experimento 3M: optimizacion adaptativa con BPM manual, PPG y SpO2",
  "config_label": "3M 12 - RED159 IR159 AVG1 ADC16384",
  "config_description": "Experimento 3M: sube IR porque el PI IR es muy bajo; sube RED relativo a IR para mejorar SpO2; mantiene el AVG de la mejor candidata provisional",
  "reason": "BLOQUE_COMPLETADO",
  "requested_duration_s": 50.0,
  "samples": 1943,
  "metrics": {
    "n": 1903,
    "hz": 39.87366379725833,
    "duration_s": 47.700657999999976,
    "bpm": 71.6971241780355,
    "bpm_peak": 132.91221265752765,
    "bpm_fft": 71.6971241780355,
    "bpm_autocorr": 184.03229444888458,
    "spo2": 99.76103681352896,
    "ratio_r": 0.2708912255749459,
    "resp_rate_rpm": 7.547065702951104,
    "resp_quality": 79.46985790078767,
    "resp_reason": "experimental: pico lento 7.5 resp/min; dominancia=1.30; banda=0.98; ciclos~6.0",
    "quality": 27.191027681747652,
    "quality_label": "dudosa",
    "artifact_ir_pct": 0.0,
    "artifact_red_pct": 0.0,
    "pi_ir_pct": 0.07157870367747543,
    "pi_red_pct": 0.019390042764257202,
    "ac_ir": 44.48456086727049,
    "dc_ir": 62147.7598528639,
    "ac_red": 5.017620565344073,
    "dc_red": 25877.305307409355,
    "saturation_pct": 0.0,
    "contact_label": "contacto débil / baja perfusión",
    "polarity": "invertida",
    "reason": "cv_intervalos=0.39 | dominancia_fft=1.25 | autocorr=0.83 | estimadores discrepantes; se usa FFT spread=61.2 | BPM por debajo del umbral de calidad | estimada no calibrada",
    "peaks_count": 44
  },
  "temperature": {
    "temp_samples": 1943,
    "temp_c_last": 33.1,
    "temp_c_mean": 33.7191302110139,
    "temp_c_min": 31.42,
    "temp_c_max": 35.99,
    "temp_raw_last": 2357.0
  },
  "bpm_blocks_10s_mean": [
    NaN,
    NaN,
    72.1581948157676,
    108.71117385888529,
    100.37335589738963
  ],
  "sensor_config": {
    "red": 159,
    "ir": 159,
    "avg": 1,
    "rate": 100,
    "width": 411,
    "adc": 16384,
    "skip": 50,
    "debug": false
  },
  "analysis_config": {
    "bpm_min": 45,
    "bpm_max": 180,
    "peak_threshold_sd": 0.55,
    "detrend_seconds": 2.0,
    "smooth_seconds": 0.07,
    "ignore_initial_seconds": 1.0,
    "min_quality_to_accept": 45.0,
    "spo2_formula": "quad",
    "spo2_custom_a": 94.845,
    "spo2_custom_b": 30.354,
    "spo2_custom_c": -45.06
  },
  "files": {
    "raw": "C:\\Users\\julia\\OneDrive\\Desktop\\tesis\\mtestv2\\resultados\\raw\\raw_BLOQUE_12CFG_184_20260603_124425_CFG012_3M_12_-_RED159_IR159_AVG1_ADC16384.csv",
    "processed": "C:\\Users\\julia\\OneDrive\\Desktop\\tesis\\mtestv2\\resultados\\processed\\proc_BLOQUE_12CFG_184_20260603_124425_CFG012_3M_12_-_RED159_IR159_AVG1_ADC16384.csv",
    "plot": "C:\\Users\\julia\\OneDrive\\Desktop\\tesis\\mtestv2\\resultados\\figures\\plot_BLOQUE_12CFG_184_20260603_124425_CFG012_3M_12_-_RED159_IR159_AVG1_ADC16384.png",
    "bpm_blocks_10s": "C:\\Users\\julia\\OneDrive\\Desktop\\tesis\\mtestv2\\resultados\\reports\\bpm_blocks_10s_BLOQUE_12CFG_184_20260603_124425_CFG012_3M_12_-_RED159_IR159_AVG1_ADC16384.csv"
  },
  "manual_reference": {
    "pulso_previo": "74",
    "pulso_final_pulsio": "70",
    "pulso_final_fonendo": "72"
  },
  "created": "2026-06-03T12:57:04.852252"
}