{
  "session_id": "BLOQUE_12CFG_584_20260609_143715_CFG011_CONFIG_02_-_B5F_AVG4_ADC16384",
  "id": "584",
  "base_name": "BLOQUE_12CFG_584_20260609_143715_CFG011_CONFIG_02_-_B5F_AVG4_ADC16384",
  "mode": "configurations",
  "measurement_condition": "TRUELEFT",
  "config_label": "CONFIG 02 - B5F_AVG4_ADC16384",
  "config_description": "Brillo alto, promediado x4, rango ADC 8192",
  "reason": "BLOQUE_COMPLETADO",
  "requested_duration_s": 60.0,
  "samples": 2336,
  "metrics": {
    "n": 2073,
    "hz": 36.6201418839621,
    "duration_s": 56.58088399999997,
    "bpm": 59.384013865884484,
    "bpm_peak": 83.94354531470404,
    "bpm_fft": 59.384013865884484,
    "bpm_autocorr": 174.8823860722997,
    "spo2": 96.30213255830671,
    "ratio_r": 0.6216130701628035,
    "resp_rate_rpm": 10.604288190336517,
    "resp_quality": 87.54742306407535,
    "resp_reason": "experimental: pico lento 10.6 resp/min; dominancia=1.22; banda=0.98; ciclos~10.0",
    "quality": 3.2142028409989862,
    "quality_label": "dudosa",
    "artifact_ir_pct": 8.111702127659575,
    "artifact_red_pct": 2.0260492040520983,
    "pi_ir_pct": 0.10019457920778897,
    "pi_red_pct": 0.06228225999502391,
    "ac_ir": 41.13732509201796,
    "dc_ir": 41057.43585858586,
    "ac_red": 13.946572370013506,
    "dc_red": 22392.527777777777,
    "saturation_pct": 0.0,
    "contact_label": "contacto débil / baja perfusión",
    "polarity": "invertida",
    "reason": "primeros 1.0 s ignorados; cribado robusto descarta 8.1 % | cv_intervalos=0.33 | dominancia_fft=1.06 | autocorr=0.38 | estimadores discrepantes; se usa FFT spread=115.5 | BPM por debajo del umbral de calidad | estimada no calibrada",
    "peaks_count": 58
  },
  "temperature": {
    "temp_samples": 2336,
    "temp_c_last": 36.56,
    "temp_c_mean": 36.35887842465753,
    "temp_c_min": 33.07,
    "temp_c_max": 38.7,
    "temp_raw_last": 2481.0
  },
  "bpm_blocks_10s_mean": [
    NaN,
    NaN,
    NaN,
    NaN,
    NaN,
    NaN
  ],
  "sensor_config": {
    "red": 95,
    "ir": 95,
    "avg": 4,
    "rate": 800,
    "width": 411,
    "adc": 16384,
    "skip": 50,
    "debug": false
  },
  "analysis_config": {
    "bpm_min": 45,
    "bpm_max": 180,
    "peak_threshold_sd": 0.55,
    "detrend_seconds": 2.0,
    "smooth_seconds": 0.07,
    "ignore_initial_seconds": 1.0,
    "min_quality_to_accept": 45.0,
    "spo2_formula": "quad",
    "spo2_custom_a": 94.845,
    "spo2_custom_b": 30.354,
    "spo2_custom_c": -45.06
  },
  "files": {
    "raw": "C:\\Users\\julia\\OneDrive\\Desktop\\tesis\\mtestv2\\resultados\\raw\\raw_BLOQUE_12CFG_584_20260609_143715_CFG011_CONFIG_02_-_B5F_AVG4_ADC16384.csv",
    "processed": "C:\\Users\\julia\\OneDrive\\Desktop\\tesis\\mtestv2\\resultados\\processed\\proc_BLOQUE_12CFG_584_20260609_143715_CFG011_CONFIG_02_-_B5F_AVG4_ADC16384.csv",
    "plot": "C:\\Users\\julia\\OneDrive\\Desktop\\tesis\\mtestv2\\resultados\\figures\\plot_BLOQUE_12CFG_584_20260609_143715_CFG011_CONFIG_02_-_B5F_AVG4_ADC16384.png",
    "bpm_blocks_10s": "C:\\Users\\julia\\OneDrive\\Desktop\\tesis\\mtestv2\\resultados\\reports\\bpm_blocks_10s_BLOQUE_12CFG_584_20260609_143715_CFG011_CONFIG_02_-_B5F_AVG4_ADC16384.csv"
  },
  "manual_reference": {
    "pulso_previo": "115",
    "pulso_final_pulsio": "109",
    "pulso_final_fonendo": ""
  },
  "created": "2026-06-09T14:51:02.124969"
}