{
  "session_id": "BLOQUE_16CFG_386_20260610_135136_CFG010_CONFIG_03_-_B3F_AVG4_ADC16384",
  "id": "386",
  "base_name": "BLOQUE_16CFG_386_20260610_135136_CFG010_CONFIG_03_-_B3F_AVG4_ADC16384",
  "mode": "configurations",
  "measurement_condition": "LEFT",
  "config_label": "CONFIG 03 - B3F_AVG4_ADC16384",
  "config_description": "Brillo alto, sin promediado, rango ADC 16384",
  "reason": "BLOQUE_COMPLETADO",
  "requested_duration_s": 30.0,
  "samples": 1143,
  "metrics": {
    "n": 1063,
    "hz": 39.74871625120656,
    "duration_s": 26.717843999999957,
    "bpm": 116.40695473567642,
    "bpm_peak": 116.40695473567642,
    "bpm_fft": 107.79312881683134,
    "bpm_autocorr": 125.52226184591545,
    "spo2": 99.92112535801225,
    "ratio_r": 0.3086484872593555,
    "resp_rate_rpm": 6.737070551051959,
    "resp_quality": 57.137829301365365,
    "resp_reason": "experimental: pico lento 6.7 resp/min; dominancia=1.58; banda=0.87; ciclos~3.0",
    "quality": 39.93278649114933,
    "quality_label": "dudosa",
    "artifact_ir_pct": 0.0,
    "artifact_red_pct": 0.0,
    "pi_ir_pct": 0.053454538651563056,
    "pi_red_pct": 0.01649866249195169,
    "ac_ir": 16.037515167544804,
    "dc_ir": 30002.158043273754,
    "ac_red": 2.084951189539959,
    "dc_red": 12637.092191909689,
    "saturation_pct": 0.0,
    "contact_label": "contacto débil / baja perfusión",
    "polarity": "normal",
    "reason": "primeros 1.0 s ignorados; cribado robusto descarta 0.0 % | cv_intervalos=0.11 | dominancia_fft=1.13 | autocorr=0.69 | estimadores discrepantes; se usa picos spread=17.7 | BPM por debajo del umbral de calidad | estimada no calibrada",
    "peaks_count": 23
  },
  "temperature": {
    "temp_samples": 1143,
    "temp_c_last": 33.78,
    "temp_c_mean": 33.88530183727034,
    "temp_c_min": 32.12,
    "temp_c_max": 35.57,
    "temp_raw_last": 2382.0
  },
  "bpm_blocks_10s_mean": [
    114.68676278156047,
    NaN,
    114.75819576630578
  ],
  "sensor_config": {
    "red": 63,
    "ir": 63,
    "avg": 4,
    "rate": 800,
    "width": 411,
    "adc": 16384,
    "skip": 50,
    "debug": false
  },
  "analysis_config": {
    "bpm_min": 45,
    "bpm_max": 180,
    "peak_threshold_sd": 0.55,
    "detrend_seconds": 2.0,
    "smooth_seconds": 0.07,
    "ignore_initial_seconds": 1.0,
    "min_quality_to_accept": 45.0,
    "spo2_formula": "quad",
    "spo2_custom_a": 94.845,
    "spo2_custom_b": 30.354,
    "spo2_custom_c": -45.06
  },
  "files": {
    "raw": "C:\\Users\\julia\\OneDrive\\Desktop\\tesis\\mtestv2\\resultados\\raw\\raw_BLOQUE_16CFG_386_20260610_135136_CFG010_CONFIG_03_-_B3F_AVG4_ADC16384.csv",
    "processed": "C:\\Users\\julia\\OneDrive\\Desktop\\tesis\\mtestv2\\resultados\\processed\\proc_BLOQUE_16CFG_386_20260610_135136_CFG010_CONFIG_03_-_B3F_AVG4_ADC16384.csv",
    "plot": "C:\\Users\\julia\\OneDrive\\Desktop\\tesis\\mtestv2\\resultados\\figures\\plot_BLOQUE_16CFG_386_20260610_135136_CFG010_CONFIG_03_-_B3F_AVG4_ADC16384.png",
    "bpm_blocks_10s": "C:\\Users\\julia\\OneDrive\\Desktop\\tesis\\mtestv2\\resultados\\reports\\bpm_blocks_10s_BLOQUE_16CFG_386_20260610_135136_CFG010_CONFIG_03_-_B3F_AVG4_ADC16384.csv"
  },
  "manual_reference": {
    "pulso_previo": "100",
    "pulso_final_pulsio": "109",
    "pulso_final_fonendo": ""
  },
  "created": "2026-06-10T14:03:01.824522"
}