{
  "session_id": "BLOQUE_16CFG_386_20260610_135136_CFG005_CONFIG_02_-_B5F_AVG4_ADC16384",
  "id": "386",
  "base_name": "BLOQUE_16CFG_386_20260610_135136_CFG005_CONFIG_02_-_B5F_AVG4_ADC16384",
  "mode": "configurations",
  "measurement_condition": "LEFT",
  "config_label": "CONFIG 02 - B5F_AVG4_ADC16384",
  "config_description": "Brillo medio, sin promediado, rango ADC 8192",
  "reason": "BLOQUE_COMPLETADO",
  "requested_duration_s": 30.0,
  "samples": 1143,
  "metrics": {
    "n": 1063,
    "hz": 39.75559517888164,
    "duration_s": 26.713221000000004,
    "bpm": 105.12934726542994,
    "bpm_peak": 106.06729939029691,
    "bpm_fft": 98.8274682412877,
    "bpm_autocorr": 108.42435048785902,
    "spo2": 99.82724889315529,
    "ratio_r": 0.39045397684135713,
    "resp_rate_rpm": 11.23039411832815,
    "resp_quality": 69.41329971290017,
    "resp_reason": "experimental: pico lento 11.2 resp/min; dominancia=1.52; banda=1.00; ciclos~5.0",
    "quality": 54.914350425429696,
    "quality_label": "aceptable",
    "artifact_ir_pct": 0.0,
    "artifact_red_pct": 0.0,
    "pi_ir_pct": 0.026350259274328238,
    "pi_red_pct": 0.010288563524462314,
    "ac_ir": 11.423540895287902,
    "dc_ir": 43352.66980244591,
    "ac_red": 1.8887535856145707,
    "dc_red": 18357.796801505174,
    "saturation_pct": 0.0,
    "contact_label": "contacto débil / baja perfusión",
    "polarity": "invertida",
    "reason": "primeros 1.0 s ignorados; cribado robusto descarta 0.0 % | cv_intervalos=0.32 | dominancia_fft=1.06 | autocorr=0.60 | estimadores coherentes spread=9.6 | estimada no calibrada",
    "peaks_count": 30
  },
  "temperature": {
    "temp_samples": 1143,
    "temp_c_last": 35.79,
    "temp_c_mean": 33.753910761154856,
    "temp_c_min": 31.74,
    "temp_c_max": 35.79,
    "temp_raw_last": 2454.0
  },
  "bpm_blocks_10s_mean": [
    107.31439840460872,
    100.62958737396342,
    NaN
  ],
  "sensor_config": {
    "red": 95,
    "ir": 95,
    "avg": 4,
    "rate": 800,
    "width": 411,
    "adc": 16384,
    "skip": 50,
    "debug": false
  },
  "analysis_config": {
    "bpm_min": 45,
    "bpm_max": 180,
    "peak_threshold_sd": 0.55,
    "detrend_seconds": 2.0,
    "smooth_seconds": 0.07,
    "ignore_initial_seconds": 1.0,
    "min_quality_to_accept": 45.0,
    "spo2_formula": "quad",
    "spo2_custom_a": 94.845,
    "spo2_custom_b": 30.354,
    "spo2_custom_c": -45.06
  },
  "files": {
    "raw": "C:\\Users\\julia\\OneDrive\\Desktop\\tesis\\mtestv2\\resultados\\raw\\raw_BLOQUE_16CFG_386_20260610_135136_CFG005_CONFIG_02_-_B5F_AVG4_ADC16384.csv",
    "processed": "C:\\Users\\julia\\OneDrive\\Desktop\\tesis\\mtestv2\\resultados\\processed\\proc_BLOQUE_16CFG_386_20260610_135136_CFG005_CONFIG_02_-_B5F_AVG4_ADC16384.csv",
    "plot": "C:\\Users\\julia\\OneDrive\\Desktop\\tesis\\mtestv2\\resultados\\figures\\plot_BLOQUE_16CFG_386_20260610_135136_CFG005_CONFIG_02_-_B5F_AVG4_ADC16384.png",
    "bpm_blocks_10s": "C:\\Users\\julia\\OneDrive\\Desktop\\tesis\\mtestv2\\resultados\\reports\\bpm_blocks_10s_BLOQUE_16CFG_386_20260610_135136_CFG005_CONFIG_02_-_B5F_AVG4_ADC16384.csv"
  },
  "manual_reference": {
    "pulso_previo": "110",
    "pulso_final_pulsio": "105",
    "pulso_final_fonendo": ""
  },
  "created": "2026-06-10T14:03:00.525585"
}