{
  "session_id": "BLOQUE_8CFG_184_20260610_142211_CFG003_CONFIG_02_-_B5F_AVG4_ADC16384",
  "id": "184",
  "base_name": "BLOQUE_8CFG_184_20260610_142211_CFG003_CONFIG_02_-_B5F_AVG4_ADC16384",
  "mode": "configurations",
  "measurement_condition": "LEFT",
  "config_label": "CONFIG 02 - B5F_AVG4_ADC16384",
  "config_description": "Brillo bajo, promediado x4, rango ADC 8192",
  "reason": "BLOQUE_COMPLETADO",
  "requested_duration_s": 30.0,
  "samples": 1143,
  "metrics": {
    "n": 986,
    "hz": 36.87307214195975,
    "duration_s": 26.713261000000003,
    "bpm": 173.88367522782036,
    "bpm_peak": 109.82126856493929,
    "bpm_fft": 47.11686683592552,
    "bpm_autocorr": 173.88367522782036,
    "spo2": 94.55478080875696,
    "ratio_r": 0.683064320385845,
    "resp_rate_rpm": 8.975189973702172,
    "resp_quality": 61.51438981975804,
    "resp_reason": "experimental: pico lento 9.0 resp/min; dominancia=1.03; banda=0.98; ciclos~4.0",
    "quality": 22.3585383876769,
    "quality_label": "dudosa",
    "artifact_ir_pct": 7.243650047036689,
    "artifact_red_pct": 5.679513184584178,
    "pi_ir_pct": 0.12105337444757347,
    "pi_red_pct": 0.08268724094744499,
    "ac_ir": 39.21179648854101,
    "dc_ir": 32392.154838709677,
    "ac_red": 13.27073047425923,
    "dc_red": 16049.308602150537,
    "saturation_pct": 0.0,
    "contact_label": "contacto débil / baja perfusión",
    "polarity": "invertida",
    "reason": "primeros 1.0 s ignorados; cribado robusto descarta 7.2 % | cv_intervalos=0.32 | dominancia_fft=1.04 | autocorr=0.71 | estimadores discrepantes; se usa autocorr spread=126.8 | BPM por debajo del umbral de calidad | estimada no calibrada",
    "peaks_count": 21
  },
  "temperature": {
    "temp_samples": 1143,
    "temp_c_last": 32.18,
    "temp_c_mean": 32.112624671916016,
    "temp_c_min": 29.46,
    "temp_c_max": 33.59,
    "temp_raw_last": 2323.0
  },
  "bpm_blocks_10s_mean": [
    NaN,
    NaN,
    NaN
  ],
  "sensor_config": {
    "red": 95,
    "ir": 95,
    "avg": 4,
    "rate": 800,
    "width": 411,
    "adc": 16384,
    "skip": 50,
    "debug": false
  },
  "analysis_config": {
    "bpm_min": 45,
    "bpm_max": 180,
    "peak_threshold_sd": 0.55,
    "detrend_seconds": 2.0,
    "smooth_seconds": 0.07,
    "ignore_initial_seconds": 1.0,
    "min_quality_to_accept": 45.0,
    "spo2_formula": "quad",
    "spo2_custom_a": 94.845,
    "spo2_custom_b": 30.354,
    "spo2_custom_c": -45.06
  },
  "files": {
    "raw": "C:\\Users\\julia\\OneDrive\\Desktop\\tesis\\mtestv2\\resultados\\raw\\raw_BLOQUE_8CFG_184_20260610_142211_CFG003_CONFIG_02_-_B5F_AVG4_ADC16384.csv",
    "processed": "C:\\Users\\julia\\OneDrive\\Desktop\\tesis\\mtestv2\\resultados\\processed\\proc_BLOQUE_8CFG_184_20260610_142211_CFG003_CONFIG_02_-_B5F_AVG4_ADC16384.csv",
    "plot": "C:\\Users\\julia\\OneDrive\\Desktop\\tesis\\mtestv2\\resultados\\figures\\plot_BLOQUE_8CFG_184_20260610_142211_CFG003_CONFIG_02_-_B5F_AVG4_ADC16384.png",
    "bpm_blocks_10s": "C:\\Users\\julia\\OneDrive\\Desktop\\tesis\\mtestv2\\resultados\\reports\\bpm_blocks_10s_BLOQUE_8CFG_184_20260610_142211_CFG003_CONFIG_02_-_B5F_AVG4_ADC16384.csv"
  },
  "manual_reference": {
    "pulso_previo": "75",
    "pulso_final_pulsio": "77",
    "pulso_final_fonendo": ""
  },
  "created": "2026-06-10T14:26:46.201350"
}