{
  "session_id": "BLOQUE_12CFG_marco_no_oveja_20260603_102305_CFG005_3M_05_-_RED199_IR159_AVG1_ADC16384",
  "id": "marco_no_oveja",
  "base_name": "BLOQUE_12CFG_marco_no_oveja_20260603_102305_CFG005_3M_05_-_RED199_IR159_AVG1_ADC16384",
  "mode": "experimento_3m",
  "measurement_condition": "Experimento 3M: optimizacion adaptativa con BPM manual, PPG y SpO2",
  "config_label": "3M 05 - RED199 IR159 AVG1 ADC16384",
  "config_description": "Experimento 3M: sube IR porque el PI IR es muy bajo; sube RED relativo a IR para mejorar SpO2; mantiene el AVG de la mejor candidata provisional",
  "reason": "BLOQUE_COMPLETADO",
  "requested_duration_s": 100.0,
  "samples": 3938,
  "metrics": {
    "n": 3898,
    "hz": 39.88177923086502,
    "duration_s": 97.71379499999995,
    "bpm": 78.7322984259769,
    "bpm_peak": 79.76355846172959,
    "bpm_fft": 79.82496227886763,
    "bpm_autocorr": 77.19054044683553,
    "spo2": 99.78450951806356,
    "ratio_r": 0.27496806031793497,
    "resp_rate_rpm": 7.982496227886763,
    "resp_quality": 78.82620025364412,
    "resp_reason": "experimental: pico lento 8.0 resp/min; dominancia=1.73; banda=0.64; ciclos~13.0",
    "quality": 73.09882334649771,
    "quality_label": "buena",
    "artifact_ir_pct": 0.0,
    "artifact_red_pct": 0.17957927142124167,
    "pi_ir_pct": 0.08290062921810423,
    "pi_red_pct": 0.022795025215238445,
    "ac_ir": 95.96523946069978,
    "dc_ir": 115759.36198050283,
    "ac_red": 35.538535056606804,
    "dc_red": 155904.78501795794,
    "saturation_pct": 0.0,
    "contact_label": "contacto débil / baja perfusión",
    "polarity": "invertida",
    "reason": "cv_intervalos=0.19 | dominancia_fft=1.06 | autocorr=0.67 | estimadores coherentes spread=2.6 | estimada no calibrada",
    "peaks_count": 149
  },
  "temperature": {
    "temp_samples": 3938,
    "temp_c_last": 30.52,
    "temp_c_mean": 29.93401218892839,
    "temp_c_min": 27.18,
    "temp_c_max": 32.53,
    "temp_raw_last": 2261.0
  },
  "bpm_blocks_10s_mean": [
    75.58548877498502,
    75.11549639577555,
    75.11268442923345,
    76.92733900072766,
    77.81836159975961,
    79.82195879234199,
    80.20201519282425,
    76.91439590834199,
    76.88807891365708,
    79.49627556486985
  ],
  "sensor_config": {
    "red": 199,
    "ir": 159,
    "avg": 1,
    "rate": 100,
    "width": 411,
    "adc": 16384,
    "skip": 50,
    "debug": false
  },
  "analysis_config": {
    "bpm_min": 45,
    "bpm_max": 180,
    "peak_threshold_sd": 0.55,
    "detrend_seconds": 2.0,
    "smooth_seconds": 0.07,
    "ignore_initial_seconds": 1.0,
    "min_quality_to_accept": 45.0,
    "spo2_formula": "quad",
    "spo2_custom_a": 94.845,
    "spo2_custom_b": 30.354,
    "spo2_custom_c": -45.06
  },
  "files": {
    "raw": "C:\\Users\\julia\\OneDrive\\Desktop\\tesis\\mtestv2\\resultados\\raw\\raw_BLOQUE_12CFG_marco_no_oveja_20260603_102305_CFG005_3M_05_-_RED199_IR159_AVG1_ADC16384.csv",
    "processed": "C:\\Users\\julia\\OneDrive\\Desktop\\tesis\\mtestv2\\resultados\\processed\\proc_BLOQUE_12CFG_marco_no_oveja_20260603_102305_CFG005_3M_05_-_RED199_IR159_AVG1_ADC16384.csv",
    "plot": "C:\\Users\\julia\\OneDrive\\Desktop\\tesis\\mtestv2\\resultados\\figures\\plot_BLOQUE_12CFG_marco_no_oveja_20260603_102305_CFG005_3M_05_-_RED199_IR159_AVG1_ADC16384.png",
    "bpm_blocks_10s": "C:\\Users\\julia\\OneDrive\\Desktop\\tesis\\mtestv2\\resultados\\reports\\bpm_blocks_10s_BLOQUE_12CFG_marco_no_oveja_20260603_102305_CFG005_3M_05_-_RED199_IR159_AVG1_ADC16384.csv"
  },
  "manual_reference": {
    "pulso_previo": "80",
    "pulso_final_pulsio": "80",
    "pulso_final_fonendo": ""
  },
  "created": "2026-06-03T10:46:36.559639"
}