{
  "session_id": "BLOQUE_16CFG_386_20260610_132433_CFG012_CONFIG_03_-_B3F_AVG4_ADC16384",
  "id": "386",
  "base_name": "BLOQUE_16CFG_386_20260610_132433_CFG012_CONFIG_03_-_B3F_AVG4_ADC16384",
  "mode": "configurations",
  "measurement_condition": "RIGHT",
  "config_label": "CONFIG 03 - B3F_AVG4_ADC16384",
  "config_description": "Brillo alto, promediado x4, rango ADC 16384",
  "reason": "BLOQUE_COMPLETADO",
  "requested_duration_s": 30.0,
  "samples": 1143,
  "metrics": {
    "n": 1063,
    "hz": 39.75156693040951,
    "duration_s": 26.715927999999963,
    "bpm": 110.32658967114057,
    "bpm_peak": 108.4133643556623,
    "bpm_fft": 107.80085947229696,
    "bpm_autocorr": 113.57590551545574,
    "spo2": 94.0565231157777,
    "ratio_r": 0.6986800604604467,
    "resp_rate_rpm": 6.73755371701856,
    "resp_quality": 60.47312963740928,
    "resp_reason": "experimental: pico lento 6.7 resp/min; dominancia=2.38; banda=0.82; ciclos~3.0",
    "quality": 62.5187722471496,
    "quality_label": "aceptable",
    "artifact_ir_pct": 0.0,
    "artifact_red_pct": 0.0,
    "pi_ir_pct": 0.03814629818517,
    "pi_red_pct": 0.026652057922356805,
    "ac_ir": 11.050150758098939,
    "dc_ir": 28967.81937911571,
    "ac_red": 2.4015675465763215,
    "dc_red": 9010.814675446849,
    "saturation_pct": 0.0,
    "contact_label": "contacto débil / baja perfusión",
    "polarity": "normal",
    "reason": "primeros 1.0 s ignorados; cribado robusto descarta 0.0 % | cv_intervalos=0.28 | dominancia_fft=1.31 | autocorr=0.58 | estimadores coherentes spread=5.8 | estimada no calibrada",
    "peaks_count": 29
  },
  "temperature": {
    "temp_samples": 1143,
    "temp_c_last": 27.98,
    "temp_c_mean": 27.81907261592301,
    "temp_c_min": 25.77,
    "temp_c_max": 29.51,
    "temp_raw_last": 2164.0
  },
  "bpm_blocks_10s_mean": [
    108.60923041354344,
    NaN,
    107.58282092826113
  ],
  "sensor_config": {
    "red": 63,
    "ir": 63,
    "avg": 4,
    "rate": 800,
    "width": 411,
    "adc": 16384,
    "skip": 50,
    "debug": false
  },
  "analysis_config": {
    "bpm_min": 45,
    "bpm_max": 180,
    "peak_threshold_sd": 0.55,
    "detrend_seconds": 2.0,
    "smooth_seconds": 0.07,
    "ignore_initial_seconds": 1.0,
    "min_quality_to_accept": 45.0,
    "spo2_formula": "quad",
    "spo2_custom_a": 94.845,
    "spo2_custom_b": 30.354,
    "spo2_custom_c": -45.06
  },
  "files": {
    "raw": "C:\\Users\\julia\\OneDrive\\Desktop\\tesis\\mtestv2\\resultados\\raw\\raw_BLOQUE_16CFG_386_20260610_132433_CFG012_CONFIG_03_-_B3F_AVG4_ADC16384.csv",
    "processed": "C:\\Users\\julia\\OneDrive\\Desktop\\tesis\\mtestv2\\resultados\\processed\\proc_BLOQUE_16CFG_386_20260610_132433_CFG012_CONFIG_03_-_B3F_AVG4_ADC16384.csv",
    "plot": "C:\\Users\\julia\\OneDrive\\Desktop\\tesis\\mtestv2\\resultados\\figures\\plot_BLOQUE_16CFG_386_20260610_132433_CFG012_CONFIG_03_-_B3F_AVG4_ADC16384.png",
    "bpm_blocks_10s": "C:\\Users\\julia\\OneDrive\\Desktop\\tesis\\mtestv2\\resultados\\reports\\bpm_blocks_10s_BLOQUE_16CFG_386_20260610_132433_CFG012_CONFIG_03_-_B3F_AVG4_ADC16384.csv"
  },
  "manual_reference": {
    "pulso_previo": "90",
    "pulso_final_pulsio": "106",
    "pulso_final_fonendo": ""
  },
  "created": "2026-06-10T13:39:07.989330"
}