{
  "session_id": "BLOQUE_16CFG_184_ConVacio_20260602_130526_CFG014_CONFIG_14-B5F_AVG1_ADC16384",
  "id": "184_ConVacio",
  "base_name": "BLOQUE_16CFG_184_ConVacio_20260602_130526_CFG014_CONFIG_14-B5F_AVG1_ADC16384",
  "mode": "configurations",
  "measurement_condition": "toma con tabla personalizada de configuraciones",
  "config_label": "CONFIG 14-B5F_AVG1_ADC16384",
  "config_description": "Configuracion personalizada 14",
  "reason": "BLOQUE_COMPLETADO",
  "requested_duration_s": 30.0,
  "samples": 1149,
  "metrics": {
    "n": 1147,
    "hz": 39.882700314951606,
    "duration_s": 28.73426299999994,
    "bpm": 75.49293690325227,
    "bpm_peak": 81.14066615800496,
    "bpm_fft": 70.99538275959972,
    "bpm_autocorr": 184.07400145362277,
    "spo2": 97.44841736524856,
    "ratio_r": 0.5727612059197523,
    "resp_rate_rpm": 6.26429847878821,
    "resp_quality": 48.26256001181048,
    "resp_reason": "experimental: pico lento 6.3 resp/min; dominancia=1.22; banda=0.66; ciclos~3.0",
    "quality": 50.35979548965456,
    "quality_label": "aceptable",
    "artifact_ir_pct": 0.0,
    "artifact_red_pct": 0.0,
    "pi_ir_pct": 0.0801408790451967,
    "pi_red_pct": 0.045901586525395874,
    "ac_ir": 35.82373381739892,
    "dc_ir": 44700.949433304275,
    "ac_red": 8.653326272571242,
    "dc_red": 18851.911072362684,
    "saturation_pct": 0.0,
    "contact_label": "contacto débil / baja perfusión",
    "polarity": "invertida",
    "reason": "cv_intervalos=0.32 | dominancia_fft=1.43 | autocorr=0.68 | estimadores coherentes spread=10.1 | estimada no calibrada",
    "peaks_count": 29
  },
  "temperature": {
    "temp_samples": 1149,
    "temp_c_last": 30.44,
    "temp_c_mean": 30.206657963446478,
    "temp_c_min": 27.87,
    "temp_c_max": 31.58,
    "temp_raw_last": 2258.0
  },
  "bpm_blocks_10s_mean": [
    140.77392710648942,
    NaN,
    NaN,
    NaN
  ],
  "sensor_config": {
    "red": 95,
    "ir": 95,
    "avg": 1,
    "rate": 100,
    "width": 411,
    "adc": 16384,
    "skip": 50,
    "debug": false
  },
  "analysis_config": {
    "bpm_min": 45,
    "bpm_max": 180,
    "peak_threshold_sd": 0.55,
    "detrend_seconds": 2.0,
    "smooth_seconds": 0.07,
    "ignore_initial_seconds": 1.0,
    "min_quality_to_accept": 45.0,
    "spo2_formula": "quad",
    "spo2_custom_a": 94.845,
    "spo2_custom_b": 30.354,
    "spo2_custom_c": -45.06
  },
  "files": {
    "raw": "C:\\Users\\julia\\OneDrive\\Desktop\\tesis\\mtestv2\\resultados\\raw\\raw_BLOQUE_16CFG_184_ConVacio_20260602_130526_CFG014_CONFIG_14-B5F_AVG1_ADC16384.csv",
    "processed": "C:\\Users\\julia\\OneDrive\\Desktop\\tesis\\mtestv2\\resultados\\processed\\proc_BLOQUE_16CFG_184_ConVacio_20260602_130526_CFG014_CONFIG_14-B5F_AVG1_ADC16384.csv",
    "plot": "C:\\Users\\julia\\OneDrive\\Desktop\\tesis\\mtestv2\\resultados\\figures\\plot_BLOQUE_16CFG_184_ConVacio_20260602_130526_CFG014_CONFIG_14-B5F_AVG1_ADC16384.png",
    "bpm_blocks_10s": "C:\\Users\\julia\\OneDrive\\Desktop\\tesis\\mtestv2\\resultados\\reports\\bpm_blocks_10s_BLOQUE_16CFG_184_ConVacio_20260602_130526_CFG014_CONFIG_14-B5F_AVG1_ADC16384.csv"
  },
  "manual_reference": {
    "pulso_previo": "75",
    "pulso_final_pulsio": "70",
    "pulso_final_fonendo": ""
  },
  "created": "2026-06-02T13:16:09.036988"
}