{
  "session_id": "BLOQUE_12CFG_marco_no_oveja_20260603_102305_CFG011_3M_11_-_RED127_IR127_AVG1_ADC16384",
  "id": "marco_no_oveja",
  "base_name": "BLOQUE_12CFG_marco_no_oveja_20260603_102305_CFG011_3M_11_-_RED127_IR127_AVG1_ADC16384",
  "mode": "experimento_3m",
  "measurement_condition": "Experimento 3M: optimizacion adaptativa con BPM manual, PPG y SpO2",
  "config_label": "3M 11 - RED127 IR127 AVG1 ADC16384",
  "config_description": "Experimento 3M: baja brillo y mantiene ADC amplio por saturacion; sube RED relativo a IR para mejorar SpO2; mantiene el AVG de la mejor candidata provisional",
  "reason": "BLOQUE_COMPLETADO",
  "requested_duration_s": 100.0,
  "samples": 3937,
  "metrics": {
    "n": 3897,
    "hz": 39.87647177931554,
    "duration_s": 97.7017229999999,
    "bpm": 78.30073915784322,
    "bpm_peak": 79.75294355863085,
    "bpm_fft": 77.37836926376423,
    "bpm_autocorr": 77.18026795996555,
    "spo2": 99.95478337272161,
    "ratio_r": 0.34363942795820346,
    "resp_rate_rpm": 6.141140417759066,
    "resp_quality": 81.44185825635574,
    "resp_reason": "experimental: pico lento 6.1 resp/min; dominancia=1.19; banda=0.82; ciclos~10.0",
    "quality": 72.74402208554473,
    "quality_label": "buena",
    "artifact_ir_pct": 0.0,
    "artifact_red_pct": 0.0,
    "pi_ir_pct": 0.09514800505960153,
    "pi_red_pct": 0.03269660603004572,
    "ac_ir": 87.6149907606417,
    "dc_ir": 92082.84577880421,
    "ac_red": 32.28441014547768,
    "dc_red": 98739.33128047216,
    "saturation_pct": 0.0,
    "contact_label": "contacto débil / baja perfusión",
    "polarity": "invertida",
    "reason": "cv_intervalos=0.16 | dominancia_fft=1.06 | autocorr=0.58 | estimadores coherentes spread=2.6 | estimada no calibrada",
    "peaks_count": 144
  },
  "temperature": {
    "temp_samples": 3937,
    "temp_c_last": 31.74,
    "temp_c_mean": 31.316017272034546,
    "temp_c_min": 28.03,
    "temp_c_max": 33.87,
    "temp_raw_last": 2307.0
  },
  "bpm_blocks_10s_mean": [
    77.85320277890243,
    77.9394361127655,
    77.0114564402347,
    75.96426758488901,
    77.95462746725354,
    82.47355781347876,
    77.92434912840928,
    78.40646898670433,
    74.55824379576003,
    74.41808504068466
  ],
  "sensor_config": {
    "red": 127,
    "ir": 127,
    "avg": 1,
    "rate": 100,
    "width": 411,
    "adc": 16384,
    "skip": 50,
    "debug": false
  },
  "analysis_config": {
    "bpm_min": 45,
    "bpm_max": 180,
    "peak_threshold_sd": 0.55,
    "detrend_seconds": 2.0,
    "smooth_seconds": 0.07,
    "ignore_initial_seconds": 1.0,
    "min_quality_to_accept": 45.0,
    "spo2_formula": "quad",
    "spo2_custom_a": 94.845,
    "spo2_custom_b": 30.354,
    "spo2_custom_c": -45.06
  },
  "files": {
    "raw": "C:\\Users\\julia\\OneDrive\\Desktop\\tesis\\mtestv2\\resultados\\raw\\raw_BLOQUE_12CFG_marco_no_oveja_20260603_102305_CFG011_3M_11_-_RED127_IR127_AVG1_ADC16384.csv",
    "processed": "C:\\Users\\julia\\OneDrive\\Desktop\\tesis\\mtestv2\\resultados\\processed\\proc_BLOQUE_12CFG_marco_no_oveja_20260603_102305_CFG011_3M_11_-_RED127_IR127_AVG1_ADC16384.csv",
    "plot": "C:\\Users\\julia\\OneDrive\\Desktop\\tesis\\mtestv2\\resultados\\figures\\plot_BLOQUE_12CFG_marco_no_oveja_20260603_102305_CFG011_3M_11_-_RED127_IR127_AVG1_ADC16384.png",
    "bpm_blocks_10s": "C:\\Users\\julia\\OneDrive\\Desktop\\tesis\\mtestv2\\resultados\\reports\\bpm_blocks_10s_BLOQUE_12CFG_marco_no_oveja_20260603_102305_CFG011_3M_11_-_RED127_IR127_AVG1_ADC16384.csv"
  },
  "manual_reference": {
    "pulso_previo": "78",
    "pulso_final_pulsio": "80",
    "pulso_final_fonendo": ""
  },
  "created": "2026-06-03T10:46:50.954125"
}