{
  "session_id": "BLOQUE_16CFG_386_20260610_132433_CFG011_CONFIG_02_-_B5F_AVG4_ADC16384",
  "id": "386",
  "base_name": "BLOQUE_16CFG_386_20260610_132433_CFG011_CONFIG_02_-_B5F_AVG4_ADC16384",
  "mode": "configurations",
  "measurement_condition": "RIGHT",
  "config_label": "CONFIG 02 - B5F_AVG4_ADC16384",
  "config_description": "Brillo alto, promediado x4, rango ADC 8192",
  "reason": "BLOQUE_COMPLETADO",
  "requested_duration_s": 30.0,
  "samples": 1143,
  "metrics": {
    "n": 1063,
    "hz": 39.75162347202366,
    "duration_s": 26.715889999999945,
    "bpm": 95.14672987769828,
    "bpm_peak": 91.73451570467006,
    "bpm_fft": 94.32588620480192,
    "bpm_autocorr": 99.37905868005915,
    "spo2": 99.66490198084274,
    "ratio_r": 0.4173145872136288,
    "resp_rate_rpm": 6.737563300342994,
    "resp_quality": 51.955382105207626,
    "resp_reason": "experimental: pico lento 6.7 resp/min; dominancia=1.25; banda=0.79; ciclos~3.0",
    "quality": 69.9081564018455,
    "quality_label": "aceptable",
    "artifact_ir_pct": 0.0,
    "artifact_red_pct": 0.0,
    "pi_ir_pct": 0.05456546767061487,
    "pi_red_pct": 0.02277096561708125,
    "ac_ir": 24.07661427661166,
    "dc_ir": 44124.269990592664,
    "ac_red": 3.173050301002208,
    "dc_red": 13934.632173095015,
    "saturation_pct": 0.0,
    "contact_label": "contacto débil / baja perfusión",
    "polarity": "normal",
    "reason": "primeros 1.0 s ignorados; cribado robusto descarta 0.0 % | cv_intervalos=0.15 | dominancia_fft=1.04 | autocorr=0.64 | estimadores coherentes spread=7.6 | estimada no calibrada",
    "peaks_count": 21
  },
  "temperature": {
    "temp_samples": 1143,
    "temp_c_last": 28.55,
    "temp_c_mean": 28.1311198600175,
    "temp_c_min": 25.98,
    "temp_c_max": 29.57,
    "temp_raw_last": 2186.0
  },
  "bpm_blocks_10s_mean": [
    NaN,
    94.8277865989832,
    NaN
  ],
  "sensor_config": {
    "red": 95,
    "ir": 95,
    "avg": 4,
    "rate": 800,
    "width": 411,
    "adc": 16384,
    "skip": 50,
    "debug": false
  },
  "analysis_config": {
    "bpm_min": 45,
    "bpm_max": 180,
    "peak_threshold_sd": 0.55,
    "detrend_seconds": 2.0,
    "smooth_seconds": 0.07,
    "ignore_initial_seconds": 1.0,
    "min_quality_to_accept": 45.0,
    "spo2_formula": "quad",
    "spo2_custom_a": 94.845,
    "spo2_custom_b": 30.354,
    "spo2_custom_c": -45.06
  },
  "files": {
    "raw": "C:\\Users\\julia\\OneDrive\\Desktop\\tesis\\mtestv2\\resultados\\raw\\raw_BLOQUE_16CFG_386_20260610_132433_CFG011_CONFIG_02_-_B5F_AVG4_ADC16384.csv",
    "processed": "C:\\Users\\julia\\OneDrive\\Desktop\\tesis\\mtestv2\\resultados\\processed\\proc_BLOQUE_16CFG_386_20260610_132433_CFG011_CONFIG_02_-_B5F_AVG4_ADC16384.csv",
    "plot": "C:\\Users\\julia\\OneDrive\\Desktop\\tesis\\mtestv2\\resultados\\figures\\plot_BLOQUE_16CFG_386_20260610_132433_CFG011_CONFIG_02_-_B5F_AVG4_ADC16384.png",
    "bpm_blocks_10s": "C:\\Users\\julia\\OneDrive\\Desktop\\tesis\\mtestv2\\resultados\\reports\\bpm_blocks_10s_BLOQUE_16CFG_386_20260610_132433_CFG011_CONFIG_02_-_B5F_AVG4_ADC16384.csv"
  },
  "manual_reference": {
    "pulso_previo": "91",
    "pulso_final_pulsio": "90",
    "pulso_final_fonendo": ""
  },
  "created": "2026-06-10T13:39:07.582038"
}