{
  "session_id": "BLOQUE_7CFG_SIN_CROTAL_20260609_123429_CFG001_CONFIG_01_-_B7F_AVG4_ADC16384",
  "id": "SIN_CROTAL",
  "base_name": "BLOQUE_7CFG_SIN_CROTAL_20260609_123429_CFG001_CONFIG_01_-_B7F_AVG4_ADC16384",
  "mode": "configurations",
  "measurement_condition": "toma con tabla personalizada de configuraciones",
  "config_label": "CONFIG 01 - B7F_AVG4_ADC16384",
  "config_description": "Brillo bajo, sin promediado, rango ADC 8192",
  "reason": "BLOQUE_COMPLETADO",
  "requested_duration_s": 30.0,
  "samples": 1144,
  "metrics": {
    "n": 768,
    "hz": 35.79501283533556,
    "duration_s": 21.427566000000002,
    "bpm": 67.96616796071676,
    "bpm_peak": 67.96616796071676,
    "bpm_fft": 71.51737557550032,
    "bpm_autocorr": 179.18353371461717,
    "spo2": 98.85924233311752,
    "ratio_r": 0.49289280470741714,
    "resp_rate_rpm": 8.579363928575768,
    "resp_quality": 54.83018255798916,
    "resp_reason": "experimental: pico lento 8.6 resp/min; dominancia=2.33; banda=0.74; ciclos~3.0",
    "quality": 0.09374146247520798,
    "quality_label": "dudosa",
    "artifact_ir_pct": 27.819548872180448,
    "artifact_red_pct": 4.947916666666666,
    "pi_ir_pct": 0.07096376090516757,
    "pi_red_pct": 0.0349775271451346,
    "ac_ir": 71.32132467024203,
    "dc_ir": 100503.86811594202,
    "ac_red": 18.36923816269196,
    "dc_red": 52517.25797101449,
    "saturation_pct": 0.0,
    "contact_label": "contacto débil / baja perfusión",
    "polarity": "invertida",
    "reason": "primeros 1.0 s ignorados; cribado robusto descarta 27.8 % | cv_intervalos=0.16 | dominancia_fft=1.16 | autocorr=0.48 | estimadores discrepantes; se usa picos spread=111.2 | BPM por debajo del umbral de calidad | estimada no calibrada",
    "peaks_count": 15
  },
  "temperature": {
    "temp_samples": 1144,
    "temp_c_last": 29.33,
    "temp_c_mean": 30.45881993006993,
    "temp_c_min": 29.25,
    "temp_c_max": 31.69,
    "temp_raw_last": 2216.0
  },
  "bpm_blocks_10s_mean": [
    NaN,
    NaN,
    NaN
  ],
  "sensor_config": {
    "red": 63,
    "ir": 127,
    "avg": 4,
    "rate": 400,
    "width": 411,
    "adc": 16384,
    "skip": 50,
    "debug": false
  },
  "analysis_config": {
    "bpm_min": 45,
    "bpm_max": 180,
    "peak_threshold_sd": 0.55,
    "detrend_seconds": 2.0,
    "smooth_seconds": 0.07,
    "ignore_initial_seconds": 1.0,
    "min_quality_to_accept": 45.0,
    "spo2_formula": "quad",
    "spo2_custom_a": 94.845,
    "spo2_custom_b": 30.354,
    "spo2_custom_c": -45.06
  },
  "files": {
    "raw": "C:\\Users\\julia\\OneDrive\\Desktop\\tesis\\mtestv2\\resultados\\raw\\raw_BLOQUE_7CFG_SIN_CROTAL_20260609_123429_CFG001_CONFIG_01_-_B7F_AVG4_ADC16384.csv",
    "processed": "C:\\Users\\julia\\OneDrive\\Desktop\\tesis\\mtestv2\\resultados\\processed\\proc_BLOQUE_7CFG_SIN_CROTAL_20260609_123429_CFG001_CONFIG_01_-_B7F_AVG4_ADC16384.csv",
    "plot": "C:\\Users\\julia\\OneDrive\\Desktop\\tesis\\mtestv2\\resultados\\figures\\plot_BLOQUE_7CFG_SIN_CROTAL_20260609_123429_CFG001_CONFIG_01_-_B7F_AVG4_ADC16384.png",
    "bpm_blocks_10s": "C:\\Users\\julia\\OneDrive\\Desktop\\tesis\\mtestv2\\resultados\\reports\\bpm_blocks_10s_BLOQUE_7CFG_SIN_CROTAL_20260609_123429_CFG001_CONFIG_01_-_B7F_AVG4_ADC16384.csv"
  },
  "manual_reference": {
    "pulso_previo": "68",
    "pulso_final_pulsio": "65",
    "pulso_final_fonendo": ""
  },
  "created": "2026-06-09T12:40:14.554624"
}