{
  "session_id": "BLOQUE_12CFG_184_20260603_123040_CFG009_3M_09_-_RED159_IR159_AVG4_ADC16384",
  "id": "184",
  "base_name": "BLOQUE_12CFG_184_20260603_123040_CFG009_3M_09_-_RED159_IR159_AVG4_ADC16384",
  "mode": "experimento_3m",
  "measurement_condition": "Experimento 3M: optimizacion adaptativa con BPM manual, PPG y SpO2, exprimento numero 1 en oveja",
  "config_label": "3M 09 - RED159 IR159 AVG4 ADC16384",
  "config_description": "Experimento 3M: sube IR porque el PI IR es bajo; sube RED relativo a IR para mejorar SpO2; mantiene el AVG de la mejor candidata provisional",
  "reason": "BLOQUE_COMPLETADO",
  "requested_duration_s": 50.0,
  "samples": 448,
  "metrics": {
    "n": 438,
    "hz": 9.974354724299474,
    "duration_s": 43.81235800000002,
    "bpm": 87.03216559362556,
    "bpm_peak": 85.71428571428564,
    "bpm_fft": 88.93956670467503,
    "bpm_autocorr": 85.71428571428571,
    "spo2": 26.756487348012314,
    "ratio_r": 1.611380006474844,
    "resp_rate_rpm": 8.209806157354619,
    "resp_quality": 74.4124019726579,
    "resp_reason": "experimental: pico lento 8.2 resp/min; dominancia=1.13; banda=0.88; ciclos~6.0",
    "quality": 46.51996155360272,
    "quality_label": "aceptable",
    "artifact_ir_pct": 0.0,
    "artifact_red_pct": 0.0,
    "pi_ir_pct": 0.008116326929325183,
    "pi_red_pct": 0.013078486939927964,
    "ac_ir": 3.9046472174882974,
    "dc_ir": 48108.5502283105,
    "ac_red": 2.0257904429865885,
    "dc_red": 15489.486301369863,
    "saturation_pct": 0.0,
    "contact_label": "contacto débil / baja perfusión",
    "polarity": "invertida",
    "reason": "cv_intervalos=0.29 | dominancia_fft=1.06 | autocorr=0.11 | estimadores coherentes spread=3.2 | estimada no calibrada",
    "peaks_count": 55
  },
  "temperature": {
    "temp_samples": 448,
    "temp_c_last": 33.21,
    "temp_c_mean": 33.37837053571428,
    "temp_c_min": 30.92,
    "temp_c_max": 34.72,
    "temp_raw_last": 2361.0
  },
  "bpm_blocks_10s_mean": [
    NaN,
    NaN,
    NaN,
    NaN,
    NaN
  ],
  "sensor_config": {
    "red": 159,
    "ir": 159,
    "avg": 4,
    "rate": 100,
    "width": 411,
    "adc": 16384,
    "skip": 50,
    "debug": false
  },
  "analysis_config": {
    "bpm_min": 45,
    "bpm_max": 180,
    "peak_threshold_sd": 0.55,
    "detrend_seconds": 2.0,
    "smooth_seconds": 0.07,
    "ignore_initial_seconds": 1.0,
    "min_quality_to_accept": 45.0,
    "spo2_formula": "quad",
    "spo2_custom_a": 94.845,
    "spo2_custom_b": 30.354,
    "spo2_custom_c": -45.06
  },
  "files": {
    "raw": "C:\\Users\\julia\\OneDrive\\Desktop\\tesis\\mtestv2\\resultados\\raw\\raw_BLOQUE_12CFG_184_20260603_123040_CFG009_3M_09_-_RED159_IR159_AVG4_ADC16384.csv",
    "processed": "C:\\Users\\julia\\OneDrive\\Desktop\\tesis\\mtestv2\\resultados\\processed\\proc_BLOQUE_12CFG_184_20260603_123040_CFG009_3M_09_-_RED159_IR159_AVG4_ADC16384.csv",
    "plot": "C:\\Users\\julia\\OneDrive\\Desktop\\tesis\\mtestv2\\resultados\\figures\\plot_BLOQUE_12CFG_184_20260603_123040_CFG009_3M_09_-_RED159_IR159_AVG4_ADC16384.png",
    "bpm_blocks_10s": "C:\\Users\\julia\\OneDrive\\Desktop\\tesis\\mtestv2\\resultados\\reports\\bpm_blocks_10s_BLOQUE_12CFG_184_20260603_123040_CFG009_3M_09_-_RED159_IR159_AVG4_ADC16384.csv"
  },
  "manual_reference": {
    "pulso_previo": "80",
    "pulso_final_pulsio": "77",
    "pulso_final_fonendo": ""
  },
  "created": "2026-06-03T12:42:00.749771"
}