{
  "session_id": "BLOQUE_16CFG_184_ConVacio_20260602_130526_CFG012_CONFIG_12_-_B7F_AVG4_ADC16384",
  "id": "184_ConVacio",
  "base_name": "BLOQUE_16CFG_184_ConVacio_20260602_130526_CFG012_CONFIG_12_-_B7F_AVG4_ADC16384",
  "mode": "configurations",
  "measurement_condition": "toma con tabla personalizada de configuraciones",
  "config_label": "CONFIG 12 - B7F_AVG4_ADC16384",
  "config_description": "Brillo alto, promediado x4, rango ADC 16384",
  "reason": "BLOQUE_COMPLETADO",
  "requested_duration_s": 30.0,
  "samples": 249,
  "metrics": {
    "n": 248,
    "hz": 9.978855330757034,
    "duration_s": 24.75233800000001,
    "bpm": 171.42857142857142,
    "bpm_peak": 74.99999999999993,
    "bpm_fft": 72.58064516129032,
    "bpm_autocorr": 171.42857142857142,
    "spo2": 97.49033369132161,
    "ratio_r": 0.5707815965164199,
    "resp_rate_rpm": 9.67741935483871,
    "resp_quality": 60.734504240547125,
    "resp_reason": "experimental: pico lento 9.7 resp/min; dominancia=1.48; banda=0.90; ciclos~4.0",
    "quality": 24.137292619299338,
    "quality_label": "dudosa",
    "artifact_ir_pct": 16.93548387096774,
    "artifact_red_pct": 0.0,
    "pi_ir_pct": 0.062418182366964704,
    "pi_red_pct": 0.03562714978306917,
    "ac_ir": 36.354276496150604,
    "dc_ir": 58243.087378640776,
    "ac_red": 9.030619462836103,
    "dc_red": 25347.577669902912,
    "saturation_pct": 0.0,
    "contact_label": "contacto débil / baja perfusión",
    "polarity": "invertida",
    "reason": "cv_intervalos=0.23 | dominancia_fft=1.41 | autocorr=0.88 | estimadores discrepantes; se usa autocorr spread=98.8 | BPM por debajo del umbral de calidad | estimada no calibrada",
    "peaks_count": 15
  },
  "temperature": {
    "temp_samples": 249,
    "temp_c_last": 29.44,
    "temp_c_mean": 29.754658634538153,
    "temp_c_min": 28.39,
    "temp_c_max": 31.83,
    "temp_raw_last": 2220.0
  },
  "bpm_blocks_10s_mean": [
    NaN,
    NaN,
    NaN,
    NaN,
    NaN,
    NaN,
    NaN,
    NaN
  ],
  "sensor_config": {
    "red": 127,
    "ir": 127,
    "avg": 4,
    "rate": 100,
    "width": 411,
    "adc": 16384,
    "skip": 50,
    "debug": false
  },
  "analysis_config": {
    "bpm_min": 45,
    "bpm_max": 180,
    "peak_threshold_sd": 0.55,
    "detrend_seconds": 2.0,
    "smooth_seconds": 0.07,
    "ignore_initial_seconds": 1.0,
    "min_quality_to_accept": 45.0,
    "spo2_formula": "quad",
    "spo2_custom_a": 94.845,
    "spo2_custom_b": 30.354,
    "spo2_custom_c": -45.06
  },
  "files": {
    "raw": "C:\\Users\\julia\\OneDrive\\Desktop\\tesis\\mtestv2\\resultados\\raw\\raw_BLOQUE_16CFG_184_ConVacio_20260602_130526_CFG012_CONFIG_12_-_B7F_AVG4_ADC16384.csv",
    "processed": "C:\\Users\\julia\\OneDrive\\Desktop\\tesis\\mtestv2\\resultados\\processed\\proc_BLOQUE_16CFG_184_ConVacio_20260602_130526_CFG012_CONFIG_12_-_B7F_AVG4_ADC16384.csv",
    "plot": "C:\\Users\\julia\\OneDrive\\Desktop\\tesis\\mtestv2\\resultados\\figures\\plot_BLOQUE_16CFG_184_ConVacio_20260602_130526_CFG012_CONFIG_12_-_B7F_AVG4_ADC16384.png",
    "bpm_blocks_10s": "C:\\Users\\julia\\OneDrive\\Desktop\\tesis\\mtestv2\\resultados\\reports\\bpm_blocks_10s_BLOQUE_16CFG_184_ConVacio_20260602_130526_CFG012_CONFIG_12_-_B7F_AVG4_ADC16384.csv"
  },
  "manual_reference": {
    "pulso_previo": "63",
    "pulso_final_pulsio": "79",
    "pulso_final_fonendo": ""
  },
  "created": "2026-06-02T13:16:08.696480"
}