{
  "session_id": "BLOQUE_16CFG_386_20260610_135136_CFG009_CONFIG_02_-_B5F_AVG4_ADC16384",
  "id": "386",
  "base_name": "BLOQUE_16CFG_386_20260610_135136_CFG009_CONFIG_02_-_B5F_AVG4_ADC16384",
  "mode": "configurations",
  "measurement_condition": "LEFT",
  "config_label": "CONFIG 02 - B5F_AVG4_ADC16384",
  "config_description": "Brillo alto, sin promediado, rango ADC 8192",
  "reason": "BLOQUE_COMPLETADO",
  "requested_duration_s": 30.0,
  "samples": 1142,
  "metrics": {
    "n": 1062,
    "hz": 39.75489998813722,
    "duration_s": 26.688534000000004,
    "bpm": 125.89051662910136,
    "bpm_peak": 125.89051662910136,
    "bpm_fft": 101.16704049761593,
    "bpm_autocorr": 183.48415379140255,
    "spo2": 99.73885720404982,
    "ratio_r": 0.2672581942577572,
    "resp_rate_rpm": 6.744469366507729,
    "resp_quality": 59.415089665883094,
    "resp_reason": "experimental: pico lento 6.7 resp/min; dominancia=3.31; banda=0.67; ciclos~3.0",
    "quality": 28.034087492316004,
    "quality_label": "dudosa",
    "artifact_ir_pct": 0.0,
    "artifact_red_pct": 0.0,
    "pi_ir_pct": 0.06767715316200339,
    "pi_red_pct": 0.01808727374658269,
    "ac_ir": 30.99814734495253,
    "dc_ir": 45802.97175141243,
    "ac_red": 3.5049960177606305,
    "dc_red": 19378.24387947269,
    "saturation_pct": 0.0,
    "contact_label": "contacto débil / baja perfusión",
    "polarity": "normal",
    "reason": "primeros 1.0 s ignorados; cribado robusto descarta 0.0 % | cv_intervalos=0.23 | dominancia_fft=1.30 | autocorr=0.79 | estimadores discrepantes; se usa picos spread=24.7 | BPM por debajo del umbral de calidad | estimada no calibrada",
    "peaks_count": 22
  },
  "temperature": {
    "temp_samples": 1142,
    "temp_c_last": 33.7,
    "temp_c_mean": 33.15823117338003,
    "temp_c_min": 30.94,
    "temp_c_max": 35.2,
    "temp_raw_last": 2379.0
  },
  "bpm_blocks_10s_mean": [
    99.08160266124348,
    NaN,
    NaN
  ],
  "sensor_config": {
    "red": 95,
    "ir": 95,
    "avg": 4,
    "rate": 800,
    "width": 411,
    "adc": 16384,
    "skip": 50,
    "debug": false
  },
  "analysis_config": {
    "bpm_min": 45,
    "bpm_max": 180,
    "peak_threshold_sd": 0.55,
    "detrend_seconds": 2.0,
    "smooth_seconds": 0.07,
    "ignore_initial_seconds": 1.0,
    "min_quality_to_accept": 45.0,
    "spo2_formula": "quad",
    "spo2_custom_a": 94.845,
    "spo2_custom_b": 30.354,
    "spo2_custom_c": -45.06
  },
  "files": {
    "raw": "C:\\Users\\julia\\OneDrive\\Desktop\\tesis\\mtestv2\\resultados\\raw\\raw_BLOQUE_16CFG_386_20260610_135136_CFG009_CONFIG_02_-_B5F_AVG4_ADC16384.csv",
    "processed": "C:\\Users\\julia\\OneDrive\\Desktop\\tesis\\mtestv2\\resultados\\processed\\proc_BLOQUE_16CFG_386_20260610_135136_CFG009_CONFIG_02_-_B5F_AVG4_ADC16384.csv",
    "plot": "C:\\Users\\julia\\OneDrive\\Desktop\\tesis\\mtestv2\\resultados\\figures\\plot_BLOQUE_16CFG_386_20260610_135136_CFG009_CONFIG_02_-_B5F_AVG4_ADC16384.png",
    "bpm_blocks_10s": "C:\\Users\\julia\\OneDrive\\Desktop\\tesis\\mtestv2\\resultados\\reports\\bpm_blocks_10s_BLOQUE_16CFG_386_20260610_135136_CFG009_CONFIG_02_-_B5F_AVG4_ADC16384.csv"
  },
  "manual_reference": {
    "pulso_previo": "115",
    "pulso_final_pulsio": "100",
    "pulso_final_fonendo": ""
  },
  "created": "2026-06-10T14:03:01.552025"
}