{
  "session_id": "BLOQUE_16CFG_386_20260610_132433_CFG007_CONFIG_02_-_B5F_AVG4_ADC16384",
  "id": "386",
  "base_name": "BLOQUE_16CFG_386_20260610_132433_CFG007_CONFIG_02_-_B5F_AVG4_ADC16384",
  "mode": "configurations",
  "measurement_condition": "RIGHT",
  "config_label": "CONFIG 02 - B5F_AVG4_ADC16384",
  "config_description": "Brillo medio, promediado x4, rango ADC 8192",
  "reason": "BLOQUE_COMPLETADO",
  "requested_duration_s": 30.0,
  "samples": 1143,
  "metrics": {
    "n": 1063,
    "hz": 39.754816846339445,
    "duration_s": 26.71374400000002,
    "bpm": 98.73568652112431,
    "bpm_peak": 99.38704211584857,
    "bpm_fft": 96.57949855325401,
    "bpm_autocorr": 99.38704211584862,
    "spo2": 99.82731285451825,
    "ratio_r": 0.39044074286103336,
    "resp_rate_rpm": 8.984139400302698,
    "resp_quality": 61.48049288828375,
    "resp_reason": "experimental: pico lento 9.0 resp/min; dominancia=1.07; banda=0.97; ciclos~4.0",
    "quality": 77.93271524490851,
    "quality_label": "buena",
    "artifact_ir_pct": 0.0,
    "artifact_red_pct": 0.0,
    "pi_ir_pct": 0.04879586893678552,
    "pi_red_pct": 0.01905189531622816,
    "ac_ir": 21.088154746175583,
    "dc_ir": 43217.090310442145,
    "ac_red": 2.609903367340107,
    "dc_red": 13698.917215428033,
    "saturation_pct": 0.0,
    "contact_label": "contacto débil / baja perfusión",
    "polarity": "normal",
    "reason": "primeros 1.0 s ignorados; cribado robusto descarta 0.0 % | cv_intervalos=0.15 | dominancia_fft=1.32 | autocorr=0.69 | estimadores coherentes spread=2.8 | estimada no calibrada",
    "peaks_count": 20
  },
  "temperature": {
    "temp_samples": 1143,
    "temp_c_last": 28.24,
    "temp_c_mean": 28.41391951006124,
    "temp_c_min": 26.18,
    "temp_c_max": 30.17,
    "temp_raw_last": 2174.0
  },
  "bpm_blocks_10s_mean": [
    98.29156282181108,
    98.2238112140891,
    NaN
  ],
  "sensor_config": {
    "red": 95,
    "ir": 95,
    "avg": 4,
    "rate": 800,
    "width": 411,
    "adc": 16384,
    "skip": 50,
    "debug": false
  },
  "analysis_config": {
    "bpm_min": 45,
    "bpm_max": 180,
    "peak_threshold_sd": 0.55,
    "detrend_seconds": 2.0,
    "smooth_seconds": 0.07,
    "ignore_initial_seconds": 1.0,
    "min_quality_to_accept": 45.0,
    "spo2_formula": "quad",
    "spo2_custom_a": 94.845,
    "spo2_custom_b": 30.354,
    "spo2_custom_c": -45.06
  },
  "files": {
    "raw": "C:\\Users\\julia\\OneDrive\\Desktop\\tesis\\mtestv2\\resultados\\raw\\raw_BLOQUE_16CFG_386_20260610_132433_CFG007_CONFIG_02_-_B5F_AVG4_ADC16384.csv",
    "processed": "C:\\Users\\julia\\OneDrive\\Desktop\\tesis\\mtestv2\\resultados\\processed\\proc_BLOQUE_16CFG_386_20260610_132433_CFG007_CONFIG_02_-_B5F_AVG4_ADC16384.csv",
    "plot": "C:\\Users\\julia\\OneDrive\\Desktop\\tesis\\mtestv2\\resultados\\figures\\plot_BLOQUE_16CFG_386_20260610_132433_CFG007_CONFIG_02_-_B5F_AVG4_ADC16384.png",
    "bpm_blocks_10s": "C:\\Users\\julia\\OneDrive\\Desktop\\tesis\\mtestv2\\resultados\\reports\\bpm_blocks_10s_BLOQUE_16CFG_386_20260610_132433_CFG007_CONFIG_02_-_B5F_AVG4_ADC16384.csv"
  },
  "manual_reference": {
    "pulso_previo": "95",
    "pulso_final_pulsio": "97",
    "pulso_final_fonendo": ""
  },
  "created": "2026-06-10T13:39:06.098990"
}