{
  "session_id": "BLOQUE_16CFG_386_20260610_132433_CFG001_CONFIG_02_-_B5F_AVG4_ADC16384",
  "id": "386",
  "base_name": "BLOQUE_16CFG_386_20260610_132433_CFG001_CONFIG_02_-_B5F_AVG4_ADC16384",
  "mode": "configurations",
  "measurement_condition": "RIGHT",
  "config_label": "CONFIG 02 - B5F_AVG4_ADC16384",
  "config_description": "Brillo bajo, sin promediado, rango ADC 8192",
  "reason": "BLOQUE_COMPLETADO",
  "requested_duration_s": 30.0,
  "samples": 1144,
  "metrics": {
    "n": 1064,
    "hz": 39.77608794055245,
    "duration_s": 26.724598999999998,
    "bpm": 101.5598128373507,
    "bpm_peak": 99.44021985138122,
    "bpm_fft": 103.27563755025848,
    "bpm_autocorr": 183.5819443410113,
    "spo2": 90.75398318252479,
    "ratio_r": 0.7887429142119837,
    "resp_rate_rpm": 8.980490221761606,
    "resp_quality": 66.03243395271149,
    "resp_reason": "experimental: pico lento 9.0 resp/min; dominancia=1.64; banda=1.00; ciclos~4.0",
    "quality": 51.055108087979384,
    "quality_label": "aceptable",
    "artifact_ir_pct": 0.0,
    "artifact_red_pct": 0.0,
    "pi_ir_pct": 0.05951772256162491,
    "pi_red_pct": 0.04694418194051636,
    "ac_ir": 24.93918043613762,
    "dc_ir": 41902.10808270676,
    "ac_red": 7.398313950472446,
    "dc_red": 15759.810150375939,
    "saturation_pct": 0.0,
    "contact_label": "contacto débil / baja perfusión",
    "polarity": "invertida",
    "reason": "primeros 1.0 s ignorados; cribado robusto descarta 0.0 % | cv_intervalos=0.35 | dominancia_fft=1.12 | autocorr=0.48 | estimadores coherentes spread=3.8 | estimada no calibrada",
    "peaks_count": 28
  },
  "temperature": {
    "temp_samples": 1144,
    "temp_c_last": 32.34,
    "temp_c_mean": 32.05806818181818,
    "temp_c_min": 28.91,
    "temp_c_max": 33.78,
    "temp_raw_last": 2329.0
  },
  "bpm_blocks_10s_mean": [
    NaN,
    NaN,
    NaN
  ],
  "sensor_config": {
    "red": 95,
    "ir": 95,
    "avg": 4,
    "rate": 800,
    "width": 411,
    "adc": 16384,
    "skip": 50,
    "debug": false
  },
  "analysis_config": {
    "bpm_min": 45,
    "bpm_max": 180,
    "peak_threshold_sd": 0.55,
    "detrend_seconds": 2.0,
    "smooth_seconds": 0.07,
    "ignore_initial_seconds": 1.0,
    "min_quality_to_accept": 45.0,
    "spo2_formula": "quad",
    "spo2_custom_a": 94.845,
    "spo2_custom_b": 30.354,
    "spo2_custom_c": -45.06
  },
  "files": {
    "raw": "C:\\Users\\julia\\OneDrive\\Desktop\\tesis\\mtestv2\\resultados\\raw\\raw_BLOQUE_16CFG_386_20260610_132433_CFG001_CONFIG_02_-_B5F_AVG4_ADC16384.csv",
    "processed": "C:\\Users\\julia\\OneDrive\\Desktop\\tesis\\mtestv2\\resultados\\processed\\proc_BLOQUE_16CFG_386_20260610_132433_CFG001_CONFIG_02_-_B5F_AVG4_ADC16384.csv",
    "plot": "C:\\Users\\julia\\OneDrive\\Desktop\\tesis\\mtestv2\\resultados\\figures\\plot_BLOQUE_16CFG_386_20260610_132433_CFG001_CONFIG_02_-_B5F_AVG4_ADC16384.png",
    "bpm_blocks_10s": "C:\\Users\\julia\\OneDrive\\Desktop\\tesis\\mtestv2\\resultados\\reports\\bpm_blocks_10s_BLOQUE_16CFG_386_20260610_132433_CFG001_CONFIG_02_-_B5F_AVG4_ADC16384.csv"
  },
  "manual_reference": {
    "pulso_previo": "105",
    "pulso_final_pulsio": "107",
    "pulso_final_fonendo": ""
  },
  "created": "2026-06-10T13:39:04.358435"
}