{
  "session_id": "BLOQUE_12CFG_184_20260609_140202_CFG007_CONFIG_01_-_B7F_AVG4_ADC16384",
  "id": "184",
  "base_name": "BLOQUE_12CFG_184_20260609_140202_CFG007_CONFIG_01_-_B7F_AVG4_ADC16384",
  "mode": "configurations",
  "measurement_condition": "LEFT",
  "config_label": "CONFIG 01 - B7F_AVG4_ADC16384",
  "config_description": "Brillo medio, promediado x4, rango ADC 8192",
  "reason": "STOP_BLOQUE_MANUAL",
  "requested_duration_s": 60.0,
  "samples": 2335,
  "metrics": {
    "n": 2248,
    "hz": 39.62419545425303,
    "duration_s": 56.707776000000024,
    "bpm": 68.77363696999859,
    "bpm_peak": 148.12783347384305,
    "bpm_fft": 68.77363696999859,
    "bpm_autocorr": 182.3111796601146,
    "spo2": 99.3969521723018,
    "ratio_r": 0.4482908030865644,
    "resp_rate_rpm": 8.464447627076748,
    "resp_quality": 90.14662705513966,
    "resp_reason": "experimental: pico lento 8.5 resp/min; dominancia=1.54; banda=1.00; ciclos~8.0",
    "quality": 17.730107950540365,
    "quality_label": "dudosa",
    "artifact_ir_pct": 0.31042128603104213,
    "artifact_red_pct": 0.0,
    "pi_ir_pct": 0.04745582078300498,
    "pi_red_pct": 0.02127400800994538,
    "ac_ir": 24.019488398969834,
    "dc_ir": 50614.41990182954,
    "ac_red": 1.3730635884803937,
    "dc_red": 6454.1838464971,
    "saturation_pct": 0.0,
    "contact_label": "contacto débil / baja perfusión",
    "polarity": "normal",
    "reason": "primeros 1.0 s ignorados; cribado robusto descarta 0.3 % | cv_intervalos=0.33 | dominancia_fft=1.02 | autocorr=0.82 | estimadores discrepantes; se usa FFT spread=79.4 | BPM por debajo del umbral de calidad | estimada no calibrada",
    "peaks_count": 45
  },
  "temperature": {
    "temp_samples": 2335,
    "temp_c_last": 35.37,
    "temp_c_mean": 35.05077087794432,
    "temp_c_min": 32.55,
    "temp_c_max": 36.79,
    "temp_raw_last": 2439.0
  },
  "bpm_blocks_10s_mean": [
    NaN,
    NaN,
    NaN,
    NaN,
    NaN,
    NaN
  ],
  "sensor_config": {
    "red": 63,
    "ir": 127,
    "avg": 4,
    "rate": 800,
    "width": 411,
    "adc": 16384,
    "skip": 50,
    "debug": false
  },
  "analysis_config": {
    "bpm_min": 45,
    "bpm_max": 180,
    "peak_threshold_sd": 0.55,
    "detrend_seconds": 2.0,
    "smooth_seconds": 0.07,
    "ignore_initial_seconds": 1.0,
    "min_quality_to_accept": 45.0,
    "spo2_formula": "quad",
    "spo2_custom_a": 94.845,
    "spo2_custom_b": 30.354,
    "spo2_custom_c": -45.06
  },
  "files": {
    "raw": "C:\\Users\\julia\\OneDrive\\Desktop\\tesis\\mtestv2\\resultados\\raw\\raw_BLOQUE_12CFG_184_20260609_140202_CFG007_CONFIG_01_-_B7F_AVG4_ADC16384.csv",
    "processed": "C:\\Users\\julia\\OneDrive\\Desktop\\tesis\\mtestv2\\resultados\\processed\\proc_BLOQUE_12CFG_184_20260609_140202_CFG007_CONFIG_01_-_B7F_AVG4_ADC16384.csv",
    "plot": "C:\\Users\\julia\\OneDrive\\Desktop\\tesis\\mtestv2\\resultados\\figures\\plot_BLOQUE_12CFG_184_20260609_140202_CFG007_CONFIG_01_-_B7F_AVG4_ADC16384.png",
    "bpm_blocks_10s": "C:\\Users\\julia\\OneDrive\\Desktop\\tesis\\mtestv2\\resultados\\reports\\bpm_blocks_10s_BLOQUE_12CFG_184_20260609_140202_CFG007_CONFIG_01_-_B7F_AVG4_ADC16384.csv"
  },
  "manual_reference": {
    "pulso_previo": "80",
    "pulso_final_pulsio": "66",
    "pulso_final_fonendo": ""
  },
  "created": "2026-06-09T14:12:22.261325"
}