{
  "session_id": "BLOQUE_8CFG_184_20260610_141601_CFG001_CONFIG_02_-_B5F_AVG4_ADC16384",
  "id": "184",
  "base_name": "BLOQUE_8CFG_184_20260610_141601_CFG001_CONFIG_02_-_B5F_AVG4_ADC16384",
  "mode": "configurations",
  "measurement_condition": "RIGHT",
  "config_label": "CONFIG 02 - B5F_AVG4_ADC16384",
  "config_description": "Brillo bajo, sin promediado, rango ADC 8192",
  "reason": "BLOQUE_COMPLETADO",
  "requested_duration_s": 30.0,
  "samples": 1143,
  "metrics": {
    "n": 1033,
    "hz": 38.642736777472095,
    "duration_s": 26.706183,
    "bpm": 49.42675634327826,
    "bpm_peak": 103.45848998561974,
    "bpm_fft": 49.42675634327826,
    "bpm_autocorr": 174.7218554652249,
    "spo2": 18.147439394215496,
    "ratio_r": 1.6842472857684117,
    "resp_rate_rpm": 6.740012228628853,
    "resp_quality": 57.46102387192235,
    "resp_reason": "experimental: pico lento 6.7 resp/min; dominancia=1.09; banda=0.98; ciclos~3.0",
    "quality": 15.4387017209003,
    "quality_label": "dudosa",
    "artifact_ir_pct": 2.8222013170272815,
    "artifact_red_pct": 2.032913843175218,
    "pi_ir_pct": 0.03112596954144541,
    "pi_red_pct": 0.052423829717089684,
    "ac_ir": 12.566319750365288,
    "dc_ir": 40372.460474308304,
    "ac_red": 9.727923321001125,
    "dc_red": 18556.300395256916,
    "saturation_pct": 0.0,
    "contact_label": "contacto débil / baja perfusión",
    "polarity": "normal",
    "reason": "primeros 1.0 s ignorados; cribado robusto descarta 2.8 % | cv_intervalos=0.45 | dominancia_fft=1.29 | autocorr=0.40 | estimadores discrepantes; se usa FFT spread=125.3 | BPM por debajo del umbral de calidad | estimada no calibrada",
    "peaks_count": 32
  },
  "temperature": {
    "temp_samples": 1143,
    "temp_c_last": 29.83,
    "temp_c_mean": 29.983937007874015,
    "temp_c_min": 27.59,
    "temp_c_max": 31.61,
    "temp_raw_last": 2235.0
  },
  "bpm_blocks_10s_mean": [
    NaN,
    NaN,
    NaN
  ],
  "sensor_config": {
    "red": 95,
    "ir": 95,
    "avg": 4,
    "rate": 800,
    "width": 411,
    "adc": 16384,
    "skip": 50,
    "debug": false
  },
  "analysis_config": {
    "bpm_min": 45,
    "bpm_max": 180,
    "peak_threshold_sd": 0.55,
    "detrend_seconds": 2.0,
    "smooth_seconds": 0.07,
    "ignore_initial_seconds": 1.0,
    "min_quality_to_accept": 45.0,
    "spo2_formula": "quad",
    "spo2_custom_a": 94.845,
    "spo2_custom_b": 30.354,
    "spo2_custom_c": -45.06
  },
  "files": {
    "raw": "C:\\Users\\julia\\OneDrive\\Desktop\\tesis\\mtestv2\\resultados\\raw\\raw_BLOQUE_8CFG_184_20260610_141601_CFG001_CONFIG_02_-_B5F_AVG4_ADC16384.csv",
    "processed": "C:\\Users\\julia\\OneDrive\\Desktop\\tesis\\mtestv2\\resultados\\processed\\proc_BLOQUE_8CFG_184_20260610_141601_CFG001_CONFIG_02_-_B5F_AVG4_ADC16384.csv",
    "plot": "C:\\Users\\julia\\OneDrive\\Desktop\\tesis\\mtestv2\\resultados\\figures\\plot_BLOQUE_8CFG_184_20260610_141601_CFG001_CONFIG_02_-_B5F_AVG4_ADC16384.png",
    "bpm_blocks_10s": "C:\\Users\\julia\\OneDrive\\Desktop\\tesis\\mtestv2\\resultados\\reports\\bpm_blocks_10s_BLOQUE_8CFG_184_20260610_141601_CFG001_CONFIG_02_-_B5F_AVG4_ADC16384.csv"
  },
  "manual_reference": {
    "pulso_previo": "90",
    "pulso_final_pulsio": "85",
    "pulso_final_fonendo": ""
  },
  "created": "2026-06-10T14:20:43.581211"
}