{
  "session_id": "BLOQUE_16CFG_386_20260610_135136_CFG002_CONFIG_03_-_B3F_AVG4_ADC16384",
  "id": "386",
  "base_name": "BLOQUE_16CFG_386_20260610_135136_CFG002_CONFIG_03_-_B3F_AVG4_ADC16384",
  "mode": "configurations",
  "measurement_condition": "LEFT",
  "config_label": "CONFIG 03 - B3F_AVG4_ADC16384",
  "config_description": "Brillo bajo, sin promediado, rango ADC 16384",
  "reason": "BLOQUE_COMPLETADO",
  "requested_duration_s": 30.0,
  "samples": 1143,
  "metrics": {
    "n": 1056,
    "hz": 39.50065481227678,
    "duration_s": 26.70841800000001,
    "bpm": 111.12472741864623,
    "bpm_peak": 112.11018616998248,
    "bpm_fft": 107.83117143067022,
    "bpm_autocorr": 112.11018616998255,
    "spo2": 99.78856241967011,
    "ratio_r": 0.27569950962958517,
    "resp_rate_rpm": 8.985930952555854,
    "resp_quality": 67.10863632546179,
    "resp_reason": "experimental: pico lento 9.0 resp/min; dominancia=1.80; banda=1.00; ciclos~4.0",
    "quality": 75.29423276622137,
    "quality_label": "buena",
    "artifact_ir_pct": 0.658513640639699,
    "artifact_red_pct": 0.0,
    "pi_ir_pct": 0.09196693262114598,
    "pi_red_pct": 0.025355238225787047,
    "ac_ir": 27.83496431974326,
    "dc_ir": 30266.274547187797,
    "ac_red": 3.3266531798682832,
    "dc_red": 13120.181124880839,
    "saturation_pct": 0.0,
    "contact_label": "contacto débil / baja perfusión",
    "polarity": "normal",
    "reason": "primeros 1.0 s ignorados; cribado robusto descarta 0.7 % | cv_intervalos=0.14 | dominancia_fft=1.29 | autocorr=0.66 | estimadores coherentes spread=4.3 | estimada no calibrada",
    "peaks_count": 22
  },
  "temperature": {
    "temp_samples": 1143,
    "temp_c_last": 31.77,
    "temp_c_mean": 32.01916885389326,
    "temp_c_min": 30.33,
    "temp_c_max": 33.45,
    "temp_raw_last": 2308.0
  },
  "bpm_blocks_10s_mean": [
    110.13376189436603,
    110.91106489602987,
    NaN
  ],
  "sensor_config": {
    "red": 63,
    "ir": 63,
    "avg": 4,
    "rate": 800,
    "width": 411,
    "adc": 16384,
    "skip": 50,
    "debug": false
  },
  "analysis_config": {
    "bpm_min": 45,
    "bpm_max": 180,
    "peak_threshold_sd": 0.55,
    "detrend_seconds": 2.0,
    "smooth_seconds": 0.07,
    "ignore_initial_seconds": 1.0,
    "min_quality_to_accept": 45.0,
    "spo2_formula": "quad",
    "spo2_custom_a": 94.845,
    "spo2_custom_b": 30.354,
    "spo2_custom_c": -45.06
  },
  "files": {
    "raw": "C:\\Users\\julia\\OneDrive\\Desktop\\tesis\\mtestv2\\resultados\\raw\\raw_BLOQUE_16CFG_386_20260610_135136_CFG002_CONFIG_03_-_B3F_AVG4_ADC16384.csv",
    "processed": "C:\\Users\\julia\\OneDrive\\Desktop\\tesis\\mtestv2\\resultados\\processed\\proc_BLOQUE_16CFG_386_20260610_135136_CFG002_CONFIG_03_-_B3F_AVG4_ADC16384.csv",
    "plot": "C:\\Users\\julia\\OneDrive\\Desktop\\tesis\\mtestv2\\resultados\\figures\\plot_BLOQUE_16CFG_386_20260610_135136_CFG002_CONFIG_03_-_B3F_AVG4_ADC16384.png",
    "bpm_blocks_10s": "C:\\Users\\julia\\OneDrive\\Desktop\\tesis\\mtestv2\\resultados\\reports\\bpm_blocks_10s_BLOQUE_16CFG_386_20260610_135136_CFG002_CONFIG_03_-_B3F_AVG4_ADC16384.csv"
  },
  "manual_reference": {
    "pulso_previo": "110",
    "pulso_final_pulsio": "106",
    "pulso_final_fonendo": ""
  },
  "created": "2026-06-10T14:02:59.654049"
}