{
  "session_id": "BLOQUE_12CFG_184_20260603_124425_CFG010_3M_10_-_RED159_IR159_AVG2_ADC16384",
  "id": "184",
  "base_name": "BLOQUE_12CFG_184_20260603_124425_CFG010_3M_10_-_RED159_IR159_AVG2_ADC16384",
  "mode": "experimento_3m",
  "measurement_condition": "Experimento 3M: optimizacion adaptativa con BPM manual, PPG y SpO2",
  "config_label": "3M 10 - RED159 IR159 AVG2 ADC16384",
  "config_description": "Experimento 3M: sube IR porque el PI IR es muy bajo; sube RED relativo a IR para mejorar SpO2; mantiene el AVG de la mejor candidata provisional",
  "reason": "BLOQUE_COMPLETADO",
  "requested_duration_s": 50.0,
  "samples": 947,
  "metrics": {
    "n": 927,
    "hz": 19.938277037019564,
    "duration_s": 46.44333100000006,
    "bpm": 171.42857142857142,
    "bpm_peak": 120.0,
    "bpm_fft": 89.12809472551129,
    "bpm_autocorr": 171.42857142857142,
    "spo2": 99.92536989354302,
    "ratio_r": 0.3632618609573232,
    "resp_rate_rpm": 6.458557588805166,
    "resp_quality": 70.86512813895125,
    "resp_reason": "experimental: pico lento 6.5 resp/min; dominancia=1.65; banda=0.78; ciclos~5.0",
    "quality": 50.17512250753844,
    "quality_label": "aceptable",
    "artifact_ir_pct": 0.0,
    "artifact_red_pct": 0.0,
    "pi_ir_pct": 0.05971537894992509,
    "pi_red_pct": 0.02169231968512155,
    "ac_ir": 37.80289794571151,
    "dc_ir": 63305.12944983819,
    "ac_red": 6.073062316975126,
    "dc_red": 27996.371089536136,
    "saturation_pct": 0.0,
    "contact_label": "contacto débil / baja perfusión",
    "polarity": "normal",
    "reason": "cv_intervalos=0.27 | dominancia_fft=1.51 | autocorr=0.76 | estimadores discrepantes; se usa autocorr spread=82.3 | estimada no calibrada",
    "peaks_count": 29
  },
  "temperature": {
    "temp_samples": 947,
    "temp_c_last": 33.07,
    "temp_c_mean": 33.74267159450898,
    "temp_c_min": 32.39,
    "temp_c_max": 35.17,
    "temp_raw_last": 2356.0
  },
  "bpm_blocks_10s_mean": [
    171.42857142857142,
    171.42857142857142,
    171.42857142857142,
    171.42857142857142,
    NaN
  ],
  "sensor_config": {
    "red": 159,
    "ir": 159,
    "avg": 2,
    "rate": 100,
    "width": 411,
    "adc": 16384,
    "skip": 50,
    "debug": false
  },
  "analysis_config": {
    "bpm_min": 45,
    "bpm_max": 180,
    "peak_threshold_sd": 0.55,
    "detrend_seconds": 2.0,
    "smooth_seconds": 0.07,
    "ignore_initial_seconds": 1.0,
    "min_quality_to_accept": 45.0,
    "spo2_formula": "quad",
    "spo2_custom_a": 94.845,
    "spo2_custom_b": 30.354,
    "spo2_custom_c": -45.06
  },
  "files": {
    "raw": "C:\\Users\\julia\\OneDrive\\Desktop\\tesis\\mtestv2\\resultados\\raw\\raw_BLOQUE_12CFG_184_20260603_124425_CFG010_3M_10_-_RED159_IR159_AVG2_ADC16384.csv",
    "processed": "C:\\Users\\julia\\OneDrive\\Desktop\\tesis\\mtestv2\\resultados\\processed\\proc_BLOQUE_12CFG_184_20260603_124425_CFG010_3M_10_-_RED159_IR159_AVG2_ADC16384.csv",
    "plot": "C:\\Users\\julia\\OneDrive\\Desktop\\tesis\\mtestv2\\resultados\\figures\\plot_BLOQUE_12CFG_184_20260603_124425_CFG010_3M_10_-_RED159_IR159_AVG2_ADC16384.png",
    "bpm_blocks_10s": "C:\\Users\\julia\\OneDrive\\Desktop\\tesis\\mtestv2\\resultados\\reports\\bpm_blocks_10s_BLOQUE_12CFG_184_20260603_124425_CFG010_3M_10_-_RED159_IR159_AVG2_ADC16384.csv"
  },
  "manual_reference": {
    "pulso_previo": "70",
    "pulso_final_pulsio": "70",
    "pulso_final_fonendo": "80"
  },
  "created": "2026-06-03T12:57:04.442480"
}