{
  "session_id": "BLOQUE_8CFG_184_20260610_141601_CFG005_CONFIG_02_-_B5F_400_ADC16384",
  "id": "184",
  "base_name": "BLOQUE_8CFG_184_20260610_141601_CFG005_CONFIG_02_-_B5F_400_ADC16384",
  "mode": "configurations",
  "measurement_condition": "RIGHT",
  "config_label": "CONFIG 02 - B5F_400_ADC16384",
  "config_description": "Brillo medio, sin promediado, rango ADC 8192",
  "reason": "BLOQUE_COMPLETADO",
  "requested_duration_s": 30.0,
  "samples": 1143,
  "metrics": {
    "n": 828,
    "hz": 37.82618798014556,
    "duration_s": 21.863160000000022,
    "bpm": 49.39816568144764,
    "bpm_peak": 63.74715666510624,
    "bpm_fft": 49.39816568144764,
    "bpm_autocorr": 185.92920693989322,
    "spo2": 74.2353592434362,
    "ratio_r": 1.0923493454511137,
    "resp_rate_rpm": 8.223084343509905,
    "resp_quality": 57.00475372779218,
    "resp_reason": "experimental: pico lento 8.2 resp/min; dominancia=1.39; banda=0.97; ciclos~3.0",
    "quality": 0.0,
    "quality_label": "dudosa",
    "artifact_ir_pct": 22.10724365004704,
    "artifact_red_pct": 1.6908212560386473,
    "pi_ir_pct": 0.12928755020483584,
    "pi_red_pct": 0.14122717084123043,
    "ac_ir": 47.75509330757876,
    "dc_ir": 36937.11670761671,
    "ac_red": 26.35833554473972,
    "dc_red": 18663.785012285014,
    "saturation_pct": 0.0,
    "contact_label": "contacto débil / baja perfusión",
    "polarity": "invertida",
    "reason": "primeros 1.0 s ignorados; cribado robusto descarta 22.1 % | cv_intervalos=0.29 | dominancia_fft=1.42 | autocorr=0.39 | estimadores discrepantes; se usa FFT spread=14.3 | BPM por debajo del umbral de calidad | estimada no calibrada",
    "peaks_count": 11
  },
  "temperature": {
    "temp_samples": 1143,
    "temp_c_last": 32.55,
    "temp_c_mean": 32.47320209973753,
    "temp_c_min": 29.83,
    "temp_c_max": 34.42,
    "temp_raw_last": 2337.0
  },
  "bpm_blocks_10s_mean": [
    NaN,
    NaN,
    NaN
  ],
  "sensor_config": {
    "red": 95,
    "ir": 95,
    "avg": 4,
    "rate": 400,
    "width": 411,
    "adc": 16384,
    "skip": 50,
    "debug": false
  },
  "analysis_config": {
    "bpm_min": 45,
    "bpm_max": 180,
    "peak_threshold_sd": 0.55,
    "detrend_seconds": 2.0,
    "smooth_seconds": 0.07,
    "ignore_initial_seconds": 1.0,
    "min_quality_to_accept": 45.0,
    "spo2_formula": "quad",
    "spo2_custom_a": 94.845,
    "spo2_custom_b": 30.354,
    "spo2_custom_c": -45.06
  },
  "files": {
    "raw": "C:\\Users\\julia\\OneDrive\\Desktop\\tesis\\mtestv2\\resultados\\raw\\raw_BLOQUE_8CFG_184_20260610_141601_CFG005_CONFIG_02_-_B5F_400_ADC16384.csv",
    "processed": "C:\\Users\\julia\\OneDrive\\Desktop\\tesis\\mtestv2\\resultados\\processed\\proc_BLOQUE_8CFG_184_20260610_141601_CFG005_CONFIG_02_-_B5F_400_ADC16384.csv",
    "plot": "C:\\Users\\julia\\OneDrive\\Desktop\\tesis\\mtestv2\\resultados\\figures\\plot_BLOQUE_8CFG_184_20260610_141601_CFG005_CONFIG_02_-_B5F_400_ADC16384.png",
    "bpm_blocks_10s": "C:\\Users\\julia\\OneDrive\\Desktop\\tesis\\mtestv2\\resultados\\reports\\bpm_blocks_10s_BLOQUE_8CFG_184_20260610_141601_CFG005_CONFIG_02_-_B5F_400_ADC16384.csv"
  },
  "manual_reference": {
    "pulso_previo": "78",
    "pulso_final_pulsio": "88",
    "pulso_final_fonendo": ""
  },
  "created": "2026-06-10T14:20:44.798506"
}