{
  "session_id": "BLOQUE_5CFG_5384_20260608_131749_CFG004_CONFIG_04_-_B1F_AVG1_ADC16384",
  "id": "5384",
  "base_name": "BLOQUE_5CFG_5384_20260608_131749_CFG004_CONFIG_04_-_B1F_AVG1_ADC16384",
  "mode": "configurations",
  "measurement_condition": "toma con tabla personalizada de configuraciones",
  "config_label": "CONFIG 04 - B1F_AVG1_ADC16384",
  "config_description": "Brillo bajo, sinpromedio",
  "reason": "BLOQUE_COMPLETADO",
  "requested_duration_s": 48.0,
  "samples": 1865,
  "metrics": {
    "n": 1737,
    "hz": 38.806328945647465,
    "duration_s": 44.734971,
    "bpm": 178.38393144370204,
    "bpm_peak": 105.62692420890029,
    "bpm_fft": 96.56874484170336,
    "bpm_autocorr": 178.38393144370204,
    "spo2": 82.26123810227159,
    "ratio_r": 0.9634856525311325,
    "resp_rate_rpm": 8.04739540347528,
    "resp_quality": 60.709660698125354,
    "resp_reason": "experimental: pico lento 8.0 resp/min; dominancia=1.23; banda=0.46; ciclos~6.0",
    "quality": 26.87388157064848,
    "quality_label": "dudosa",
    "artifact_ir_pct": 2.689075630252101,
    "artifact_red_pct": 0.0,
    "pi_ir_pct": 0.06461063786157435,
    "pi_red_pct": 0.06225142258051166,
    "ac_ir": 7.22268502194419,
    "dc_ir": 11178.78612716763,
    "ac_red": 2.246877298349293,
    "dc_red": 3609.3589595375724,
    "saturation_pct": 0.0,
    "contact_label": "contacto débil / baja perfusión",
    "polarity": "invertida",
    "reason": "primeros 1.0 s ignorados; cribado robusto descarta 2.7 % | cv_intervalos=0.35 | dominancia_fft=1.34 | autocorr=0.63 | estimadores discrepantes; se usa autocorr spread=81.8 | BPM por debajo del umbral de calidad | estimada no calibrada",
    "peaks_count": 49
  },
  "temperature": {
    "temp_samples": 1865,
    "temp_c_last": 34.45,
    "temp_c_mean": 35.07796782841823,
    "temp_c_min": 31.53,
    "temp_c_max": 37.88,
    "temp_raw_last": 2406.0
  },
  "bpm_blocks_10s_mean": [
    96.69411398565032,
    NaN,
    NaN,
    NaN,
    NaN
  ],
  "sensor_config": {
    "red": 31,
    "ir": 31,
    "avg": 1,
    "rate": 100,
    "width": 411,
    "adc": 16384,
    "skip": 50,
    "debug": false
  },
  "analysis_config": {
    "bpm_min": 45,
    "bpm_max": 180,
    "peak_threshold_sd": 0.55,
    "detrend_seconds": 2.0,
    "smooth_seconds": 0.07,
    "ignore_initial_seconds": 1.0,
    "min_quality_to_accept": 45.0,
    "spo2_formula": "quad",
    "spo2_custom_a": 94.845,
    "spo2_custom_b": 30.354,
    "spo2_custom_c": -45.06
  },
  "files": {
    "raw": "C:\\Users\\julia\\OneDrive\\Desktop\\tesis\\mtestv2\\resultados\\raw\\raw_BLOQUE_5CFG_5384_20260608_131749_CFG004_CONFIG_04_-_B1F_AVG1_ADC16384.csv",
    "processed": "C:\\Users\\julia\\OneDrive\\Desktop\\tesis\\mtestv2\\resultados\\processed\\proc_BLOQUE_5CFG_5384_20260608_131749_CFG004_CONFIG_04_-_B1F_AVG1_ADC16384.csv",
    "plot": "C:\\Users\\julia\\OneDrive\\Desktop\\tesis\\mtestv2\\resultados\\figures\\plot_BLOQUE_5CFG_5384_20260608_131749_CFG004_CONFIG_04_-_B1F_AVG1_ADC16384.png",
    "bpm_blocks_10s": "C:\\Users\\julia\\OneDrive\\Desktop\\tesis\\mtestv2\\resultados\\reports\\bpm_blocks_10s_BLOQUE_5CFG_5384_20260608_131749_CFG004_CONFIG_04_-_B1F_AVG1_ADC16384.csv"
  },
  "manual_reference": {
    "pulso_previo": "95",
    "pulso_final_pulsio": "91",
    "pulso_final_fonendo": ""
  },
  "created": "2026-06-08T13:23:06.949637"
}