{
  "session_id": "BLOQUE_12CFG_184_20260603_124425_CFG004_3M_04_-_RED199_IR159_AVG1_ADC16384",
  "id": "184",
  "base_name": "BLOQUE_12CFG_184_20260603_124425_CFG004_3M_04_-_RED199_IR159_AVG1_ADC16384",
  "mode": "experimento_3m",
  "measurement_condition": "Experimento 3M: optimizacion adaptativa con BPM manual, PPG y SpO2",
  "config_label": "3M 04 - RED199 IR159 AVG1 ADC16384",
  "config_description": "Experimento 3M: sube IR porque el PI IR es muy bajo; sube RED relativo a IR para mejorar SpO2",
  "reason": "BLOQUE_COMPLETADO",
  "requested_duration_s": 50.0,
  "samples": 1944,
  "metrics": {
    "n": 1904,
    "hz": 39.88078767049509,
    "duration_s": 47.71721199999999,
    "bpm": 69.15743526675448,
    "bpm_peak": 132.935958901649,
    "bpm_fft": 69.15743526675448,
    "bpm_autocorr": 184.06517386382347,
    "spo2": 99.33324804274278,
    "ratio_r": 0.21917386641250386,
    "resp_rate_rpm": 8.801855397586934,
    "resp_quality": 79.3636800228085,
    "resp_reason": "experimental: pico lento 8.8 resp/min; dominancia=1.33; banda=0.85; ciclos~7.0",
    "quality": 24.209771027508438,
    "quality_label": "dudosa",
    "artifact_ir_pct": 0.0,
    "artifact_red_pct": 0.0,
    "pi_ir_pct": 0.07415008228781628,
    "pi_red_pct": 0.01625176022982601,
    "ac_ir": 43.570225001339885,
    "dc_ir": 58759.5099789916,
    "ac_red": 5.135661817852983,
    "dc_red": 31600.649684873948,
    "saturation_pct": 0.0,
    "contact_label": "contacto débil / baja perfusión",
    "polarity": "normal",
    "reason": "cv_intervalos=0.35 | dominancia_fft=1.04 | autocorr=0.81 | estimadores discrepantes; se usa FFT spread=63.8 | BPM por debajo del umbral de calidad | estimada no calibrada",
    "peaks_count": 30
  },
  "temperature": {
    "temp_samples": 1944,
    "temp_c_last": 31.18,
    "temp_c_mean": 30.94515432098766,
    "temp_c_min": 29.2,
    "temp_c_max": 32.58,
    "temp_raw_last": 2286.0
  },
  "bpm_blocks_10s_mean": [
    105.8256891048529,
    NaN,
    68.15075401125642,
    NaN,
    NaN
  ],
  "sensor_config": {
    "red": 199,
    "ir": 159,
    "avg": 1,
    "rate": 100,
    "width": 411,
    "adc": 16384,
    "skip": 50,
    "debug": false
  },
  "analysis_config": {
    "bpm_min": 45,
    "bpm_max": 180,
    "peak_threshold_sd": 0.55,
    "detrend_seconds": 2.0,
    "smooth_seconds": 0.07,
    "ignore_initial_seconds": 1.0,
    "min_quality_to_accept": 45.0,
    "spo2_formula": "quad",
    "spo2_custom_a": 94.845,
    "spo2_custom_b": 30.354,
    "spo2_custom_c": -45.06
  },
  "files": {
    "raw": "C:\\Users\\julia\\OneDrive\\Desktop\\tesis\\mtestv2\\resultados\\raw\\raw_BLOQUE_12CFG_184_20260603_124425_CFG004_3M_04_-_RED199_IR159_AVG1_ADC16384.csv",
    "processed": "C:\\Users\\julia\\OneDrive\\Desktop\\tesis\\mtestv2\\resultados\\processed\\proc_BLOQUE_12CFG_184_20260603_124425_CFG004_3M_04_-_RED199_IR159_AVG1_ADC16384.csv",
    "plot": "C:\\Users\\julia\\OneDrive\\Desktop\\tesis\\mtestv2\\resultados\\figures\\plot_BLOQUE_12CFG_184_20260603_124425_CFG004_3M_04_-_RED199_IR159_AVG1_ADC16384.png",
    "bpm_blocks_10s": "C:\\Users\\julia\\OneDrive\\Desktop\\tesis\\mtestv2\\resultados\\reports\\bpm_blocks_10s_BLOQUE_12CFG_184_20260603_124425_CFG004_3M_04_-_RED199_IR159_AVG1_ADC16384.csv"
  },
  "manual_reference": {
    "pulso_previo": "70",
    "pulso_final_pulsio": "72",
    "pulso_final_fonendo": "70"
  },
  "created": "2026-06-03T12:57:03.320942"
}