{
  "session_id": "BLOQUE_12CFG_184_20260603_123040_CFG006_3M_06_-_RED199_IR159_AVG4_ADC16384",
  "id": "184",
  "base_name": "BLOQUE_12CFG_184_20260603_123040_CFG006_3M_06_-_RED199_IR159_AVG4_ADC16384",
  "mode": "experimento_3m",
  "measurement_condition": "Experimento 3M: optimizacion adaptativa con BPM manual, PPG y SpO2, exprimento numero 1 en oveja",
  "config_label": "3M 06 - RED199 IR159 AVG4 ADC16384",
  "config_description": "Experimento 3M: sube IR porque el PI IR es muy bajo; sube RED relativo a IR para mejorar SpO2",
  "reason": "BLOQUE_COMPLETADO",
  "requested_duration_s": 50.0,
  "samples": 448,
  "metrics": {
    "n": 438,
    "hz": 9.974493371629613,
    "duration_s": 43.81174899999996,
    "bpm": 88.04239252215194,
    "bpm_peak": 92.3076923076915,
    "bpm_fft": 84.83466362599772,
    "bpm_autocorr": 171.42857142857142,
    "spo2": 66.78494451447037,
    "ratio_r": 1.1948225686643053,
    "resp_rate_rpm": 9.57810718358039,
    "resp_quality": 81.83763959330162,
    "resp_reason": "experimental: pico lento 9.6 resp/min; dominancia=1.01; banda=0.99; ciclos~7.0",
    "quality": 47.62976621898958,
    "quality_label": "aceptable",
    "artifact_ir_pct": 0.0,
    "artifact_red_pct": 0.0,
    "pi_ir_pct": 0.008700813125924745,
    "pi_red_pct": 0.010395927888585507,
    "ac_ir": 4.225621805435297,
    "dc_ir": 48565.82648401827,
    "ac_red": 2.040712574630974,
    "dc_red": 19629.922374429225,
    "saturation_pct": 0.0,
    "contact_label": "contacto débil / baja perfusión",
    "polarity": "invertida",
    "reason": "cv_intervalos=0.35 | dominancia_fft=1.22 | autocorr=0.08 | estimadores coherentes spread=7.5 | estimada no calibrada",
    "peaks_count": 51
  },
  "temperature": {
    "temp_samples": 448,
    "temp_c_last": 34.34,
    "temp_c_mean": 33.85645089285715,
    "temp_c_min": 31.83,
    "temp_c_max": 34.98,
    "temp_raw_last": 2402.0
  },
  "bpm_blocks_10s_mean": [
    NaN,
    NaN,
    NaN,
    NaN,
    NaN
  ],
  "sensor_config": {
    "red": 199,
    "ir": 159,
    "avg": 4,
    "rate": 100,
    "width": 411,
    "adc": 16384,
    "skip": 50,
    "debug": false
  },
  "analysis_config": {
    "bpm_min": 45,
    "bpm_max": 180,
    "peak_threshold_sd": 0.55,
    "detrend_seconds": 2.0,
    "smooth_seconds": 0.07,
    "ignore_initial_seconds": 1.0,
    "min_quality_to_accept": 45.0,
    "spo2_formula": "quad",
    "spo2_custom_a": 94.845,
    "spo2_custom_b": 30.354,
    "spo2_custom_c": -45.06
  },
  "files": {
    "raw": "C:\\Users\\julia\\OneDrive\\Desktop\\tesis\\mtestv2\\resultados\\raw\\raw_BLOQUE_12CFG_184_20260603_123040_CFG006_3M_06_-_RED199_IR159_AVG4_ADC16384.csv",
    "processed": "C:\\Users\\julia\\OneDrive\\Desktop\\tesis\\mtestv2\\resultados\\processed\\proc_BLOQUE_12CFG_184_20260603_123040_CFG006_3M_06_-_RED199_IR159_AVG4_ADC16384.csv",
    "plot": "C:\\Users\\julia\\OneDrive\\Desktop\\tesis\\mtestv2\\resultados\\figures\\plot_BLOQUE_12CFG_184_20260603_123040_CFG006_3M_06_-_RED199_IR159_AVG4_ADC16384.png",
    "bpm_blocks_10s": "C:\\Users\\julia\\OneDrive\\Desktop\\tesis\\mtestv2\\resultados\\reports\\bpm_blocks_10s_BLOQUE_12CFG_184_20260603_123040_CFG006_3M_06_-_RED199_IR159_AVG4_ADC16384.csv"
  },
  "manual_reference": {
    "pulso_previo": "80",
    "pulso_final_pulsio": "85",
    "pulso_final_fonendo": ""
  },
  "created": "2026-06-03T12:41:59.975752"
}