{
  "session_id": "BLOQUE_12CFG_184_20260603_124425_CFG007_3M_07_-_RED199_IR159_AVG4_ADC8192",
  "id": "184",
  "base_name": "BLOQUE_12CFG_184_20260603_124425_CFG007_3M_07_-_RED199_IR159_AVG4_ADC8192",
  "mode": "experimento_3m",
  "measurement_condition": "Experimento 3M: optimizacion adaptativa con BPM manual, PPG y SpO2",
  "config_label": "3M 07 - RED199 IR159 AVG4 ADC8192",
  "config_description": "Experimento 3M: sube IR porque el PI IR es bajo; sube RED relativo a IR para mejorar SpO2; usa AVG4 porque hay artefactos/ruido",
  "reason": "BLOQUE_COMPLETADO",
  "requested_duration_s": 50.0,
  "samples": 448,
  "metrics": {
    "n": 438,
    "hz": 9.973197203679817,
    "duration_s": 43.817443000000026,
    "bpm": 171.42857142857142,
    "bpm_peak": 110.00000000000048,
    "bpm_fft": 50.62713797035348,
    "bpm_autocorr": 171.42857142857142,
    "spo2": 99.66118426931861,
    "ratio_r": 0.41782544363526614,
    "resp_rate_rpm": 6.841505131128849,
    "resp_quality": 65.60253722411846,
    "resp_reason": "experimental: pico lento 6.8 resp/min; dominancia=1.86; banda=0.61; ciclos~5.0",
    "quality": 46.83989271684185,
    "quality_label": "aceptable",
    "artifact_ir_pct": 0.0,
    "artifact_red_pct": 0.0,
    "pi_ir_pct": 0.06395228218981262,
    "pi_red_pct": 0.02672089067744619,
    "ac_ir": 82.00103689890494,
    "dc_ir": 128222.22146118722,
    "ac_red": 18.943467972512888,
    "dc_red": 70893.8493150685,
    "saturation_pct": 0.0,
    "contact_label": "contacto débil / baja perfusión",
    "polarity": "normal",
    "reason": "cv_intervalos=0.28 | dominancia_fft=1.10 | autocorr=0.71 | estimadores discrepantes; se usa autocorr spread=120.8 | estimada no calibrada",
    "peaks_count": 27
  },
  "temperature": {
    "temp_samples": 448,
    "temp_c_last": 30.76,
    "temp_c_mean": 30.728928571428575,
    "temp_c_min": 29.1,
    "temp_c_max": 32.18,
    "temp_raw_last": 2270.0
  },
  "bpm_blocks_10s_mean": [
    NaN,
    NaN,
    NaN,
    NaN,
    NaN
  ],
  "sensor_config": {
    "red": 199,
    "ir": 159,
    "avg": 4,
    "rate": 100,
    "width": 411,
    "adc": 8192,
    "skip": 50,
    "debug": false
  },
  "analysis_config": {
    "bpm_min": 45,
    "bpm_max": 180,
    "peak_threshold_sd": 0.55,
    "detrend_seconds": 2.0,
    "smooth_seconds": 0.07,
    "ignore_initial_seconds": 1.0,
    "min_quality_to_accept": 45.0,
    "spo2_formula": "quad",
    "spo2_custom_a": 94.845,
    "spo2_custom_b": 30.354,
    "spo2_custom_c": -45.06
  },
  "files": {
    "raw": "C:\\Users\\julia\\OneDrive\\Desktop\\tesis\\mtestv2\\resultados\\raw\\raw_BLOQUE_12CFG_184_20260603_124425_CFG007_3M_07_-_RED199_IR159_AVG4_ADC8192.csv",
    "processed": "C:\\Users\\julia\\OneDrive\\Desktop\\tesis\\mtestv2\\resultados\\processed\\proc_BLOQUE_12CFG_184_20260603_124425_CFG007_3M_07_-_RED199_IR159_AVG4_ADC8192.csv",
    "plot": "C:\\Users\\julia\\OneDrive\\Desktop\\tesis\\mtestv2\\resultados\\figures\\plot_BLOQUE_12CFG_184_20260603_124425_CFG007_3M_07_-_RED199_IR159_AVG4_ADC8192.png",
    "bpm_blocks_10s": "C:\\Users\\julia\\OneDrive\\Desktop\\tesis\\mtestv2\\resultados\\reports\\bpm_blocks_10s_BLOQUE_12CFG_184_20260603_124425_CFG007_3M_07_-_RED199_IR159_AVG4_ADC8192.csv"
  },
  "manual_reference": {
    "pulso_previo": "68",
    "pulso_final_pulsio": "67",
    "pulso_final_fonendo": "76"
  },
  "created": "2026-06-03T12:57:03.777595"
}