{
  "session_id": "BLOQUE_16CFG_184_20260605_104620_CFG009_CONFIG_09_-_B7F_AVG1_ADC8192",
  "id": "184",
  "base_name": "BLOQUE_16CFG_184_20260605_104620_CFG009_CONFIG_09_-_B7F_AVG1_ADC8192",
  "mode": "configurations",
  "measurement_condition": "EN LA TETA DERECHA",
  "config_label": "CONFIG 09 - B7F_AVG1_ADC8192",
  "config_description": "Buena",
  "reason": "BLOQUE_COMPLETADO",
  "requested_duration_s": 30.0,
  "samples": 1146,
  "metrics": {
    "n": 1066,
    "hz": 39.88818723133058,
    "duration_s": 26.699634000000003,
    "bpm": 47.191658132841816,
    "bpm_peak": 70.39091864352453,
    "bpm_fft": 47.191658132841816,
    "bpm_autocorr": 184.09932568306425,
    "spo2": 89.55062329243921,
    "ratio_r": 0.8173820717860826,
    "resp_rate_rpm": 8.988887263398443,
    "resp_quality": 62.24154444870308,
    "resp_reason": "experimental: pico lento 9.0 resp/min; dominancia=1.12; banda=0.99; ciclos~4.0",
    "quality": 42.31300089220676,
    "quality_label": "dudosa",
    "artifact_ir_pct": 0.0,
    "artifact_red_pct": 0.0,
    "pi_ir_pct": 0.018294580993187037,
    "pi_red_pct": 0.01495366251466951,
    "ac_ir": 16.60486843628832,
    "dc_ir": 90763.86303939963,
    "ac_red": 7.11957858065936,
    "dc_red": 47610.935272045026,
    "saturation_pct": 0.0,
    "contact_label": "contacto débil / baja perfusión",
    "polarity": "invertida",
    "reason": "primeros 1.0 s ignorados; cribado robusto descarta 0.0 % | cv_intervalos=0.45 | dominancia_fft=1.33 | autocorr=0.64 | solo FFT | BPM por debajo del umbral de calidad | estimada no calibrada",
    "peaks_count": 32
  },
  "temperature": {
    "temp_samples": 1146,
    "temp_c_last": 33.34,
    "temp_c_mean": 32.49961605584642,
    "temp_c_min": 30.46,
    "temp_c_max": 35.03,
    "temp_raw_last": 2366.0
  },
  "bpm_blocks_10s_mean": [
    NaN,
    NaN,
    NaN
  ],
  "sensor_config": {
    "red": 127,
    "ir": 127,
    "avg": 1,
    "rate": 100,
    "width": 411,
    "adc": 8192,
    "skip": 50,
    "debug": false
  },
  "analysis_config": {
    "bpm_min": 45,
    "bpm_max": 180,
    "peak_threshold_sd": 0.55,
    "detrend_seconds": 2.0,
    "smooth_seconds": 0.07,
    "ignore_initial_seconds": 1.0,
    "min_quality_to_accept": 45.0,
    "spo2_formula": "quad",
    "spo2_custom_a": 94.845,
    "spo2_custom_b": 30.354,
    "spo2_custom_c": -45.06
  },
  "files": {
    "raw": "C:\\Users\\julia\\OneDrive\\Desktop\\tesis\\mtestv2\\resultados\\raw\\raw_BLOQUE_16CFG_184_20260605_104620_CFG009_CONFIG_09_-_B7F_AVG1_ADC8192.csv",
    "processed": "C:\\Users\\julia\\OneDrive\\Desktop\\tesis\\mtestv2\\resultados\\processed\\proc_BLOQUE_16CFG_184_20260605_104620_CFG009_CONFIG_09_-_B7F_AVG1_ADC8192.csv",
    "plot": "C:\\Users\\julia\\OneDrive\\Desktop\\tesis\\mtestv2\\resultados\\figures\\plot_BLOQUE_16CFG_184_20260605_104620_CFG009_CONFIG_09_-_B7F_AVG1_ADC8192.png",
    "bpm_blocks_10s": "C:\\Users\\julia\\OneDrive\\Desktop\\tesis\\mtestv2\\resultados\\reports\\bpm_blocks_10s_BLOQUE_16CFG_184_20260605_104620_CFG009_CONFIG_09_-_B7F_AVG1_ADC8192.csv"
  },
  "manual_reference": {
    "pulso_previo": "72",
    "pulso_final_pulsio": "72",
    "pulso_final_fonendo": "72"
  },
  "created": "2026-06-05T11:00:40.800562"
}