{
  "id": "SIN_CROTAL",
  "mode": "scheduled",
  "measurement_condition": "toma con tabla personalizada de configuraciones",
  "config_label": "CONFIG 03 - B1F_AVG4_ADC8192",
  "reason": "STOP_BLOQUE_MANUAL",
  "requested_duration_s": 960.0,
  "samples": 4766,
  "metrics": {
    "n": 4725,
    "hz": 37.03266273013538,
    "duration_s": 127.563066,
    "bpm": 68.24747140540558,
    "bpm_peak": 68.24747140540558,
    "bpm_fft": 52.14542315609773,
    "bpm_autocorr": 183.74319224530294,
    "spo2": 98.77381857958414,
    "ratio_r": 0.498852309785599,
    "quality": 0.0,
    "quality_label": "dudosa",
    "artifact_ir_pct": 49.56613756613756,
    "artifact_red_pct": 49.41798941798942,
    "pi_ir_pct": 0.23783961031483583,
    "pi_red_pct": 0.11864683896406264,
    "ac_ir": 59.51602094954057,
    "dc_ir": 25023.5950482585,
    "ac_red": 30.868985390610742,
    "dc_red": 26017.537138061267,
    "saturation_pct": 100.0,
    "contact_label": "contacto útil",
    "polarity": "normal",
    "reason": "cv_intervalos=0.19 | dominancia_fft=1.27 | autocorr=0.36 | estimadores discrepantes; se usa picos spread=16.1 | BPM por debajo del umbral de calidad | estimada no calibrada",
    "peaks_count": 42
  },
  "temperature": {
    "temp_samples": 4766,
    "temp_c_last": 8.91,
    "temp_c_mean": 10.856286193873268,
    "temp_c_min": 5.47,
    "temp_c_max": 13.93,
    "temp_raw_last": 1398.0
  },
  "bpm_blocks_2s_orientative": [
    NaN,
    NaN,
    NaN,
    NaN,
    NaN,
    NaN,
    NaN,
    NaN,
    NaN,
    NaN,
    NaN,
    NaN,
    NaN,
    62.89262552907368,
    75.55454762851782,
    73.08511747997188,
    NaN,
    NaN,
    NaN,
    NaN,
    NaN,
    NaN,
    NaN,
    NaN,
    NaN,
    NaN,
    NaN,
    NaN,
    NaN,
    NaN,
    NaN,
    NaN,
    64.97995153751059,
    65.99272156110773,
    66.76215943074075,
    69.2048833234353,
    68.78012560950837,
    72.3431547822437,
    63.83122440160348,
    66.30507699233812,
    NaN,
    69.29546492545019,
    NaN,
    70.03726542651998,
    NaN,
    NaN,
    NaN,
    NaN,
    NaN,
    NaN,
    NaN,
    NaN,
    107.4704265998389,
    NaN,
    NaN,
    NaN,
    NaN,
    NaN,
    NaN,
    NaN,
    NaN,
    NaN,
    NaN,
    NaN,
    NaN
  ],
  "bpm_blocks_10s_mean": [
    NaN,
    NaN,
    NaN,
    NaN,
    NaN,
    NaN,
    65.66098726452195,
    NaN,
    NaN,
    NaN,
    NaN,
    NaN,
    NaN
  ],
  "sensor_config": {
    "red": 31,
    "ir": 31,
    "avg": 4,
    "rate": 100,
    "width": 411,
    "adc": 8192,
    "skip": 50,
    "debug": false
  },
  "analysis_config": {
    "bpm_min": 45,
    "bpm_max": 180,
    "peak_threshold_sd": 0.55,
    "detrend_seconds": 2.0,
    "smooth_seconds": 0.07,
    "ignore_initial_seconds": 1.0,
    "min_quality_to_accept": 45.0,
    "spo2_formula": "quad",
    "spo2_custom_a": 94.845,
    "spo2_custom_b": 30.354,
    "spo2_custom_c": -45.06
  },
  "config_confirmation": {
    "status": "confirmada",
    "command": "CONFIG RED=31 IR=31 AVG=4 RATE=100 WIDTH=411 ADC=8192 SKIP=50 DEBUG=0",
    "arduino_cfg_line": "CFG RED=31 IR=31 AVG=4 RATE=100 WIDTH=411 ADC=8192 SKIP=50 DEBUG=0"
  },
  "files": {
    "raw": "C:\\Users\\julia\\OneDrive\\Desktop\\tesis\\mtestv2\\resultados\\raw\\raw_BLOQUE_16CFG_SIN_CROTAL_20260601_120750.csv",
    "processed": "C:\\Users\\julia\\OneDrive\\Desktop\\tesis\\mtestv2\\resultados\\processed\\proc_BLOQUE_16CFG_SIN_CROTAL_20260601_120750.csv",
    "plot": "C:\\Users\\julia\\OneDrive\\Desktop\\tesis\\mtestv2\\resultados\\figures\\plot_BLOQUE_16CFG_SIN_CROTAL_20260601_120750.png",
    "screenshot": "C:\\Users\\julia\\OneDrive\\Desktop\\tesis\\mtestv2\\resultados\\screenshots\\screen_BLOQUE_16CFG_SIN_CROTAL_20260601_120750.png",
    "config": "C:\\Users\\julia\\OneDrive\\Desktop\\tesis\\mtestv2\\resultados\\configs\\sensor_config_20260601_120950.json",
    "bpm_blocks_10s": "C:\\Users\\julia\\OneDrive\\Desktop\\tesis\\mtestv2\\resultados\\reports\\bpm_blocks_10s_BLOQUE_16CFG_SIN_CROTAL_20260601_120750.csv"
  },
  "created": "2026-06-01T12:10:05.222149"
}