{
  "session_id": "LONG_SIN_CROTAL_20260609_111757",
  "id": "SIN_CROTAL",
  "base_name": "LONG_SIN_CROTAL_20260609_111757",
  "mode": "long",
  "measurement_condition": "",
  "config_label": "larga_manual",
  "reason": "STOP_LONG_MANUAL",
  "requested_duration_s": null,
  "samples": 2240,
  "metrics": {
    "n": 1967,
    "hz": 36.89072786269234,
    "duration_s": 53.292524,
    "bpm": 70.25787853687527,
    "bpm_peak": 71.16221016485258,
    "bpm_fft": 68.67755034458492,
    "bpm_autocorr": 187.60946316188395,
    "spo2": 98.68362712591006,
    "ratio_r": 0.5049152877777427,
    "resp_rate_rpm": 7.881030367411385,
    "resp_quality": 69.32161283307141,
    "resp_reason": "experimental: pico lento 7.9 resp/min; dominancia=1.03; banda=0.62; ciclos~7.0",
    "quality": 57.96211907862203,
    "quality_label": "aceptable",
    "artifact_ir_pct": 7.216981132075471,
    "artifact_red_pct": 6.049822064056939,
    "pi_ir_pct": 0.06351212878422942,
    "pi_red_pct": 0.032068244782466254,
    "ac_ir": 27.119741325561602,
    "dc_ir": 42700.09814612868,
    "ac_red": 15.80401175242507,
    "dc_red": 49282.43456924755,
    "saturation_pct": 0.0,
    "contact_label": "contacto débil / baja perfusión",
    "polarity": "invertida",
    "reason": "cribado robusto descarta 7.2 % | cv_intervalos=0.16 | dominancia_fft=1.19 | autocorr=0.14 | estimadores coherentes spread=2.5 | estimada no calibrada",
    "peaks_count": 60
  },
  "temperature": {
    "temp_samples": 2240,
    "temp_c_last": 32.15,
    "temp_c_mean": 32.11505803571429,
    "temp_c_min": 30.92,
    "temp_c_max": 33.62,
    "temp_raw_last": 2322.0
  },
  "bpm_blocks_2s_orientative": [
    NaN,
    NaN,
    62.14286741523371,
    67.14763707972249,
    70.61354515663135,
    NaN,
    67.57529358400333,
    NaN,
    64.73186384847256,
    NaN,
    70.98113903513135,
    70.66771552313058,
    72.51359550108556,
    NaN,
    71.71810808037979,
    NaN,
    66.05223230717759,
    NaN,
    68.99902040168027,
    69.54894250019147,
    NaN,
    NaN,
    75.15174078566368,
    68.16984545202088,
    69.62158642140339,
    NaN,
    72.45516301129503,
    NaN,
    NaN
  ],
  "bpm_blocks_10s_mean": [
    NaN,
    NaN,
    NaN,
    66.5459934852173,
    NaN,
    NaN
  ],
  "sensor_config": {
    "red": 63,
    "ir": 63,
    "avg": 4,
    "rate": 400,
    "width": 411,
    "adc": 16384,
    "skip": 50,
    "debug": false
  },
  "analysis_config": {
    "bpm_min": 45,
    "bpm_max": 180,
    "peak_threshold_sd": 0.55,
    "detrend_seconds": 2.0,
    "smooth_seconds": 0.07,
    "ignore_initial_seconds": 3.0,
    "min_quality_to_accept": 50.0,
    "spo2_formula": "quad",
    "spo2_custom_a": 94.845,
    "spo2_custom_b": 30.354,
    "spo2_custom_c": -45.06
  },
  "config_confirmation": {
    "status": "confirmada",
    "command": "CONFIG RED=63 IR=63 AVG=4 RATE=400 WIDTH=411 ADC=16384 SKIP=50 DEBUG=0",
    "arduino_cfg_line": "CFG RED=63 IR=63 AVG=4 RATE=400 WIDTH=411 ADC=16384 SKIP=50 DEBUG=0"
  },
  "manual_reference": {
    "pulso_previo": "68",
    "pulso_final_pulsio": "68",
    "pulso_final_fonendo": ""
  },
  "files": {
    "raw": "C:\\Users\\julia\\OneDrive\\Desktop\\tesis\\mtestv2\\resultados\\raw\\raw_LONG_SIN_CROTAL_20260609_111757.csv",
    "processed": "C:\\Users\\julia\\OneDrive\\Desktop\\tesis\\mtestv2\\resultados\\processed\\proc_LONG_SIN_CROTAL_20260609_111757.csv",
    "plot": "C:\\Users\\julia\\OneDrive\\Desktop\\tesis\\mtestv2\\resultados\\figures\\plot_LONG_SIN_CROTAL_20260609_111757.png",
    "screenshot": "C:\\Users\\julia\\OneDrive\\Desktop\\tesis\\mtestv2\\resultados\\screenshots\\screen_LONG_SIN_CROTAL_20260609_111757.png",
    "config": "C:\\Users\\julia\\OneDrive\\Desktop\\tesis\\mtestv2\\resultados\\configs\\config_LONG_SIN_CROTAL_20260609_111757_20260609_111757.json",
    "bpm_blocks_10s": "C:\\Users\\julia\\OneDrive\\Desktop\\tesis\\mtestv2\\resultados\\reports\\bpm_blocks_10s_LONG_SIN_CROTAL_20260609_111757.csv"
  },
  "created": "2026-06-09T11:19:03.822246"
}