{
  "session_id": "BLOQUE_12CFG_184_20260609_133934_CFG008_CONFIG_02_-_B5F_AVG4_ADC16384",
  "id": "184",
  "base_name": "BLOQUE_12CFG_184_20260609_133934_CFG008_CONFIG_02_-_B5F_AVG4_ADC16384",
  "mode": "configurations",
  "measurement_condition": "RIGHT",
  "config_label": "CONFIG 02 - B5F_AVG4_ADC16384",
  "config_description": "Brillo medio, promediado x4, rango ADC 16384",
  "reason": "BLOQUE_COMPLETADO",
  "requested_duration_s": 60.0,
  "samples": 2336,
  "metrics": {
    "n": 2130,
    "hz": 37.5316070251412,
    "duration_s": 56.725521999999955,
    "bpm": 71.92529669449323,
    "bpm_peak": 116.89252456212341,
    "bpm_fft": 71.92529669449323,
    "bpm_autocorr": 180.07767297408046,
    "spo2": 97.78643864125317,
    "ratio_r": 0.5562892477003937,
    "resp_rate_rpm": 9.519524562506456,
    "resp_quality": 81.87871409080029,
    "resp_reason": "experimental: pico lento 9.5 resp/min; dominancia=1.00; banda=0.86; ciclos~9.0",
    "quality": 11.884690419165073,
    "quality_label": "dudosa",
    "artifact_ir_pct": 5.585106382978723,
    "artifact_red_pct": 3.3802816901408446,
    "pi_ir_pct": 0.07968294200788548,
    "pi_red_pct": 0.044326763864120704,
    "ac_ir": 35.072741252663235,
    "dc_ir": 44015.369373776906,
    "ac_red": 8.414521609020072,
    "dc_red": 18982.936888454013,
    "saturation_pct": 0.0,
    "contact_label": "contacto débil / baja perfusión",
    "polarity": "invertida",
    "reason": "primeros 1.0 s ignorados; cribado robusto descarta 5.6 % | cv_intervalos=0.36 | dominancia_fft=1.44 | autocorr=0.73 | estimadores discrepantes; se usa FFT spread=45.0 | BPM por debajo del umbral de calidad | estimada no calibrada",
    "peaks_count": 50
  },
  "temperature": {
    "temp_samples": 2336,
    "temp_c_last": 33.73,
    "temp_c_mean": 33.78404109589041,
    "temp_c_min": 32.07,
    "temp_c_max": 36.19,
    "temp_raw_last": 2380.0
  },
  "bpm_blocks_10s_mean": [
    NaN,
    NaN,
    NaN,
    NaN,
    NaN,
    NaN
  ],
  "sensor_config": {
    "red": 95,
    "ir": 95,
    "avg": 4,
    "rate": 800,
    "width": 411,
    "adc": 16384,
    "skip": 50,
    "debug": false
  },
  "analysis_config": {
    "bpm_min": 45,
    "bpm_max": 180,
    "peak_threshold_sd": 0.55,
    "detrend_seconds": 2.0,
    "smooth_seconds": 0.07,
    "ignore_initial_seconds": 1.0,
    "min_quality_to_accept": 45.0,
    "spo2_formula": "quad",
    "spo2_custom_a": 94.845,
    "spo2_custom_b": 30.354,
    "spo2_custom_c": -45.06
  },
  "files": {
    "raw": "C:\\Users\\julia\\OneDrive\\Desktop\\tesis\\mtestv2\\resultados\\raw\\raw_BLOQUE_12CFG_184_20260609_133934_CFG008_CONFIG_02_-_B5F_AVG4_ADC16384.csv",
    "processed": "C:\\Users\\julia\\OneDrive\\Desktop\\tesis\\mtestv2\\resultados\\processed\\proc_BLOQUE_12CFG_184_20260609_133934_CFG008_CONFIG_02_-_B5F_AVG4_ADC16384.csv",
    "plot": "C:\\Users\\julia\\OneDrive\\Desktop\\tesis\\mtestv2\\resultados\\figures\\plot_BLOQUE_12CFG_184_20260609_133934_CFG008_CONFIG_02_-_B5F_AVG4_ADC16384.png",
    "bpm_blocks_10s": "C:\\Users\\julia\\OneDrive\\Desktop\\tesis\\mtestv2\\resultados\\reports\\bpm_blocks_10s_BLOQUE_12CFG_184_20260609_133934_CFG008_CONFIG_02_-_B5F_AVG4_ADC16384.csv"
  },
  "manual_reference": {
    "pulso_previo": "77",
    "pulso_final_pulsio": "80",
    "pulso_final_fonendo": ""
  },
  "created": "2026-06-09T13:52:35.941455"
}