{
  "session_id": "BLOQUE_8CFG_184_20260610_142211_CFG005_CONFIG_02_-_B5F_400_ADC16384",
  "id": "184",
  "base_name": "BLOQUE_8CFG_184_20260610_142211_CFG005_CONFIG_02_-_B5F_400_ADC16384",
  "mode": "configurations",
  "measurement_condition": "LEFT",
  "config_label": "CONFIG 02 - B5F_400_ADC16384",
  "config_description": "Brillo medio, sin promediado, rango ADC 8192",
  "reason": "BLOQUE_COMPLETADO",
  "requested_duration_s": 30.0,
  "samples": 1143,
  "metrics": {
    "n": 951,
    "hz": 35.55932326340713,
    "duration_s": 26.715918999999985,
    "bpm": 47.16289190725577,
    "bpm_peak": NaN,
    "bpm_fft": 47.16289190725577,
    "bpm_autocorr": 186.81405235990923,
    "spo2": 94.40453643580776,
    "ratio_r": 0.6878462444717703,
    "resp_rate_rpm": 11.22925997791804,
    "resp_quality": 61.87479673483182,
    "resp_reason": "experimental: pico lento 11.2 resp/min; dominancia=1.17; banda=0.85; ciclos~5.0",
    "quality": 24.734348461017568,
    "quality_label": "dudosa",
    "artifact_ir_pct": 10.536218250235184,
    "artifact_red_pct": 2.9442691903259726,
    "pi_ir_pct": 0.6233921156216058,
    "pi_red_pct": 0.4287979255636332,
    "ac_ir": 241.30880639683195,
    "dc_ir": 38708.992358078605,
    "ac_red": 80.5416199282238,
    "dc_red": 18783.11790393013,
    "saturation_pct": 0.0,
    "contact_label": "contacto útil",
    "polarity": "normal",
    "reason": "primeros 1.0 s ignorados; cribado robusto descarta 10.5 % | intervalos fuera de rango | dominancia_fft=1.14 | autocorr=0.74 | solo FFT | BPM por debajo del umbral de calidad | estimada no calibrada",
    "peaks_count": 6
  },
  "temperature": {
    "temp_samples": 1143,
    "temp_c_last": 32.15,
    "temp_c_mean": 32.072580927384074,
    "temp_c_min": 29.62,
    "temp_c_max": 33.67,
    "temp_raw_last": 2322.0
  },
  "bpm_blocks_10s_mean": [
    NaN,
    NaN,
    NaN
  ],
  "sensor_config": {
    "red": 95,
    "ir": 95,
    "avg": 4,
    "rate": 400,
    "width": 411,
    "adc": 16384,
    "skip": 50,
    "debug": false
  },
  "analysis_config": {
    "bpm_min": 45,
    "bpm_max": 180,
    "peak_threshold_sd": 0.55,
    "detrend_seconds": 2.0,
    "smooth_seconds": 0.07,
    "ignore_initial_seconds": 1.0,
    "min_quality_to_accept": 45.0,
    "spo2_formula": "quad",
    "spo2_custom_a": 94.845,
    "spo2_custom_b": 30.354,
    "spo2_custom_c": -45.06
  },
  "files": {
    "raw": "C:\\Users\\julia\\OneDrive\\Desktop\\tesis\\mtestv2\\resultados\\raw\\raw_BLOQUE_8CFG_184_20260610_142211_CFG005_CONFIG_02_-_B5F_400_ADC16384.csv",
    "processed": "C:\\Users\\julia\\OneDrive\\Desktop\\tesis\\mtestv2\\resultados\\processed\\proc_BLOQUE_8CFG_184_20260610_142211_CFG005_CONFIG_02_-_B5F_400_ADC16384.csv",
    "plot": "C:\\Users\\julia\\OneDrive\\Desktop\\tesis\\mtestv2\\resultados\\figures\\plot_BLOQUE_8CFG_184_20260610_142211_CFG005_CONFIG_02_-_B5F_400_ADC16384.png",
    "bpm_blocks_10s": "C:\\Users\\julia\\OneDrive\\Desktop\\tesis\\mtestv2\\resultados\\reports\\bpm_blocks_10s_BLOQUE_8CFG_184_20260610_142211_CFG005_CONFIG_02_-_B5F_400_ADC16384.csv"
  },
  "manual_reference": {
    "pulso_previo": "80",
    "pulso_final_pulsio": "92",
    "pulso_final_fonendo": ""
  },
  "created": "2026-06-10T14:26:46.709729"
}