{
  "session_id": "BLOQUE_16CFG_386_20260610_132433_CFG008_CONFIG_03_-_B3F_AVG4_ADC16384",
  "id": "386",
  "base_name": "BLOQUE_16CFG_386_20260610_132433_CFG008_CONFIG_03_-_B3F_AVG4_ADC16384",
  "mode": "configurations",
  "measurement_condition": "RIGHT",
  "config_label": "CONFIG 03 - B3F_AVG4_ADC16384",
  "config_description": "Brillo medio, promediado x4, rango ADC 16384",
  "reason": "BLOQUE_COMPLETADO",
  "requested_duration_s": 30.0,
  "samples": 1144,
  "metrics": {
    "n": 1038,
    "hz": 38.78902242985506,
    "duration_s": 26.734368000000018,
    "bpm": 105.67961010354344,
    "bpm_peak": 109.11583386384353,
    "bpm_fft": 100.99359745478172,
    "bpm_autocorr": 104.15602323366883,
    "spo2": 94.69969627995623,
    "ratio_r": 0.678388582179382,
    "resp_rate_rpm": 8.977208662647264,
    "resp_quality": 63.82024277495982,
    "resp_reason": "experimental: pico lento 9.0 resp/min; dominancia=1.36; banda=0.99; ciclos~4.0",
    "quality": 64.79542616584556,
    "quality_label": "aceptable",
    "artifact_ir_pct": 2.443609022556391,
    "artifact_red_pct": 1.5414258188824663,
    "pi_ir_pct": 0.06050503838659864,
    "pi_red_pct": 0.04104592720579374,
    "ac_ir": 17.219877195073426,
    "dc_ir": 28460.236790606654,
    "ac_red": 3.6533176516120114,
    "dc_red": 8900.560665362034,
    "saturation_pct": 0.0,
    "contact_label": "contacto débil / baja perfusión",
    "polarity": "invertida",
    "reason": "primeros 1.0 s ignorados; cribado robusto descarta 2.4 % | cv_intervalos=0.13 | dominancia_fft=1.00 | autocorr=0.61 | estimadores coherentes spread=8.1 | estimada no calibrada",
    "peaks_count": 24
  },
  "temperature": {
    "temp_samples": 1144,
    "temp_c_last": 27.05,
    "temp_c_mean": 27.830314685314683,
    "temp_c_min": 26.05,
    "temp_c_max": 29.72,
    "temp_raw_last": 2128.0
  },
  "bpm_blocks_10s_mean": [
    97.76265843805903,
    NaN,
    107.62497241964877
  ],
  "sensor_config": {
    "red": 63,
    "ir": 63,
    "avg": 4,
    "rate": 800,
    "width": 411,
    "adc": 16384,
    "skip": 50,
    "debug": false
  },
  "analysis_config": {
    "bpm_min": 45,
    "bpm_max": 180,
    "peak_threshold_sd": 0.55,
    "detrend_seconds": 2.0,
    "smooth_seconds": 0.07,
    "ignore_initial_seconds": 1.0,
    "min_quality_to_accept": 45.0,
    "spo2_formula": "quad",
    "spo2_custom_a": 94.845,
    "spo2_custom_b": 30.354,
    "spo2_custom_c": -45.06
  },
  "files": {
    "raw": "C:\\Users\\julia\\OneDrive\\Desktop\\tesis\\mtestv2\\resultados\\raw\\raw_BLOQUE_16CFG_386_20260610_132433_CFG008_CONFIG_03_-_B3F_AVG4_ADC16384.csv",
    "processed": "C:\\Users\\julia\\OneDrive\\Desktop\\tesis\\mtestv2\\resultados\\processed\\proc_BLOQUE_16CFG_386_20260610_132433_CFG008_CONFIG_03_-_B3F_AVG4_ADC16384.csv",
    "plot": "C:\\Users\\julia\\OneDrive\\Desktop\\tesis\\mtestv2\\resultados\\figures\\plot_BLOQUE_16CFG_386_20260610_132433_CFG008_CONFIG_03_-_B3F_AVG4_ADC16384.png",
    "bpm_blocks_10s": "C:\\Users\\julia\\OneDrive\\Desktop\\tesis\\mtestv2\\resultados\\reports\\bpm_blocks_10s_BLOQUE_16CFG_386_20260610_132433_CFG008_CONFIG_03_-_B3F_AVG4_ADC16384.csv"
  },
  "manual_reference": {
    "pulso_previo": "97",
    "pulso_final_pulsio": "93",
    "pulso_final_fonendo": ""
  },
  "created": "2026-06-10T13:39:06.414608"
}