{
  "session_id": "BLOQUE_16CFG_386_20260610_135136_CFG012_CONFIG_03_-_B3F_AVG4_ADC16384",
  "id": "386",
  "base_name": "BLOQUE_16CFG_386_20260610_135136_CFG012_CONFIG_03_-_B3F_AVG4_ADC16384",
  "mode": "configurations",
  "measurement_condition": "LEFT",
  "config_label": "CONFIG 03 - B3F_AVG4_ADC16384",
  "config_description": "Brillo alto, promediado x4, rango ADC 16384",
  "reason": "BLOQUE_COMPLETADO",
  "requested_duration_s": 30.0,
  "samples": 1143,
  "metrics": {
    "n": 1063,
    "hz": 39.74652495795459,
    "duration_s": 26.71931699999999,
    "bpm": 115.31816856144323,
    "bpm_peak": 119.23957487386342,
    "bpm_fft": 107.78718632665652,
    "bpm_autocorr": 183.44549980594428,
    "spo2": 99.89235507686719,
    "ratio_r": 0.374659165532309,
    "resp_rate_rpm": 6.736699145416033,
    "resp_quality": 54.31246515811408,
    "resp_reason": "experimental: pico lento 6.7 resp/min; dominancia=1.06; banda=0.89; ciclos~3.0",
    "quality": 66.33453729217577,
    "quality_label": "aceptable",
    "artifact_ir_pct": 0.0,
    "artifact_red_pct": 0.0,
    "pi_ir_pct": 0.05919582008605023,
    "pi_red_pct": 0.022178256556440276,
    "ac_ir": 17.741489024228553,
    "dc_ir": 29970.84760112888,
    "ac_red": 2.774520341768934,
    "dc_red": 12510.092191909689,
    "saturation_pct": 0.0,
    "contact_label": "contacto débil / baja perfusión",
    "polarity": "normal",
    "reason": "primeros 1.0 s ignorados; cribado robusto descarta 0.0 % | cv_intervalos=0.12 | dominancia_fft=1.18 | autocorr=0.77 | estimadores coherentes spread=11.5 | estimada no calibrada",
    "peaks_count": 21
  },
  "temperature": {
    "temp_samples": 1143,
    "temp_c_last": 34.67,
    "temp_c_mean": 34.77090988626422,
    "temp_c_min": 32.88,
    "temp_c_max": 36.64,
    "temp_raw_last": 2414.0
  },
  "bpm_blocks_10s_mean": [
    118.2359186492489,
    NaN,
    109.01976818168446
  ],
  "sensor_config": {
    "red": 63,
    "ir": 63,
    "avg": 4,
    "rate": 800,
    "width": 411,
    "adc": 16384,
    "skip": 50,
    "debug": false
  },
  "analysis_config": {
    "bpm_min": 45,
    "bpm_max": 180,
    "peak_threshold_sd": 0.55,
    "detrend_seconds": 2.0,
    "smooth_seconds": 0.07,
    "ignore_initial_seconds": 1.0,
    "min_quality_to_accept": 45.0,
    "spo2_formula": "quad",
    "spo2_custom_a": 94.845,
    "spo2_custom_b": 30.354,
    "spo2_custom_c": -45.06
  },
  "files": {
    "raw": "C:\\Users\\julia\\OneDrive\\Desktop\\tesis\\mtestv2\\resultados\\raw\\raw_BLOQUE_16CFG_386_20260610_135136_CFG012_CONFIG_03_-_B3F_AVG4_ADC16384.csv",
    "processed": "C:\\Users\\julia\\OneDrive\\Desktop\\tesis\\mtestv2\\resultados\\processed\\proc_BLOQUE_16CFG_386_20260610_135136_CFG012_CONFIG_03_-_B3F_AVG4_ADC16384.csv",
    "plot": "C:\\Users\\julia\\OneDrive\\Desktop\\tesis\\mtestv2\\resultados\\figures\\plot_BLOQUE_16CFG_386_20260610_135136_CFG012_CONFIG_03_-_B3F_AVG4_ADC16384.png",
    "bpm_blocks_10s": "C:\\Users\\julia\\OneDrive\\Desktop\\tesis\\mtestv2\\resultados\\reports\\bpm_blocks_10s_BLOQUE_16CFG_386_20260610_135136_CFG012_CONFIG_03_-_B3F_AVG4_ADC16384.csv"
  },
  "manual_reference": {
    "pulso_previo": "105",
    "pulso_final_pulsio": "110",
    "pulso_final_fonendo": ""
  },
  "created": "2026-06-10T14:03:02.301403"
}