{
  "session_id": "BLOQUE_12CFG_marco_no_oveja_20260603_102305_CFG009_3M_09_-_RED199_IR159_AVG2_ADC16384",
  "id": "marco_no_oveja",
  "base_name": "BLOQUE_12CFG_marco_no_oveja_20260603_102305_CFG009_3M_09_-_RED199_IR159_AVG2_ADC16384",
  "mode": "experimento_3m",
  "measurement_condition": "Experimento 3M: optimizacion adaptativa con BPM manual, PPG y SpO2",
  "config_label": "3M 09 - RED199 IR159 AVG2 ADC16384",
  "config_description": "Experimento 3M: sube IR porque el PI IR es bajo; sube RED relativo a IR para mejorar SpO2; mantiene el AVG de la mejor candidata provisional",
  "reason": "BLOQUE_COMPLETADO",
  "requested_duration_s": 100.0,
  "samples": 1944,
  "metrics": {
    "n": 1924,
    "hz": 19.940337225217775,
    "duration_s": 96.43768699999998,
    "bpm": 74.24999692324795,
    "bpm_peak": 75.00000000000003,
    "bpm_fft": 71.53965785381027,
    "bpm_autocorr": 75.0,
    "spo2": 99.95400826527143,
    "ratio_r": 0.328833885007741,
    "resp_rate_rpm": 11.81959564541213,
    "resp_quality": 77.28087986761804,
    "resp_reason": "experimental: pico lento 11.8 resp/min; dominancia=1.13; banda=0.71; ciclos~19.0",
    "quality": 79.40708974826457,
    "quality_label": "buena",
    "artifact_ir_pct": 0.0,
    "artifact_red_pct": 0.2598752598752599,
    "pi_ir_pct": 0.10089520350525613,
    "pi_red_pct": 0.03317776174728003,
    "ac_ir": 115.0960901274985,
    "dc_ir": 114074.88773388774,
    "ac_red": 51.05410980412138,
    "dc_red": 153880.51247401247,
    "saturation_pct": 0.0,
    "contact_label": "contacto débil / baja perfusión",
    "polarity": "invertida",
    "reason": "cv_intervalos=0.13 | dominancia_fft=1.23 | autocorr=0.72 | estimadores coherentes spread=3.5 | estimada no calibrada",
    "peaks_count": 135
  },
  "temperature": {
    "temp_samples": 1944,
    "temp_c_last": 30.97,
    "temp_c_mean": 31.132746913580245,
    "temp_c_min": 28.44,
    "temp_c_max": 33.65,
    "temp_raw_last": 2278.0
  },
  "bpm_blocks_10s_mean": [
    70.47550827831124,
    70.91786187885037,
    70.9959336981451,
    76.30120065507951,
    80.05328811428106,
    70.18295329003233,
    72.64553013057761,
    75.24693316230166,
    77.49766897939979,
    NaN
  ],
  "sensor_config": {
    "red": 199,
    "ir": 159,
    "avg": 2,
    "rate": 100,
    "width": 411,
    "adc": 16384,
    "skip": 50,
    "debug": false
  },
  "analysis_config": {
    "bpm_min": 45,
    "bpm_max": 180,
    "peak_threshold_sd": 0.55,
    "detrend_seconds": 2.0,
    "smooth_seconds": 0.07,
    "ignore_initial_seconds": 1.0,
    "min_quality_to_accept": 45.0,
    "spo2_formula": "quad",
    "spo2_custom_a": 94.845,
    "spo2_custom_b": 30.354,
    "spo2_custom_c": -45.06
  },
  "files": {
    "raw": "C:\\Users\\julia\\OneDrive\\Desktop\\tesis\\mtestv2\\resultados\\raw\\raw_BLOQUE_12CFG_marco_no_oveja_20260603_102305_CFG009_3M_09_-_RED199_IR159_AVG2_ADC16384.csv",
    "processed": "C:\\Users\\julia\\OneDrive\\Desktop\\tesis\\mtestv2\\resultados\\processed\\proc_BLOQUE_12CFG_marco_no_oveja_20260603_102305_CFG009_3M_09_-_RED199_IR159_AVG2_ADC16384.csv",
    "plot": "C:\\Users\\julia\\OneDrive\\Desktop\\tesis\\mtestv2\\resultados\\figures\\plot_BLOQUE_12CFG_marco_no_oveja_20260603_102305_CFG009_3M_09_-_RED199_IR159_AVG2_ADC16384.png",
    "bpm_blocks_10s": "C:\\Users\\julia\\OneDrive\\Desktop\\tesis\\mtestv2\\resultados\\reports\\bpm_blocks_10s_BLOQUE_12CFG_marco_no_oveja_20260603_102305_CFG009_3M_09_-_RED199_IR159_AVG2_ADC16384.csv"
  },
  "manual_reference": {
    "pulso_previo": "77",
    "pulso_final_pulsio": "80",
    "pulso_final_fonendo": ""
  },
  "created": "2026-06-03T10:46:43.980973"
}