{
  "session_id": "BLOQUE_12CFG_SIN_CROTAL_20260604_124437_CFG001_3M_01_-_RED31_IR31_AVG1_ADC16384",
  "id": "SIN_CROTAL",
  "base_name": "BLOQUE_12CFG_SIN_CROTAL_20260604_124437_CFG001_3M_01_-_RED31_IR31_AVG1_ADC16384",
  "mode": "experimento_3m",
  "measurement_condition": "Experimento 3M: optimizacion adaptativa con BPM manual, PPG y SpO2",
  "config_label": "3M 01 - RED31 IR31 AVG1 ADC16384",
  "config_description": "Experimento 3M: inicio conservador",
  "reason": "STOP_BLOQUE_MANUAL",
  "requested_duration_s": 100.0,
  "samples": 3416,
  "metrics": {
    "n": 3199,
    "hz": 39.89049945637033,
    "duration_s": 80.169465,
    "bpm": 69.80178214283471,
    "bpm_peak": 71.46569081983642,
    "bpm_fft": 70.8471548142801,
    "bpm_autocorr": 66.48798101148985,
    "spo2": 98.5170800315083,
    "ratio_r": 0.5155714825345464,
    "resp_rate_rpm": 9.143954030113541,
    "resp_quality": 80.57188551517238,
    "resp_reason": "experimental: pico lento 9.1 resp/min; dominancia=1.10; banda=0.81; ciclos~12.0",
    "quality": 47.991716796570564,
    "quality_label": "aceptable",
    "artifact_ir_pct": 4.106714628297362,
    "artifact_red_pct": 1.7818068146295718,
    "pi_ir_pct": 0.031106727630867907,
    "pi_red_pct": 0.016037741681444905,
    "ac_ir": 6.4248353034235395,
    "dc_ir": 20654.166454487586,
    "ac_red": 3.7295572785131257,
    "dc_red": 23254.878103119034,
    "saturation_pct": 0.0,
    "contact_label": "contacto débil / baja perfusión",
    "polarity": "normal",
    "reason": "primeros 1.0 s ignorados; cribado robusto descarta 4.1 % | cv_intervalos=0.26 | dominancia_fft=1.12 | autocorr=0.36 | estimadores coherentes spread=5.0 | estimada no calibrada",
    "peaks_count": 101
  },
  "temperature": {
    "temp_samples": 3416,
    "temp_c_last": 29.25,
    "temp_c_mean": 29.8173887587822,
    "temp_c_min": 28.57,
    "temp_c_max": 31.08,
    "temp_raw_last": 2213.0
  },
  "bpm_blocks_10s_mean": [
    NaN,
    NaN,
    NaN,
    NaN,
    NaN,
    NaN,
    NaN,
    67.52467532187585,
    70.09422872415827
  ],
  "sensor_config": {
    "red": 31,
    "ir": 31,
    "avg": 1,
    "rate": 100,
    "width": 411,
    "adc": 16384,
    "skip": 50,
    "debug": false
  },
  "analysis_config": {
    "bpm_min": 45,
    "bpm_max": 180,
    "peak_threshold_sd": 0.55,
    "detrend_seconds": 2.0,
    "smooth_seconds": 0.07,
    "ignore_initial_seconds": 1.0,
    "min_quality_to_accept": 45.0,
    "spo2_formula": "quad",
    "spo2_custom_a": 94.845,
    "spo2_custom_b": 30.354,
    "spo2_custom_c": -45.06
  },
  "files": {
    "raw": "C:\\Users\\julia\\OneDrive\\Desktop\\tesis\\mtestv2\\resultados\\raw\\raw_BLOQUE_12CFG_SIN_CROTAL_20260604_124437_CFG001_3M_01_-_RED31_IR31_AVG1_ADC16384.csv",
    "processed": "C:\\Users\\julia\\OneDrive\\Desktop\\tesis\\mtestv2\\resultados\\processed\\proc_BLOQUE_12CFG_SIN_CROTAL_20260604_124437_CFG001_3M_01_-_RED31_IR31_AVG1_ADC16384.csv",
    "plot": "C:\\Users\\julia\\OneDrive\\Desktop\\tesis\\mtestv2\\resultados\\figures\\plot_BLOQUE_12CFG_SIN_CROTAL_20260604_124437_CFG001_3M_01_-_RED31_IR31_AVG1_ADC16384.png",
    "bpm_blocks_10s": "C:\\Users\\julia\\OneDrive\\Desktop\\tesis\\mtestv2\\resultados\\reports\\bpm_blocks_10s_BLOQUE_12CFG_SIN_CROTAL_20260604_124437_CFG001_3M_01_-_RED31_IR31_AVG1_ADC16384.csv"
  },
  "manual_reference": {
    "pulso_previo": "60",
    "pulso_final_pulsio": "70",
    "pulso_final_fonendo": ""
  },
  "created": "2026-06-04T12:46:11.895606"
}