{
  "session_id": "BLOQUE_4CFG_7332_20260608_135546_CFG001_CONFIG_01_-_B1F_AVG1_ADC16384",
  "id": "7332",
  "base_name": "BLOQUE_4CFG_7332_20260608_135546_CFG001_CONFIG_01_-_B1F_AVG1_ADC16384",
  "mode": "configurations",
  "measurement_condition": "toma con tabla personalizada de configuraciones",
  "config_label": "CONFIG 01 - B1F_AVG1_ADC16384",
  "config_description": "Brillo bajo, promedio",
  "reason": "BLOQUE_COMPLETADO",
  "requested_duration_s": 30.0,
  "samples": 249,
  "metrics": {
    "n": 215,
    "hz": 9.359884497275793,
    "duration_s": 22.863529999999997,
    "bpm": 110.04366812227073,
    "bpm_peak": 100.00000000000006,
    "bpm_fft": 110.04366812227073,
    "bpm_autocorr": 120.0,
    "spo2": 91.20365837895993,
    "ratio_r": 0.7775635744283722,
    "resp_rate_rpm": 10.480349344978166,
    "resp_quality": 57.604136379980446,
    "resp_reason": "experimental: pico lento 10.5 resp/min; dominancia=1.33; banda=0.87; ciclos~4.0",
    "quality": 10.966299257465208,
    "quality_label": "dudosa",
    "artifact_ir_pct": 6.11353711790393,
    "artifact_red_pct": 3.255813953488372,
    "pi_ir_pct": 0.05960718170088204,
    "pi_red_pct": 0.0463483732649393,
    "ac_ir": 26.30339409490766,
    "dc_ir": 44127.894230769234,
    "ac_red": 7.588267085294672,
    "dc_red": 16372.240384615385,
    "saturation_pct": 0.0,
    "contact_label": "contacto débil / baja perfusión",
    "polarity": "normal",
    "reason": "primeros 1.0 s ignorados; cribado robusto descarta 6.1 % | cv_intervalos=0.28 | dominancia_fft=1.49 | autocorr=0.32 | estimadores discrepantes; se usa FFT spread=20.0 | BPM por debajo del umbral de calidad | estimada no calibrada",
    "peaks_count": 32
  },
  "temperature": {
    "temp_samples": 249,
    "temp_c_last": 32.69,
    "temp_c_mean": 31.92140562248996,
    "temp_c_min": 29.25,
    "temp_c_max": 33.7,
    "temp_raw_last": 2342.0
  },
  "bpm_blocks_10s_mean": [
    NaN,
    NaN,
    NaN
  ],
  "sensor_config": {
    "red": 127,
    "ir": 127,
    "avg": 4,
    "rate": 100,
    "width": 411,
    "adc": 16384,
    "skip": 50,
    "debug": false
  },
  "analysis_config": {
    "bpm_min": 45,
    "bpm_max": 180,
    "peak_threshold_sd": 0.55,
    "detrend_seconds": 2.0,
    "smooth_seconds": 0.07,
    "ignore_initial_seconds": 1.0,
    "min_quality_to_accept": 45.0,
    "spo2_formula": "quad",
    "spo2_custom_a": 94.845,
    "spo2_custom_b": 30.354,
    "spo2_custom_c": -45.06
  },
  "files": {
    "raw": "C:\\Users\\julia\\OneDrive\\Desktop\\tesis\\mtestv2\\resultados\\raw\\raw_BLOQUE_4CFG_7332_20260608_135546_CFG001_CONFIG_01_-_B1F_AVG1_ADC16384.csv",
    "processed": "C:\\Users\\julia\\OneDrive\\Desktop\\tesis\\mtestv2\\resultados\\processed\\proc_BLOQUE_4CFG_7332_20260608_135546_CFG001_CONFIG_01_-_B1F_AVG1_ADC16384.csv",
    "plot": "C:\\Users\\julia\\OneDrive\\Desktop\\tesis\\mtestv2\\resultados\\figures\\plot_BLOQUE_4CFG_7332_20260608_135546_CFG001_CONFIG_01_-_B1F_AVG1_ADC16384.png",
    "bpm_blocks_10s": "C:\\Users\\julia\\OneDrive\\Desktop\\tesis\\mtestv2\\resultados\\reports\\bpm_blocks_10s_BLOQUE_4CFG_7332_20260608_135546_CFG001_CONFIG_01_-_B1F_AVG1_ADC16384.csv"
  },
  "manual_reference": {
    "pulso_previo": "70",
    "pulso_final_pulsio": "x",
    "pulso_final_fonendo": ""
  },
  "created": "2026-06-08T13:58:08.914985"
}