{
  "id": "SIN_CROTAL",
  "mode": "normal",
  "measurement_condition": "",
  "config_label": "manual",
  "reason": "DURACION_COMPLETADA_PYTHON",
  "requested_duration_s": 20.0,
  "samples": 789,
  "metrics": {
    "n": 749,
    "hz": 39.8823640879146,
    "duration_s": 18.755156999999997,
    "bpm": 67.52752951442459,
    "bpm_peak": 68.36976700785354,
    "bpm_fft": 67.18152239408074,
    "bpm_autocorr": 66.470606813191,
    "spo2": 99.82170789057716,
    "ratio_r": 0.3915883065764554,
    "quality": 42.23381970165582,
    "quality_label": "dudosa",
    "artifact_ir_pct": 0.0,
    "artifact_red_pct": 0.0,
    "pi_ir_pct": 0.09399819543921033,
    "pi_red_pct": 0.03680859417328306,
    "ac_ir": 44.901275109388784,
    "dc_ir": 47768.23097463285,
    "ac_red": 19.928654001753173,
    "dc_red": 54141.30707610147,
    "saturation_pct": 100.0,
    "contact_label": "contacto débil / baja perfusión",
    "polarity": "normal",
    "reason": "cv_intervalos=0.14 | dominancia_fft=1.44 | autocorr=0.43 | estimadores coherentes spread=1.9 | BPM por debajo del umbral de calidad | estimada no calibrada",
    "peaks_count": 22
  },
  "temperature": {
    "temp_samples": 789,
    "temp_c_last": 29.57,
    "temp_c_mean": 29.763903675538657,
    "temp_c_min": 28.03,
    "temp_c_max": 31.64,
    "temp_raw_last": 2225.0
  },
  "bpm_blocks_2s_orientative": [
    NaN,
    64.56770841719724,
    NaN,
    67.98941661217127,
    67.53079284299942,
    69.56433826805373,
    67.64411609842684,
    NaN,
    NaN,
    NaN
  ],
  "bpm_blocks_10s_mean": [
    66.1394156955708,
    68.23170554314635
  ],
  "sensor_config": {
    "red": 63,
    "ir": 63,
    "avg": 1,
    "rate": 100,
    "width": 411,
    "adc": 16384,
    "skip": 10,
    "debug": false
  },
  "analysis_config": {
    "bpm_min": 45,
    "bpm_max": 180,
    "peak_threshold_sd": 0.55,
    "detrend_seconds": 2.0,
    "smooth_seconds": 0.07,
    "ignore_initial_seconds": 1.0,
    "min_quality_to_accept": 45.0,
    "spo2_formula": "quad",
    "spo2_custom_a": 94.845,
    "spo2_custom_b": 30.354,
    "spo2_custom_c": -45.06
  },
  "config_confirmation": {
    "status": "confirmada",
    "command": "CONFIG RED=63 IR=63 AVG=1 RATE=100 WIDTH=411 ADC=16384 SKIP=10 DEBUG=0",
    "arduino_cfg_line": "CFG RED=63 IR=63 AVG=1 RATE=100 WIDTH=411 ADC=16384 SKIP=10 DEBUG=0"
  },
  "files": {
    "raw": "C:\\Users\\julia\\OneDrive\\Desktop\\tesis\\mtestv2\\resultados\\raw\\raw_SIN_CROTAL_20260529_153527.csv",
    "processed": "C:\\Users\\julia\\OneDrive\\Desktop\\tesis\\mtestv2\\resultados\\processed\\proc_SIN_CROTAL_20260529_153527.csv",
    "plot": "C:\\Users\\julia\\OneDrive\\Desktop\\tesis\\mtestv2\\resultados\\figures\\plot_SIN_CROTAL_20260529_153527.png",
    "screenshot": "C:\\Users\\julia\\OneDrive\\Desktop\\tesis\\mtestv2\\resultados\\screenshots\\screen_SIN_CROTAL_20260529_153527.png",
    "config": "C:\\Users\\julia\\OneDrive\\Desktop\\tesis\\mtestv2\\resultados\\configs\\config_SIN_CROTAL_20260529_153527_20260529_153527.json",
    "bpm_blocks_10s": "C:\\Users\\julia\\OneDrive\\Desktop\\tesis\\mtestv2\\resultados\\reports\\bpm_blocks_10s_SIN_CROTAL_20260529_153527.csv"
  },
  "created": "2026-05-29T15:35:52.824472"
}