{
  "session_id": "BLOQUE_4CFG_7332_20260608_135546_CFG004_CONFIG_05_-_B1F_AVG1_ADC16385",
  "id": "7332",
  "base_name": "BLOQUE_4CFG_7332_20260608_135546_CFG004_CONFIG_05_-_B1F_AVG1_ADC16385",
  "mode": "configurations",
  "measurement_condition": "toma con tabla personalizada de configuraciones",
  "config_label": "CONFIG 05 - B1F_AVG1_ADC16385",
  "config_description": "Brillo bajo, promedio",
  "reason": "BLOQUE_COMPLETADO",
  "requested_duration_s": 30.0,
  "samples": 249,
  "metrics": {
    "n": 220,
    "hz": 9.578182946093373,
    "duration_s": 22.864462000000003,
    "bpm": 171.42857142857142,
    "bpm_peak": 74.99999999999993,
    "bpm_fft": 68.12227074235808,
    "bpm_autocorr": 171.42857142857142,
    "spo2": 85.15050123700031,
    "ratio_r": 0.9100474814038596,
    "resp_rate_rpm": 7.860262008733624,
    "resp_quality": 55.959436499320866,
    "resp_reason": "experimental: pico lento 7.9 resp/min; dominancia=2.27; banda=0.76; ciclos~3.0",
    "quality": 29.852022785455677,
    "quality_label": "dudosa",
    "artifact_ir_pct": 3.9301310043668125,
    "artifact_red_pct": 3.1818181818181817,
    "pi_ir_pct": 0.09214233278143484,
    "pi_red_pct": 0.08385389787842105,
    "ac_ir": 9.74924713490765,
    "dc_ir": 10580.638497652582,
    "ac_red": 3.316220884152971,
    "dc_red": 3954.760563380282,
    "saturation_pct": 0.0,
    "contact_label": "contacto débil / baja perfusión",
    "polarity": "invertida",
    "reason": "primeros 1.0 s ignorados; cribado robusto descarta 3.9 % | cv_intervalos=0.39 | dominancia_fft=1.05 | autocorr=0.73 | estimadores discrepantes; se usa autocorr spread=103.3 | BPM por debajo del umbral de calidad | estimada no calibrada",
    "peaks_count": 15
  },
  "temperature": {
    "temp_samples": 249,
    "temp_c_last": 34.72,
    "temp_c_mean": 34.607710843373496,
    "temp_c_min": 31.21,
    "temp_c_max": 36.99,
    "temp_raw_last": 2416.0
  },
  "bpm_blocks_10s_mean": [
    NaN,
    NaN,
    NaN
  ],
  "sensor_config": {
    "red": 31,
    "ir": 31,
    "avg": 4,
    "rate": 100,
    "width": 411,
    "adc": 16384,
    "skip": 50,
    "debug": false
  },
  "analysis_config": {
    "bpm_min": 45,
    "bpm_max": 180,
    "peak_threshold_sd": 0.55,
    "detrend_seconds": 2.0,
    "smooth_seconds": 0.07,
    "ignore_initial_seconds": 1.0,
    "min_quality_to_accept": 45.0,
    "spo2_formula": "quad",
    "spo2_custom_a": 94.845,
    "spo2_custom_b": 30.354,
    "spo2_custom_c": -45.06
  },
  "files": {
    "raw": "C:\\Users\\julia\\OneDrive\\Desktop\\tesis\\mtestv2\\resultados\\raw\\raw_BLOQUE_4CFG_7332_20260608_135546_CFG004_CONFIG_05_-_B1F_AVG1_ADC16385.csv",
    "processed": "C:\\Users\\julia\\OneDrive\\Desktop\\tesis\\mtestv2\\resultados\\processed\\proc_BLOQUE_4CFG_7332_20260608_135546_CFG004_CONFIG_05_-_B1F_AVG1_ADC16385.csv",
    "plot": "C:\\Users\\julia\\OneDrive\\Desktop\\tesis\\mtestv2\\resultados\\figures\\plot_BLOQUE_4CFG_7332_20260608_135546_CFG004_CONFIG_05_-_B1F_AVG1_ADC16385.png",
    "bpm_blocks_10s": "C:\\Users\\julia\\OneDrive\\Desktop\\tesis\\mtestv2\\resultados\\reports\\bpm_blocks_10s_BLOQUE_4CFG_7332_20260608_135546_CFG004_CONFIG_05_-_B1F_AVG1_ADC16385.csv"
  },
  "manual_reference": {
    "pulso_previo": "00",
    "pulso_final_pulsio": "00",
    "pulso_final_fonendo": ""
  },
  "created": "2026-06-08T13:58:09.454678"
}