{
  "session_id": "BLOQUE_12CFG_184_20260603_124425_CFG002_3M_02_-_RED59_IR47_AVG1_ADC16384",
  "id": "184",
  "base_name": "BLOQUE_12CFG_184_20260603_124425_CFG002_3M_02_-_RED59_IR47_AVG1_ADC16384",
  "mode": "experimento_3m",
  "measurement_condition": "Experimento 3M: optimizacion adaptativa con BPM manual, PPG y SpO2",
  "config_label": "3M 02 - RED59 IR47 AVG1 ADC16384",
  "config_description": "Experimento 3M: sube IR porque el PI IR es muy bajo; busca una pareja RED/IR con SpO2 calculable",
  "reason": "BLOQUE_COMPLETADO",
  "requested_duration_s": 50.0,
  "samples": 1945,
  "metrics": {
    "n": 1905,
    "hz": 39.88175812781957,
    "duration_s": 47.741125,
    "bpm": 72.89312935126685,
    "bpm_peak": 113.94788036519866,
    "bpm_fft": 72.89312935126685,
    "bpm_autocorr": 184.0696528976288,
    "spo2": 99.9553242838374,
    "ratio_r": 0.3426940904184086,
    "resp_rate_rpm": 8.797446645842552,
    "resp_quality": 81.26664329054908,
    "resp_reason": "experimental: pico lento 8.8 resp/min; dominancia=1.83; banda=0.81; ciclos~7.0",
    "quality": 24.275076807335306,
    "quality_label": "dudosa",
    "artifact_ir_pct": 0.0,
    "artifact_red_pct": 0.0,
    "pi_ir_pct": 0.06995213273296194,
    "pi_red_pct": 0.023972182499750177,
    "ac_ir": 12.003119136697828,
    "dc_ir": 17159.046719160106,
    "ac_red": 2.3486942740957595,
    "dc_red": 9797.58215223097,
    "saturation_pct": 0.0,
    "contact_label": "contacto débil / baja perfusión",
    "polarity": "normal",
    "reason": "cv_intervalos=0.33 | dominancia_fft=1.04 | autocorr=0.80 | estimadores discrepantes; se usa FFT spread=41.1 | BPM por debajo del umbral de calidad | estimada no calibrada",
    "peaks_count": 43
  },
  "temperature": {
    "temp_samples": 1945,
    "temp_c_last": 30.52,
    "temp_c_mean": 30.741794344473004,
    "temp_c_min": 28.6,
    "temp_c_max": 32.31,
    "temp_raw_last": 2261.0
  },
  "bpm_blocks_10s_mean": [
    142.73056301437097,
    NaN,
    119.94222491334953,
    76.35229487233772,
    159.5394825739459
  ],
  "sensor_config": {
    "red": 59,
    "ir": 47,
    "avg": 1,
    "rate": 100,
    "width": 411,
    "adc": 16384,
    "skip": 50,
    "debug": false
  },
  "analysis_config": {
    "bpm_min": 45,
    "bpm_max": 180,
    "peak_threshold_sd": 0.55,
    "detrend_seconds": 2.0,
    "smooth_seconds": 0.07,
    "ignore_initial_seconds": 1.0,
    "min_quality_to_accept": 45.0,
    "spo2_formula": "quad",
    "spo2_custom_a": 94.845,
    "spo2_custom_b": 30.354,
    "spo2_custom_c": -45.06
  },
  "files": {
    "raw": "C:\\Users\\julia\\OneDrive\\Desktop\\tesis\\mtestv2\\resultados\\raw\\raw_BLOQUE_12CFG_184_20260603_124425_CFG002_3M_02_-_RED59_IR47_AVG1_ADC16384.csv",
    "processed": "C:\\Users\\julia\\OneDrive\\Desktop\\tesis\\mtestv2\\resultados\\processed\\proc_BLOQUE_12CFG_184_20260603_124425_CFG002_3M_02_-_RED59_IR47_AVG1_ADC16384.csv",
    "plot": "C:\\Users\\julia\\OneDrive\\Desktop\\tesis\\mtestv2\\resultados\\figures\\plot_BLOQUE_12CFG_184_20260603_124425_CFG002_3M_02_-_RED59_IR47_AVG1_ADC16384.png",
    "bpm_blocks_10s": "C:\\Users\\julia\\OneDrive\\Desktop\\tesis\\mtestv2\\resultados\\reports\\bpm_blocks_10s_BLOQUE_12CFG_184_20260603_124425_CFG002_3M_02_-_RED59_IR47_AVG1_ADC16384.csv"
  },
  "manual_reference": {
    "pulso_previo": "70",
    "pulso_final_pulsio": "72",
    "pulso_final_fonendo": "72"
  },
  "created": "2026-06-03T12:57:02.805556"
}