{
  "session_id": "BLOQUE_12CFG_SIN_CROTAL_20260603_121000_CFG003_3M_03_-_RED31_IR31_AVG4_ADC16384",
  "id": "SIN_CROTAL",
  "base_name": "BLOQUE_12CFG_SIN_CROTAL_20260603_121000_CFG003_3M_03_-_RED31_IR31_AVG4_ADC16384",
  "mode": "experimento_3m",
  "measurement_condition": "Experimento 3M: optimizacion adaptativa con BPM manual, PPG y SpO2, con",
  "config_label": "3M 03 - RED31 IR31 AVG4 ADC16384",
  "config_description": "Experimento 3M: usa AVG4 porque hay artefactos/ruido",
  "reason": "STOP_BLOQUE_MANUAL",
  "requested_duration_s": 100.0,
  "samples": 947,
  "metrics": {
    "n": 937,
    "hz": 9.971287485928737,
    "duration_s": 93.86952300000002,
    "bpm": 171.42857142857142,
    "bpm_peak": 120.0,
    "bpm_fft": 45.367412140575084,
    "bpm_autocorr": 171.42857142857142,
    "spo2": 78.98000127587082,
    "ratio_r": 1.0191167477352956,
    "resp_rate_rpm": 8.945686900958467,
    "resp_quality": 85.33857468089035,
    "resp_reason": "experimental: pico lento 8.9 resp/min; dominancia=1.41; banda=0.88; ciclos~14.0",
    "quality": 45.20169681847915,
    "quality_label": "aceptable",
    "artifact_ir_pct": 5.549626467449306,
    "artifact_red_pct": 37.886872998932766,
    "pi_ir_pct": 0.23962571333439087,
    "pi_red_pct": 0.2442065776470947,
    "ac_ir": 32.91964511611967,
    "dc_ir": 13737.943502824859,
    "ac_red": 20.016136892681036,
    "dc_red": 8196.395480225989,
    "saturation_pct": 0.0,
    "contact_label": "contacto útil",
    "polarity": "invertida",
    "reason": "cv_intervalos=0.34 | dominancia_fft=1.25 | autocorr=0.82 | estimadores discrepantes; se usa autocorr spread=126.1 | estimada no calibrada",
    "peaks_count": 37
  },
  "temperature": {
    "temp_samples": 947,
    "temp_c_last": 30.36,
    "temp_c_mean": 30.963167898627244,
    "temp_c_min": 28.73,
    "temp_c_max": 34.0,
    "temp_raw_last": 2255.0
  },
  "bpm_blocks_10s_mean": [
    NaN,
    NaN,
    NaN,
    NaN,
    NaN,
    NaN,
    NaN,
    NaN,
    NaN,
    NaN
  ],
  "sensor_config": {
    "red": 31,
    "ir": 31,
    "avg": 4,
    "rate": 100,
    "width": 411,
    "adc": 16384,
    "skip": 50,
    "debug": false
  },
  "analysis_config": {
    "bpm_min": 45,
    "bpm_max": 180,
    "peak_threshold_sd": 0.55,
    "detrend_seconds": 2.0,
    "smooth_seconds": 0.07,
    "ignore_initial_seconds": 1.0,
    "min_quality_to_accept": 45.0,
    "spo2_formula": "quad",
    "spo2_custom_a": 94.845,
    "spo2_custom_b": 30.354,
    "spo2_custom_c": -45.06
  },
  "files": {
    "raw": "C:\\Users\\julia\\OneDrive\\Desktop\\tesis\\mtestv2\\resultados\\raw\\raw_BLOQUE_12CFG_SIN_CROTAL_20260603_121000_CFG003_3M_03_-_RED31_IR31_AVG4_ADC16384.csv",
    "processed": "C:\\Users\\julia\\OneDrive\\Desktop\\tesis\\mtestv2\\resultados\\processed\\proc_BLOQUE_12CFG_SIN_CROTAL_20260603_121000_CFG003_3M_03_-_RED31_IR31_AVG4_ADC16384.csv",
    "plot": "C:\\Users\\julia\\OneDrive\\Desktop\\tesis\\mtestv2\\resultados\\figures\\plot_BLOQUE_12CFG_SIN_CROTAL_20260603_121000_CFG003_3M_03_-_RED31_IR31_AVG4_ADC16384.png",
    "bpm_blocks_10s": "C:\\Users\\julia\\OneDrive\\Desktop\\tesis\\mtestv2\\resultados\\reports\\bpm_blocks_10s_BLOQUE_12CFG_SIN_CROTAL_20260603_121000_CFG003_3M_03_-_RED31_IR31_AVG4_ADC16384.csv"
  },
  "manual_reference": {
    "pulso_previo": "83",
    "pulso_final_pulsio": "71",
    "pulso_final_fonendo": ""
  },
  "created": "2026-06-03T12:15:42.357451"
}