{
  "session_id": "BLOQUE_12CFG_584_20260609_141436_CFG007_CONFIG_01_-_B7F_AVG4_ADC16384",
  "id": "584",
  "base_name": "BLOQUE_12CFG_584_20260609_141436_CFG007_CONFIG_01_-_B7F_AVG4_ADC16384",
  "mode": "configurations",
  "measurement_condition": "LEFT",
  "config_label": "CONFIG 01 - B7F_AVG4_ADC16384",
  "config_description": "Brillo medio, promediado x4, rango ADC 8192",
  "reason": "BLOQUE_COMPLETADO",
  "requested_duration_s": 60.0,
  "samples": 2334,
  "metrics": {
    "n": 1942,
    "hz": 37.60042495260283,
    "duration_s": 51.621757,
    "bpm": 46.18455478355637,
    "bpm_peak": 122.50091311535948,
    "bpm_fft": 46.18455478355637,
    "bpm_autocorr": 183.7513696730384,
    "spo2": 0.0,
    "ratio_r": 2.618967984595424,
    "resp_rate_rpm": 7.10186410437409,
    "resp_quality": 74.47459317741573,
    "resp_reason": "experimental: pico lento 7.1 resp/min; dominancia=2.19; banda=0.66; ciclos~6.0",
    "quality": 0.0,
    "quality_label": "dudosa",
    "artifact_ir_pct": 13.842058562555456,
    "artifact_red_pct": 4.016477857878476,
    "pi_ir_pct": 0.06838441813125953,
    "pi_red_pct": 0.17909660173095554,
    "ac_ir": 34.93876025339764,
    "dc_ir": 51091.697799248526,
    "ac_red": 20.98907963636087,
    "dc_red": 11719.418142780461,
    "saturation_pct": 0.0,
    "contact_label": "contacto débil / baja perfusión",
    "polarity": "normal",
    "reason": "primeros 1.0 s ignorados; cribado robusto descarta 13.8 % | cv_intervalos=0.37 | dominancia_fft=1.04 | autocorr=0.81 | estimadores discrepantes; se usa FFT spread=76.3 | BPM por debajo del umbral de calidad | estimada no calibrada",
    "peaks_count": 37
  },
  "temperature": {
    "temp_samples": 2334,
    "temp_c_last": 34.28,
    "temp_c_mean": 34.31271208226221,
    "temp_c_min": 30.57,
    "temp_c_max": 36.59,
    "temp_raw_last": 2400.0
  },
  "bpm_blocks_10s_mean": [
    NaN,
    NaN,
    NaN,
    135.5120803157545,
    NaN,
    NaN
  ],
  "sensor_config": {
    "red": 63,
    "ir": 127,
    "avg": 4,
    "rate": 800,
    "width": 411,
    "adc": 16384,
    "skip": 50,
    "debug": false
  },
  "analysis_config": {
    "bpm_min": 45,
    "bpm_max": 180,
    "peak_threshold_sd": 0.55,
    "detrend_seconds": 2.0,
    "smooth_seconds": 0.07,
    "ignore_initial_seconds": 1.0,
    "min_quality_to_accept": 45.0,
    "spo2_formula": "quad",
    "spo2_custom_a": 94.845,
    "spo2_custom_b": 30.354,
    "spo2_custom_c": -45.06
  },
  "files": {
    "raw": "C:\\Users\\julia\\OneDrive\\Desktop\\tesis\\mtestv2\\resultados\\raw\\raw_BLOQUE_12CFG_584_20260609_141436_CFG007_CONFIG_01_-_B7F_AVG4_ADC16384.csv",
    "processed": "C:\\Users\\julia\\OneDrive\\Desktop\\tesis\\mtestv2\\resultados\\processed\\proc_BLOQUE_12CFG_584_20260609_141436_CFG007_CONFIG_01_-_B7F_AVG4_ADC16384.csv",
    "plot": "C:\\Users\\julia\\OneDrive\\Desktop\\tesis\\mtestv2\\resultados\\figures\\plot_BLOQUE_12CFG_584_20260609_141436_CFG007_CONFIG_01_-_B7F_AVG4_ADC16384.png",
    "bpm_blocks_10s": "C:\\Users\\julia\\OneDrive\\Desktop\\tesis\\mtestv2\\resultados\\reports\\bpm_blocks_10s_BLOQUE_12CFG_584_20260609_141436_CFG007_CONFIG_01_-_B7F_AVG4_ADC16384.csv"
  },
  "manual_reference": {
    "pulso_previo": "115",
    "pulso_final_pulsio": "114",
    "pulso_final_fonendo": "115"
  },
  "created": "2026-06-09T14:29:25.646285"
}