{
  "session_id": "BLOQUE_5CFG_5384_20260608_131749_CFG002_CONFIG_03_-_B5F_AVG1_ADC16384",
  "id": "5384",
  "base_name": "BLOQUE_5CFG_5384_20260608_131749_CFG002_CONFIG_03_-_B5F_AVG1_ADC16384",
  "mode": "configurations",
  "measurement_condition": "toma con tabla personalizada de configuraciones",
  "config_label": "CONFIG 03 - B5F_AVG1_ADC16384",
  "config_description": "Brillo alto, sinpromedio",
  "reason": "BLOQUE_COMPLETADO",
  "requested_duration_s": 48.0,
  "samples": 1864,
  "metrics": {
    "n": 1784,
    "hz": 39.88180312990959,
    "duration_s": 44.707106,
    "bpm": 89.86818866717297,
    "bpm_peak": 108.76855399066308,
    "bpm_fft": 89.86818866717297,
    "bpm_autocorr": 184.06986059958274,
    "spo2": 98.40716742120593,
    "ratio_r": 0.5222689422031029,
    "resp_rate_rpm": 6.706581243818878,
    "resp_quality": 72.99632081698375,
    "resp_reason": "experimental: pico lento 6.7 resp/min; dominancia=1.24; banda=0.93; ciclos~5.0",
    "quality": 21.20622714991638,
    "quality_label": "dudosa",
    "artifact_ir_pct": 0.0,
    "artifact_red_pct": 0.0,
    "pi_ir_pct": 0.06556113748979,
    "pi_red_pct": 0.034240545926424816,
    "ac_ir": 24.328982919896376,
    "dc_ir": 37108.848094170404,
    "ac_red": 4.266124431041024,
    "dc_red": 12459.276905829596,
    "saturation_pct": 0.0,
    "contact_label": "contacto débil / baja perfusión",
    "polarity": "normal",
    "reason": "primeros 1.0 s ignorados; cribado robusto descarta 0.0 % | cv_intervalos=0.32 | dominancia_fft=1.26 | autocorr=0.79 | estimadores discrepantes; se usa FFT spread=18.9 | BPM por debajo del umbral de calidad | estimada no calibrada",
    "peaks_count": 34
  },
  "temperature": {
    "temp_samples": 1864,
    "temp_c_last": 35.14,
    "temp_c_mean": 34.49015557939914,
    "temp_c_min": 31.69,
    "temp_c_max": 37.39,
    "temp_raw_last": 2431.0
  },
  "bpm_blocks_10s_mean": [
    96.5829030315497,
    98.1038369016606,
    NaN,
    NaN,
    NaN
  ],
  "sensor_config": {
    "red": 95,
    "ir": 95,
    "avg": 1,
    "rate": 100,
    "width": 411,
    "adc": 16384,
    "skip": 50,
    "debug": false
  },
  "analysis_config": {
    "bpm_min": 45,
    "bpm_max": 180,
    "peak_threshold_sd": 0.55,
    "detrend_seconds": 2.0,
    "smooth_seconds": 0.07,
    "ignore_initial_seconds": 1.0,
    "min_quality_to_accept": 45.0,
    "spo2_formula": "quad",
    "spo2_custom_a": 94.845,
    "spo2_custom_b": 30.354,
    "spo2_custom_c": -45.06
  },
  "files": {
    "raw": "C:\\Users\\julia\\OneDrive\\Desktop\\tesis\\mtestv2\\resultados\\raw\\raw_BLOQUE_5CFG_5384_20260608_131749_CFG002_CONFIG_03_-_B5F_AVG1_ADC16384.csv",
    "processed": "C:\\Users\\julia\\OneDrive\\Desktop\\tesis\\mtestv2\\resultados\\processed\\proc_BLOQUE_5CFG_5384_20260608_131749_CFG002_CONFIG_03_-_B5F_AVG1_ADC16384.csv",
    "plot": "C:\\Users\\julia\\OneDrive\\Desktop\\tesis\\mtestv2\\resultados\\figures\\plot_BLOQUE_5CFG_5384_20260608_131749_CFG002_CONFIG_03_-_B5F_AVG1_ADC16384.png",
    "bpm_blocks_10s": "C:\\Users\\julia\\OneDrive\\Desktop\\tesis\\mtestv2\\resultados\\reports\\bpm_blocks_10s_BLOQUE_5CFG_5384_20260608_131749_CFG002_CONFIG_03_-_B5F_AVG1_ADC16384.csv"
  },
  "manual_reference": {
    "pulso_previo": "96",
    "pulso_final_pulsio": "96",
    "pulso_final_fonendo": ""
  },
  "created": "2026-06-08T13:23:06.264778"
}