{
  "session_id": "BLOQUE_12CFG_marco_no_oveja_20260603_102305_CFG012_3M_12_-_RED159_IR159_AVG1_ADC16384",
  "id": "marco_no_oveja",
  "base_name": "BLOQUE_12CFG_marco_no_oveja_20260603_102305_CFG012_3M_12_-_RED159_IR159_AVG1_ADC16384",
  "mode": "experimento_3m",
  "measurement_condition": "Experimento 3M: optimizacion adaptativa con BPM manual, PPG y SpO2",
  "config_label": "3M 12 - RED159 IR159 AVG1 ADC16384",
  "config_description": "Experimento 3M: sube IR porque el PI IR es bajo; sube RED relativo a IR para mejorar SpO2; mantiene el AVG de la mejor candidata provisional",
  "reason": "BLOQUE_COMPLETADO",
  "requested_duration_s": 100.0,
  "samples": 3937,
  "metrics": {
    "n": 3897,
    "hz": 39.87464582210687,
    "duration_s": 97.70619699999997,
    "bpm": 74.66904410117603,
    "bpm_peak": 74.76496091645066,
    "bpm_fft": 74.30439647548663,
    "bpm_autocorr": 74.76496091645038,
    "spo2": 99.92520571000382,
    "ratio_r": 0.310304488439699,
    "resp_rate_rpm": 6.140859212850134,
    "resp_quality": 69.86636381104283,
    "resp_reason": "experimental: pico lento 6.1 resp/min; dominancia=1.34; banda=0.46; ciclos~10.0",
    "quality": 91.31539989489983,
    "quality_label": "buena",
    "artifact_ir_pct": 0.0,
    "artifact_red_pct": 0.0,
    "pi_ir_pct": 0.09933740860274783,
    "pi_red_pct": 0.03082484375940102,
    "ac_ir": 113.32768035891056,
    "dc_ir": 114083.58840133436,
    "ac_red": 37.93660181914271,
    "dc_red": 123071.5137285091,
    "saturation_pct": 0.0,
    "contact_label": "contacto débil / baja perfusión",
    "polarity": "normal",
    "reason": "cv_intervalos=0.07 | dominancia_fft=1.44 | autocorr=0.82 | estimadores coherentes spread=0.5 | estimada no calibrada",
    "peaks_count": 124
  },
  "temperature": {
    "temp_samples": 3937,
    "temp_c_last": 30.86,
    "temp_c_mean": 31.548707137414276,
    "temp_c_min": 28.91,
    "temp_c_max": 33.84,
    "temp_raw_last": 2274.0
  },
  "bpm_blocks_10s_mean": [
    75.75209127278599,
    77.80009649999516,
    73.76196241018859,
    75.00760362083066,
    79.862887867255,
    74.9916322240169,
    75.04247478255274,
    76.98822268540957,
    76.94654312921432,
    75.41183118576646
  ],
  "sensor_config": {
    "red": 159,
    "ir": 159,
    "avg": 1,
    "rate": 100,
    "width": 411,
    "adc": 16384,
    "skip": 50,
    "debug": false
  },
  "analysis_config": {
    "bpm_min": 45,
    "bpm_max": 180,
    "peak_threshold_sd": 0.55,
    "detrend_seconds": 2.0,
    "smooth_seconds": 0.07,
    "ignore_initial_seconds": 1.0,
    "min_quality_to_accept": 45.0,
    "spo2_formula": "quad",
    "spo2_custom_a": 94.845,
    "spo2_custom_b": 30.354,
    "spo2_custom_c": -45.06
  },
  "files": {
    "raw": "C:\\Users\\julia\\OneDrive\\Desktop\\tesis\\mtestv2\\resultados\\raw\\raw_BLOQUE_12CFG_marco_no_oveja_20260603_102305_CFG012_3M_12_-_RED159_IR159_AVG1_ADC16384.csv",
    "processed": "C:\\Users\\julia\\OneDrive\\Desktop\\tesis\\mtestv2\\resultados\\processed\\proc_BLOQUE_12CFG_marco_no_oveja_20260603_102305_CFG012_3M_12_-_RED159_IR159_AVG1_ADC16384.csv",
    "plot": "C:\\Users\\julia\\OneDrive\\Desktop\\tesis\\mtestv2\\resultados\\figures\\plot_BLOQUE_12CFG_marco_no_oveja_20260603_102305_CFG012_3M_12_-_RED159_IR159_AVG1_ADC16384.png",
    "bpm_blocks_10s": "C:\\Users\\julia\\OneDrive\\Desktop\\tesis\\mtestv2\\resultados\\reports\\bpm_blocks_10s_BLOQUE_12CFG_marco_no_oveja_20260603_102305_CFG012_3M_12_-_RED159_IR159_AVG1_ADC16384.csv"
  },
  "manual_reference": {
    "pulso_previo": "80",
    "pulso_final_pulsio": "75",
    "pulso_final_fonendo": ""
  },
  "created": "2026-06-03T10:46:53.975992"
}