{
  "session_id": "BLOQUE_12CFG_184_20260603_123040_CFG001_3M_01_-_RED31_IR31_AVG1_ADC16384",
  "id": "184",
  "base_name": "BLOQUE_12CFG_184_20260603_123040_CFG001_3M_01_-_RED31_IR31_AVG1_ADC16384",
  "mode": "experimento_3m",
  "measurement_condition": "Experimento 3M: optimizacion adaptativa con BPM manual, PPG y SpO2, exprimento numero 1 en oveja",
  "config_label": "3M 01 - RED31 IR31 AVG1 ADC16384",
  "config_description": "Experimento 3M: inicio conservador",
  "reason": "BLOQUE_COMPLETADO",
  "requested_duration_s": 50.0,
  "samples": 1945,
  "metrics": {
    "n": 1905,
    "hz": 39.88618109528669,
    "duration_s": 47.735831,
    "bpm": 111.1518818031746,
    "bpm_peak": 111.74594853676518,
    "bpm_fft": 110.60873749113114,
    "bpm_autocorr": 180.51268609785123,
    "spo2": 34.58185354009683,
    "ratio_r": 1.541327400190506,
    "resp_rate_rpm": 7.541504828940759,
    "resp_quality": 76.02397944920821,
    "resp_reason": "experimental: pico lento 7.5 resp/min; dominancia=1.12; banda=0.91; ciclos~6.0",
    "quality": 50.0541026070964,
    "quality_label": "aceptable",
    "artifact_ir_pct": 1.942257217847769,
    "artifact_red_pct": 0.0,
    "pi_ir_pct": 0.04395787528179464,
    "pi_red_pct": 0.06775347762598703,
    "ac_ir": 3.889208784277567,
    "dc_ir": 8847.58137044968,
    "ac_red": 1.9747389416624013,
    "dc_red": 2914.5942184154173,
    "saturation_pct": 0.0,
    "contact_label": "contacto débil / baja perfusión",
    "polarity": "normal",
    "reason": "cv_intervalos=0.33 | dominancia_fft=1.04 | autocorr=0.53 | estimadores coherentes spread=1.1 | estimada no calibrada",
    "peaks_count": 84
  },
  "temperature": {
    "temp_samples": 1945,
    "temp_c_last": 33.65,
    "temp_c_mean": 34.118308483290484,
    "temp_c_min": 30.38,
    "temp_c_max": 35.71,
    "temp_raw_last": 2377.0
  },
  "bpm_blocks_10s_mean": [
    119.661812686205,
    132.99452476912742,
    132.91241285721202,
    NaN,
    NaN
  ],
  "sensor_config": {
    "red": 31,
    "ir": 31,
    "avg": 1,
    "rate": 100,
    "width": 411,
    "adc": 16384,
    "skip": 50,
    "debug": false
  },
  "analysis_config": {
    "bpm_min": 45,
    "bpm_max": 180,
    "peak_threshold_sd": 0.55,
    "detrend_seconds": 2.0,
    "smooth_seconds": 0.07,
    "ignore_initial_seconds": 1.0,
    "min_quality_to_accept": 45.0,
    "spo2_formula": "quad",
    "spo2_custom_a": 94.845,
    "spo2_custom_b": 30.354,
    "spo2_custom_c": -45.06
  },
  "files": {
    "raw": "C:\\Users\\julia\\OneDrive\\Desktop\\tesis\\mtestv2\\resultados\\raw\\raw_BLOQUE_12CFG_184_20260603_123040_CFG001_3M_01_-_RED31_IR31_AVG1_ADC16384.csv",
    "processed": "C:\\Users\\julia\\OneDrive\\Desktop\\tesis\\mtestv2\\resultados\\processed\\proc_BLOQUE_12CFG_184_20260603_123040_CFG001_3M_01_-_RED31_IR31_AVG1_ADC16384.csv",
    "plot": "C:\\Users\\julia\\OneDrive\\Desktop\\tesis\\mtestv2\\resultados\\figures\\plot_BLOQUE_12CFG_184_20260603_123040_CFG001_3M_01_-_RED31_IR31_AVG1_ADC16384.png",
    "bpm_blocks_10s": "C:\\Users\\julia\\OneDrive\\Desktop\\tesis\\mtestv2\\resultados\\reports\\bpm_blocks_10s_BLOQUE_12CFG_184_20260603_123040_CFG001_3M_01_-_RED31_IR31_AVG1_ADC16384.csv"
  },
  "manual_reference": {
    "pulso_previo": "85",
    "pulso_final_pulsio": "85",
    "pulso_final_fonendo": ""
  },
  "created": "2026-06-03T12:41:57.350615"
}