{
  "session_id": "BLOQUE_16CFG_386_20260610_132433_CFG015_CONFIG_02_-_B5F_AVG4_ADC16384",
  "id": "386",
  "base_name": "BLOQUE_16CFG_386_20260610_132433_CFG015_CONFIG_02_-_B5F_AVG4_ADC16384",
  "mode": "configurations",
  "measurement_condition": "RIGHT",
  "config_label": "CONFIG 02 - B5F_AVG4_ADC16384",
  "config_description": "Configuracion personalizada 15",
  "reason": "BLOQUE_COMPLETADO",
  "requested_duration_s": 30.0,
  "samples": 1143,
  "metrics": {
    "n": 1063,
    "hz": 39.751135433915046,
    "duration_s": 26.716218000000026,
    "bpm": 94.49333646211889,
    "bpm_peak": 95.40272504139617,
    "bpm_fft": 92.07890128759982,
    "bpm_autocorr": 95.40272504139611,
    "spo2": 92.4694843570708,
    "ratio_r": 0.7444510203179895,
    "resp_rate_rpm": 8.983307442692666,
    "resp_quality": 65.99467947491935,
    "resp_reason": "experimental: pico lento 9.0 resp/min; dominancia=1.62; banda=1.00; ciclos~4.0",
    "quality": 68.61968683127975,
    "quality_label": "aceptable",
    "artifact_ir_pct": 0.0,
    "artifact_red_pct": 0.0,
    "pi_ir_pct": 0.03542128311948558,
    "pi_red_pct": 0.02636941035927342,
    "ac_ir": 14.832346413750276,
    "dc_ir": 41874.10818438382,
    "ac_red": 3.352683237390258,
    "dc_red": 12714.289746001881,
    "saturation_pct": 0.0,
    "contact_label": "contacto débil / baja perfusión",
    "polarity": "normal",
    "reason": "primeros 1.0 s ignorados; cribado robusto descarta 0.0 % | cv_intervalos=0.18 | dominancia_fft=1.34 | autocorr=0.49 | estimadores coherentes spread=3.3 | estimada no calibrada",
    "peaks_count": 28
  },
  "temperature": {
    "temp_samples": 1143,
    "temp_c_last": 34.64,
    "temp_c_mean": 33.87969378827647,
    "temp_c_min": 30.81,
    "temp_c_max": 35.88,
    "temp_raw_last": 2413.0
  },
  "bpm_blocks_10s_mean": [
    NaN,
    NaN,
    99.07121012732283
  ],
  "sensor_config": {
    "red": 95,
    "ir": 95,
    "avg": 4,
    "rate": 800,
    "width": 411,
    "adc": 16384,
    "skip": 50,
    "debug": false
  },
  "analysis_config": {
    "bpm_min": 45,
    "bpm_max": 180,
    "peak_threshold_sd": 0.55,
    "detrend_seconds": 2.0,
    "smooth_seconds": 0.07,
    "ignore_initial_seconds": 1.0,
    "min_quality_to_accept": 45.0,
    "spo2_formula": "quad",
    "spo2_custom_a": 94.845,
    "spo2_custom_b": 30.354,
    "spo2_custom_c": -45.06
  },
  "files": {
    "raw": "C:\\Users\\julia\\OneDrive\\Desktop\\tesis\\mtestv2\\resultados\\raw\\raw_BLOQUE_16CFG_386_20260610_132433_CFG015_CONFIG_02_-_B5F_AVG4_ADC16384.csv",
    "processed": "C:\\Users\\julia\\OneDrive\\Desktop\\tesis\\mtestv2\\resultados\\processed\\proc_BLOQUE_16CFG_386_20260610_132433_CFG015_CONFIG_02_-_B5F_AVG4_ADC16384.csv",
    "plot": "C:\\Users\\julia\\OneDrive\\Desktop\\tesis\\mtestv2\\resultados\\figures\\plot_BLOQUE_16CFG_386_20260610_132433_CFG015_CONFIG_02_-_B5F_AVG4_ADC16384.png",
    "bpm_blocks_10s": "C:\\Users\\julia\\OneDrive\\Desktop\\tesis\\mtestv2\\resultados\\reports\\bpm_blocks_10s_BLOQUE_16CFG_386_20260610_132433_CFG015_CONFIG_02_-_B5F_AVG4_ADC16384.csv"
  },
  "manual_reference": {
    "pulso_previo": "90",
    "pulso_final_pulsio": "95",
    "pulso_final_fonendo": ""
  },
  "created": "2026-06-10T13:39:08.872319"
}