{
  "session_id": "BLOQUE_16CFG_184_SinVacio_20260602_131802_CFG015_CONFIG_15-B5F_AVG4_ADC8192",
  "id": "184_SinVacio",
  "base_name": "BLOQUE_16CFG_184_SinVacio_20260602_131802_CFG015_CONFIG_15-B5F_AVG4_ADC8192",
  "mode": "configurations",
  "measurement_condition": "toma con tabla personalizada de configuraciones",
  "config_label": "CONFIG 15-B5F_AVG4_ADC8192",
  "config_description": "Configuracion personalizada 15",
  "reason": "BLOQUE_COMPLETADO",
  "requested_duration_s": 30.0,
  "samples": 251,
  "metrics": {
    "n": 249,
    "hz": 9.96856245008937,
    "duration_s": 24.878210999999965,
    "bpm": 171.42857142857142,
    "bpm_peak": 61.57894736842101,
    "bpm_fft": 53.01204819277108,
    "bpm_autocorr": 171.42857142857142,
    "spo2": 96.12444005715433,
    "ratio_r": 0.6284542297295972,
    "resp_rate_rpm": 9.638554216867469,
    "resp_quality": 62.49656698657813,
    "resp_reason": "experimental: pico lento 9.6 resp/min; dominancia=1.25; banda=0.99; ciclos~4.0",
    "quality": 46.13700303551923,
    "quality_label": "aceptable",
    "artifact_ir_pct": 4.016064257028113,
    "artifact_red_pct": 6.425702811244979,
    "pi_ir_pct": 0.46686339937186405,
    "pi_red_pct": 0.2934022780411861,
    "ac_ir": 308.2513257394342,
    "dc_ir": 66026.0209205021,
    "ac_red": 68.96760597370705,
    "dc_red": 23506.1589958159,
    "saturation_pct": 0.0,
    "contact_label": "contacto útil",
    "polarity": "normal",
    "reason": "cv_intervalos=0.33 | dominancia_fft=1.37 | autocorr=0.75 | estimadores discrepantes; se usa autocorr spread=118.4 | estimada no calibrada",
    "peaks_count": 9
  },
  "temperature": {
    "temp_samples": 251,
    "temp_c_last": 35.99,
    "temp_c_mean": 36.66011952191234,
    "temp_c_min": 33.02,
    "temp_c_max": 40.56,
    "temp_raw_last": 2461.0
  },
  "bpm_blocks_10s_mean": [
    NaN,
    NaN,
    NaN,
    NaN
  ],
  "sensor_config": {
    "red": 95,
    "ir": 95,
    "avg": 4,
    "rate": 100,
    "width": 411,
    "adc": 8192,
    "skip": 50,
    "debug": false
  },
  "analysis_config": {
    "bpm_min": 45,
    "bpm_max": 180,
    "peak_threshold_sd": 0.55,
    "detrend_seconds": 2.0,
    "smooth_seconds": 0.07,
    "ignore_initial_seconds": 1.0,
    "min_quality_to_accept": 45.0,
    "spo2_formula": "quad",
    "spo2_custom_a": 94.845,
    "spo2_custom_b": 30.354,
    "spo2_custom_c": -45.06
  },
  "files": {
    "raw": "C:\\Users\\julia\\OneDrive\\Desktop\\tesis\\mtestv2\\resultados\\raw\\raw_BLOQUE_16CFG_184_SinVacio_20260602_131802_CFG015_CONFIG_15-B5F_AVG4_ADC8192.csv",
    "processed": "C:\\Users\\julia\\OneDrive\\Desktop\\tesis\\mtestv2\\resultados\\processed\\proc_BLOQUE_16CFG_184_SinVacio_20260602_131802_CFG015_CONFIG_15-B5F_AVG4_ADC8192.csv",
    "plot": "C:\\Users\\julia\\OneDrive\\Desktop\\tesis\\mtestv2\\resultados\\figures\\plot_BLOQUE_16CFG_184_SinVacio_20260602_131802_CFG015_CONFIG_15-B5F_AVG4_ADC8192.png",
    "bpm_blocks_10s": "C:\\Users\\julia\\OneDrive\\Desktop\\tesis\\mtestv2\\resultados\\reports\\bpm_blocks_10s_BLOQUE_16CFG_184_SinVacio_20260602_131802_CFG015_CONFIG_15-B5F_AVG4_ADC8192.csv"
  },
  "manual_reference": {
    "pulso_previo": "85",
    "pulso_final_pulsio": "75",
    "pulso_final_fonendo": ""
  },
  "created": "2026-06-02T13:27:32.820739"
}