{
  "session_id": "BLOQUE_12CFG_184_20260603_124425_CFG009_3M_09_-_RED199_IR159_AVG2_ADC8192",
  "id": "184",
  "base_name": "BLOQUE_12CFG_184_20260603_124425_CFG009_3M_09_-_RED199_IR159_AVG2_ADC8192",
  "mode": "experimento_3m",
  "measurement_condition": "Experimento 3M: optimizacion adaptativa con BPM manual, PPG y SpO2",
  "config_label": "3M 09 - RED199 IR159 AVG2 ADC8192",
  "config_description": "Experimento 3M: busca una pareja RED/IR con SpO2 calculable",
  "reason": "BLOQUE_COMPLETADO",
  "requested_duration_s": 50.0,
  "samples": 947,
  "metrics": {
    "n": 927,
    "hz": 19.93847967025458,
    "duration_s": 46.442859,
    "bpm": 171.42857142857142,
    "bpm_peak": 133.33333333333303,
    "bpm_fft": 71.04413347685683,
    "bpm_autocorr": 171.42857142857142,
    "spo2": 99.16776618030099,
    "ratio_r": 0.20448269597057472,
    "resp_rate_rpm": 6.458557588805166,
    "resp_quality": 73.33940352743608,
    "resp_reason": "experimental: pico lento 6.5 resp/min; dominancia=1.04; banda=0.97; ciclos~5.0",
    "quality": 51.799581814145675,
    "quality_label": "aceptable",
    "artifact_ir_pct": 0.0,
    "artifact_red_pct": 0.0,
    "pi_ir_pct": 0.0711777175961858,
    "pi_red_pct": 0.014554611587100287,
    "ac_ir": 91.53788949037616,
    "dc_ir": 128604.69902912622,
    "ac_red": 10.636321267618378,
    "dc_red": 73078.70226537217,
    "saturation_pct": 0.0,
    "contact_label": "contacto débil / baja perfusión",
    "polarity": "normal",
    "reason": "cv_intervalos=0.26 | dominancia_fft=1.42 | autocorr=0.78 | estimadores discrepantes; se usa autocorr spread=100.4 | estimada no calibrada",
    "peaks_count": 24
  },
  "temperature": {
    "temp_samples": 947,
    "temp_c_last": 32.01,
    "temp_c_mean": 33.16848996832101,
    "temp_c_min": 30.6,
    "temp_c_max": 34.72,
    "temp_raw_last": 2317.0
  },
  "bpm_blocks_10s_mean": [
    171.42857142857142,
    96.15384615384613,
    171.42857142857142,
    80.0,
    NaN
  ],
  "sensor_config": {
    "red": 199,
    "ir": 159,
    "avg": 2,
    "rate": 100,
    "width": 411,
    "adc": 8192,
    "skip": 50,
    "debug": false
  },
  "analysis_config": {
    "bpm_min": 45,
    "bpm_max": 180,
    "peak_threshold_sd": 0.55,
    "detrend_seconds": 2.0,
    "smooth_seconds": 0.07,
    "ignore_initial_seconds": 1.0,
    "min_quality_to_accept": 45.0,
    "spo2_formula": "quad",
    "spo2_custom_a": 94.845,
    "spo2_custom_b": 30.354,
    "spo2_custom_c": -45.06
  },
  "files": {
    "raw": "C:\\Users\\julia\\OneDrive\\Desktop\\tesis\\mtestv2\\resultados\\raw\\raw_BLOQUE_12CFG_184_20260603_124425_CFG009_3M_09_-_RED199_IR159_AVG2_ADC8192.csv",
    "processed": "C:\\Users\\julia\\OneDrive\\Desktop\\tesis\\mtestv2\\resultados\\processed\\proc_BLOQUE_12CFG_184_20260603_124425_CFG009_3M_09_-_RED199_IR159_AVG2_ADC8192.csv",
    "plot": "C:\\Users\\julia\\OneDrive\\Desktop\\tesis\\mtestv2\\resultados\\figures\\plot_BLOQUE_12CFG_184_20260603_124425_CFG009_3M_09_-_RED199_IR159_AVG2_ADC8192.png",
    "bpm_blocks_10s": "C:\\Users\\julia\\OneDrive\\Desktop\\tesis\\mtestv2\\resultados\\reports\\bpm_blocks_10s_BLOQUE_12CFG_184_20260603_124425_CFG009_3M_09_-_RED199_IR159_AVG2_ADC8192.csv"
  },
  "manual_reference": {
    "pulso_previo": "70",
    "pulso_final_pulsio": "70",
    "pulso_final_fonendo": "60"
  },
  "created": "2026-06-03T12:57:04.251832"
}