{
  "session_id": "BLOQUE_16CFG_184_20260605_104620_CFG010_3M_06_-_RED199_IR159_AVG4_ADC16384",
  "id": "184",
  "base_name": "BLOQUE_16CFG_184_20260605_104620_CFG010_3M_06_-_RED199_IR159_AVG4_ADC16384",
  "mode": "configurations",
  "measurement_condition": "EN LA TETA DERECHA",
  "config_label": "3M 06 - RED199_IR159_AVG4_ADC16384",
  "config_description": "Buena",
  "reason": "BLOQUE_COMPLETADO",
  "requested_duration_s": 30.0,
  "samples": 249,
  "metrics": {
    "n": 173,
    "hz": 7.520850793622475,
    "duration_s": 22.869753000000003,
    "bpm": 171.42857142857142,
    "bpm_peak": NaN,
    "bpm_fft": 57.64192139737991,
    "bpm_autocorr": 171.42857142857142,
    "spo2": 0.0,
    "ratio_r": 2.0952069845330614,
    "resp_rate_rpm": 10.480349344978166,
    "resp_quality": 43.58458345686934,
    "resp_reason": "experimental: pico lento 10.5 resp/min; dominancia=2.02; banda=0.33; ciclos~4.0",
    "quality": 1.2798695052598887,
    "quality_label": "dudosa",
    "artifact_ir_pct": 24.45414847161572,
    "artifact_red_pct": 48.554913294797686,
    "pi_ir_pct": 0.03502834162361645,
    "pi_red_pct": 0.07339162602641133,
    "ac_ir": 19.6931098148851,
    "dc_ir": 56220.50289017341,
    "ac_red": 27.12562558288154,
    "dc_red": 36960.10982658959,
    "saturation_pct": 0.0,
    "contact_label": "contacto débil / baja perfusión",
    "polarity": "normal",
    "reason": "primeros 1.0 s ignorados; cribado robusto descarta 24.5 % | intervalos fuera de rango | dominancia_fft=1.04 | autocorr=0.72 | estimadores discrepantes; se usa autocorr spread=113.8 | BPM por debajo del umbral de calidad | estimada no calibrada",
    "peaks_count": 7
  },
  "temperature": {
    "temp_samples": 249,
    "temp_c_last": 32.55,
    "temp_c_mean": 32.606104417670686,
    "temp_c_min": 30.54,
    "temp_c_max": 34.2,
    "temp_raw_last": 2337.0
  },
  "bpm_blocks_10s_mean": [
    NaN,
    NaN,
    NaN
  ],
  "sensor_config": {
    "red": 199,
    "ir": 159,
    "avg": 4,
    "rate": 100,
    "width": 411,
    "adc": 16384,
    "skip": 50,
    "debug": false
  },
  "analysis_config": {
    "bpm_min": 45,
    "bpm_max": 180,
    "peak_threshold_sd": 0.55,
    "detrend_seconds": 2.0,
    "smooth_seconds": 0.07,
    "ignore_initial_seconds": 1.0,
    "min_quality_to_accept": 45.0,
    "spo2_formula": "quad",
    "spo2_custom_a": 94.845,
    "spo2_custom_b": 30.354,
    "spo2_custom_c": -45.06
  },
  "files": {
    "raw": "C:\\Users\\julia\\OneDrive\\Desktop\\tesis\\mtestv2\\resultados\\raw\\raw_BLOQUE_16CFG_184_20260605_104620_CFG010_3M_06_-_RED199_IR159_AVG4_ADC16384.csv",
    "processed": "C:\\Users\\julia\\OneDrive\\Desktop\\tesis\\mtestv2\\resultados\\processed\\proc_BLOQUE_16CFG_184_20260605_104620_CFG010_3M_06_-_RED199_IR159_AVG4_ADC16384.csv",
    "plot": "C:\\Users\\julia\\OneDrive\\Desktop\\tesis\\mtestv2\\resultados\\figures\\plot_BLOQUE_16CFG_184_20260605_104620_CFG010_3M_06_-_RED199_IR159_AVG4_ADC16384.png",
    "bpm_blocks_10s": "C:\\Users\\julia\\OneDrive\\Desktop\\tesis\\mtestv2\\resultados\\reports\\bpm_blocks_10s_BLOQUE_16CFG_184_20260605_104620_CFG010_3M_06_-_RED199_IR159_AVG4_ADC16384.csv"
  },
  "manual_reference": {
    "pulso_previo": "72",
    "pulso_final_pulsio": "65",
    "pulso_final_fonendo": "72"
  },
  "created": "2026-06-05T11:00:40.885723"
}