{
  "session_id": "BLOQUE_12CFG_184_20260603_124425_CFG008_3M_08_-_RED199_IR159_AVG1_ADC8192",
  "id": "184",
  "base_name": "BLOQUE_12CFG_184_20260603_124425_CFG008_3M_08_-_RED199_IR159_AVG1_ADC8192",
  "mode": "experimento_3m",
  "measurement_condition": "Experimento 3M: optimizacion adaptativa con BPM manual, PPG y SpO2",
  "config_label": "3M 08 - RED199 IR159 AVG1 ADC8192",
  "config_description": "Experimento 3M: sube IR porque el PI IR es muy bajo; sube RED relativo a IR para mejorar SpO2",
  "reason": "BLOQUE_COMPLETADO",
  "requested_duration_s": 50.0,
  "samples": 1944,
  "metrics": {
    "n": 1904,
    "hz": 39.88109690913741,
    "duration_s": 47.71684200000004,
    "bpm": 45.24300881405169,
    "bpm_peak": 110.1859857516828,
    "bpm_fft": 45.24300881405169,
    "bpm_autocorr": 182.132112405285,
    "spo2": 0.0,
    "ratio_r": 5.917358934992461,
    "resp_rate_rpm": 6.287088319885036,
    "resp_quality": 73.34094929331357,
    "resp_reason": "experimental: pico lento 6.3 resp/min; dominancia=1.62; banda=0.86; ciclos~5.0",
    "quality": 24.388507663545408,
    "quality_label": "dudosa",
    "artifact_ir_pct": 1.050420168067227,
    "artifact_red_pct": 27.363445378151262,
    "pi_ir_pct": 0.24024116778365687,
    "pi_red_pct": 1.421593220737645,
    "ac_ir": 309.24296438424136,
    "dc_ir": 128721.88694267516,
    "ac_red": 1035.6055947857221,
    "dc_red": 72848.23673036094,
    "saturation_pct": 0.0,
    "contact_label": "contacto útil",
    "polarity": "normal",
    "reason": "cv_intervalos=0.36 | dominancia_fft=1.05 | autocorr=0.57 | estimadores discrepantes; se usa FFT spread=64.9 | BPM por debajo del umbral de calidad | estimada no calibrada",
    "peaks_count": 33
  },
  "temperature": {
    "temp_samples": 1944,
    "temp_c_last": 32.45,
    "temp_c_mean": 30.717659465020578,
    "temp_c_min": 28.5,
    "temp_c_max": 33.51,
    "temp_raw_last": 2333.0
  },
  "bpm_blocks_10s_mean": [
    NaN,
    NaN,
    113.96992786047217,
    NaN,
    75.58508111088535
  ],
  "sensor_config": {
    "red": 199,
    "ir": 159,
    "avg": 1,
    "rate": 100,
    "width": 411,
    "adc": 8192,
    "skip": 50,
    "debug": false
  },
  "analysis_config": {
    "bpm_min": 45,
    "bpm_max": 180,
    "peak_threshold_sd": 0.55,
    "detrend_seconds": 2.0,
    "smooth_seconds": 0.07,
    "ignore_initial_seconds": 1.0,
    "min_quality_to_accept": 45.0,
    "spo2_formula": "quad",
    "spo2_custom_a": 94.845,
    "spo2_custom_b": 30.354,
    "spo2_custom_c": -45.06
  },
  "files": {
    "raw": "C:\\Users\\julia\\OneDrive\\Desktop\\tesis\\mtestv2\\resultados\\raw\\raw_BLOQUE_12CFG_184_20260603_124425_CFG008_3M_08_-_RED199_IR159_AVG1_ADC8192.csv",
    "processed": "C:\\Users\\julia\\OneDrive\\Desktop\\tesis\\mtestv2\\resultados\\processed\\proc_BLOQUE_12CFG_184_20260603_124425_CFG008_3M_08_-_RED199_IR159_AVG1_ADC8192.csv",
    "plot": "C:\\Users\\julia\\OneDrive\\Desktop\\tesis\\mtestv2\\resultados\\figures\\plot_BLOQUE_12CFG_184_20260603_124425_CFG008_3M_08_-_RED199_IR159_AVG1_ADC8192.png",
    "bpm_blocks_10s": "C:\\Users\\julia\\OneDrive\\Desktop\\tesis\\mtestv2\\resultados\\reports\\bpm_blocks_10s_BLOQUE_12CFG_184_20260603_124425_CFG008_3M_08_-_RED199_IR159_AVG1_ADC8192.csv"
  },
  "manual_reference": {
    "pulso_previo": "67",
    "pulso_final_pulsio": "70",
    "pulso_final_fonendo": "76"
  },
  "created": "2026-06-03T12:57:04.098481"
}