{
  "session_id": "BLOQUE_12CFG_184_20260603_124425_CFG011_3M_11_-_RED159_IR159_AVG2_ADC8192",
  "id": "184",
  "base_name": "BLOQUE_12CFG_184_20260603_124425_CFG011_3M_11_-_RED159_IR159_AVG2_ADC8192",
  "mode": "experimento_3m",
  "measurement_condition": "Experimento 3M: optimizacion adaptativa con BPM manual, PPG y SpO2",
  "config_label": "3M 11 - RED159 IR159 AVG2 ADC8192",
  "config_description": "Experimento 3M: sube IR porque el PI IR es muy bajo; sube RED relativo a IR para mejorar SpO2; mantiene el AVG de la mejor candidata provisional",
  "reason": "BLOQUE_COMPLETADO",
  "requested_duration_s": 50.0,
  "samples": 947,
  "metrics": {
    "n": 927,
    "hz": 19.93898026068947,
    "duration_s": 46.44169299999999,
    "bpm": 171.42857142857142,
    "bpm_peak": 150.0000000000002,
    "bpm_fft": 73.6275565123789,
    "bpm_autocorr": 171.42857142857142,
    "spo2": 99.52967921118778,
    "ratio_r": 0.4341865546564162,
    "resp_rate_rpm": 9.041980624327232,
    "resp_quality": 82.1855029370342,
    "resp_reason": "experimental: pico lento 9.0 resp/min; dominancia=1.56; banda=0.88; ciclos~7.0",
    "quality": 53.64357554105462,
    "quality_label": "aceptable",
    "artifact_ir_pct": 0.0,
    "artifact_red_pct": 1.0787486515641855,
    "pi_ir_pct": 0.06829564241265446,
    "pi_red_pct": 0.029653049677197056,
    "ac_ir": 86.19537994548496,
    "dc_ir": 126209.19417475729,
    "ac_red": 16.017852583296406,
    "dc_red": 54017.555555555555,
    "saturation_pct": 0.0,
    "contact_label": "contacto débil / baja perfusión",
    "polarity": "normal",
    "reason": "cv_intervalos=0.33 | dominancia_fft=1.18 | autocorr=0.81 | estimadores discrepantes; se usa autocorr spread=97.8 | estimada no calibrada",
    "peaks_count": 31
  },
  "temperature": {
    "temp_samples": 947,
    "temp_c_last": 33.4,
    "temp_c_mean": 33.976810982048576,
    "temp_c_min": 31.93,
    "temp_c_max": 35.51,
    "temp_raw_last": 2368.0
  },
  "bpm_blocks_10s_mean": [
    171.42857142857142,
    171.42857142857142,
    171.42857142857142,
    171.42857142857142,
    NaN
  ],
  "sensor_config": {
    "red": 159,
    "ir": 159,
    "avg": 2,
    "rate": 100,
    "width": 411,
    "adc": 8192,
    "skip": 50,
    "debug": false
  },
  "analysis_config": {
    "bpm_min": 45,
    "bpm_max": 180,
    "peak_threshold_sd": 0.55,
    "detrend_seconds": 2.0,
    "smooth_seconds": 0.07,
    "ignore_initial_seconds": 1.0,
    "min_quality_to_accept": 45.0,
    "spo2_formula": "quad",
    "spo2_custom_a": 94.845,
    "spo2_custom_b": 30.354,
    "spo2_custom_c": -45.06
  },
  "files": {
    "raw": "C:\\Users\\julia\\OneDrive\\Desktop\\tesis\\mtestv2\\resultados\\raw\\raw_BLOQUE_12CFG_184_20260603_124425_CFG011_3M_11_-_RED159_IR159_AVG2_ADC8192.csv",
    "processed": "C:\\Users\\julia\\OneDrive\\Desktop\\tesis\\mtestv2\\resultados\\processed\\proc_BLOQUE_12CFG_184_20260603_124425_CFG011_3M_11_-_RED159_IR159_AVG2_ADC8192.csv",
    "plot": "C:\\Users\\julia\\OneDrive\\Desktop\\tesis\\mtestv2\\resultados\\figures\\plot_BLOQUE_12CFG_184_20260603_124425_CFG011_3M_11_-_RED159_IR159_AVG2_ADC8192.png",
    "bpm_blocks_10s": "C:\\Users\\julia\\OneDrive\\Desktop\\tesis\\mtestv2\\resultados\\reports\\bpm_blocks_10s_BLOQUE_12CFG_184_20260603_124425_CFG011_3M_11_-_RED159_IR159_AVG2_ADC8192.csv"
  },
  "manual_reference": {
    "pulso_previo": "70",
    "pulso_final_pulsio": "74",
    "pulso_final_fonendo": "88"
  },
  "created": "2026-06-03T12:57:04.602090"
}