{
  "session_id": "BLOQUE_16CFG_184_20260605_104620_CFG005_3M_12_-_RED159_IR159_AVG2_ADC16384",
  "id": "184",
  "base_name": "BLOQUE_16CFG_184_20260605_104620_CFG005_3M_12_-_RED159_IR159_AVG2_ADC16384",
  "mode": "configurations",
  "measurement_condition": "EN LA TETA DERECHA",
  "config_label": "3M 12 - RED159_IR159_AVG2_ADC16384",
  "config_description": "Buena",
  "reason": "BLOQUE_COMPLETADO",
  "requested_duration_s": 30.0,
  "samples": 548,
  "metrics": {
    "n": 501,
    "hz": 19.671155716199838,
    "duration_s": 25.41792699999999,
    "bpm": 51.8664047151277,
    "bpm_peak": 134.99999999999994,
    "bpm_fft": 51.8664047151277,
    "bpm_autocorr": 171.42857142857142,
    "spo2": 79.03583401064026,
    "ratio_r": 1.0182081280410267,
    "resp_rate_rpm": 9.430255402750491,
    "resp_quality": 65.03499513612303,
    "resp_reason": "experimental: pico lento 9.4 resp/min; dominancia=1.94; banda=0.93; ciclos~4.0",
    "quality": 16.45752062056552,
    "quality_label": "dudosa",
    "artifact_ir_pct": 1.3779527559055118,
    "artifact_red_pct": 0.0,
    "pi_ir_pct": 0.016817946445020084,
    "pi_red_pct": 0.01712416976727814,
    "ac_ir": 9.36900202935147,
    "dc_ir": 55708.35928143712,
    "ac_red": 4.982119965883528,
    "dc_red": 29094.081836327347,
    "saturation_pct": 0.0,
    "contact_label": "contacto débil / baja perfusión",
    "polarity": "normal",
    "reason": "primeros 1.0 s ignorados; cribado robusto descarta 1.4 % | cv_intervalos=0.38 | dominancia_fft=1.13 | autocorr=0.38 | estimadores discrepantes; se usa FFT spread=119.6 | BPM por debajo del umbral de calidad | estimada no calibrada",
    "peaks_count": 23
  },
  "temperature": {
    "temp_samples": 548,
    "temp_c_last": 31.99,
    "temp_c_mean": 31.912883211678835,
    "temp_c_min": 30.57,
    "temp_c_max": 33.89,
    "temp_raw_last": 2316.0
  },
  "bpm_blocks_10s_mean": [
    NaN,
    NaN,
    NaN
  ],
  "sensor_config": {
    "red": 159,
    "ir": 159,
    "avg": 2,
    "rate": 100,
    "width": 411,
    "adc": 16384,
    "skip": 50,
    "debug": false
  },
  "analysis_config": {
    "bpm_min": 45,
    "bpm_max": 180,
    "peak_threshold_sd": 0.55,
    "detrend_seconds": 2.0,
    "smooth_seconds": 0.07,
    "ignore_initial_seconds": 1.0,
    "min_quality_to_accept": 45.0,
    "spo2_formula": "quad",
    "spo2_custom_a": 94.845,
    "spo2_custom_b": 30.354,
    "spo2_custom_c": -45.06
  },
  "files": {
    "raw": "C:\\Users\\julia\\OneDrive\\Desktop\\tesis\\mtestv2\\resultados\\raw\\raw_BLOQUE_16CFG_184_20260605_104620_CFG005_3M_12_-_RED159_IR159_AVG2_ADC16384.csv",
    "processed": "C:\\Users\\julia\\OneDrive\\Desktop\\tesis\\mtestv2\\resultados\\processed\\proc_BLOQUE_16CFG_184_20260605_104620_CFG005_3M_12_-_RED159_IR159_AVG2_ADC16384.csv",
    "plot": "C:\\Users\\julia\\OneDrive\\Desktop\\tesis\\mtestv2\\resultados\\figures\\plot_BLOQUE_16CFG_184_20260605_104620_CFG005_3M_12_-_RED159_IR159_AVG2_ADC16384.png",
    "bpm_blocks_10s": "C:\\Users\\julia\\OneDrive\\Desktop\\tesis\\mtestv2\\resultados\\reports\\bpm_blocks_10s_BLOQUE_16CFG_184_20260605_104620_CFG005_3M_12_-_RED159_IR159_AVG2_ADC16384.csv"
  },
  "manual_reference": {
    "pulso_previo": "73",
    "pulso_final_pulsio": "72",
    "pulso_final_fonendo": "84"
  },
  "created": "2026-06-05T11:00:39.883779"
}