{
  "session_id": "BLOQUE_5CFG_5384_left_20260608_134437_CFG004_CONFIG_04_-_B1F_AVG1_ADC16384",
  "id": "5384_left",
  "base_name": "BLOQUE_5CFG_5384_left_20260608_134437_CFG004_CONFIG_04_-_B1F_AVG1_ADC16384",
  "mode": "configurations",
  "measurement_condition": "toma con tabla personalizada de configuraciones",
  "config_label": "CONFIG 04 - B1F_AVG1_ADC16384",
  "config_description": "Brillo bajo, sinpromedio",
  "reason": "BLOQUE_COMPLETADO",
  "requested_duration_s": 48.0,
  "samples": 1865,
  "metrics": {
    "n": 1785,
    "hz": 39.876785204210606,
    "duration_s": 44.737809,
    "bpm": 116.78201381233092,
    "bpm_peak": 116.78201381233092,
    "bpm_fft": 103.26835630238396,
    "bpm_autocorr": 184.04670094251048,
    "spo2": 99.64379975316923,
    "ratio_r": 0.42017273655810244,
    "resp_rate_rpm": 8.046884906679269,
    "resp_quality": 83.42631113124418,
    "resp_reason": "experimental: pico lento 8.0 resp/min; dominancia=1.80; banda=1.00; ciclos~6.0",
    "quality": 28.37632884817364,
    "quality_label": "dudosa",
    "artifact_ir_pct": 0.0,
    "artifact_red_pct": 0.0,
    "pi_ir_pct": 0.09008122852850393,
    "pi_red_pct": 0.037849676303337305,
    "ac_ir": 12.886242877247648,
    "dc_ir": 14305.13669467787,
    "ac_red": 2.707385861676686,
    "dc_red": 7152.996078431373,
    "saturation_pct": 0.0,
    "contact_label": "contacto débil / baja perfusión",
    "polarity": "normal",
    "reason": "primeros 1.0 s ignorados; cribado robusto descarta 0.0 % | cv_intervalos=0.23 | dominancia_fft=1.33 | autocorr=0.75 | estimadores discrepantes; se usa picos spread=13.5 | BPM por debajo del umbral de calidad | estimada no calibrada",
    "peaks_count": 40
  },
  "temperature": {
    "temp_samples": 1865,
    "temp_c_last": 32.88,
    "temp_c_mean": 33.27608579088472,
    "temp_c_min": 30.41,
    "temp_c_max": 35.93,
    "temp_raw_last": 2349.0
  },
  "bpm_blocks_10s_mean": [
    NaN,
    NaN,
    NaN,
    NaN,
    107.7122985786655
  ],
  "sensor_config": {
    "red": 31,
    "ir": 31,
    "avg": 1,
    "rate": 100,
    "width": 411,
    "adc": 16384,
    "skip": 50,
    "debug": false
  },
  "analysis_config": {
    "bpm_min": 45,
    "bpm_max": 180,
    "peak_threshold_sd": 0.55,
    "detrend_seconds": 2.0,
    "smooth_seconds": 0.07,
    "ignore_initial_seconds": 1.0,
    "min_quality_to_accept": 45.0,
    "spo2_formula": "quad",
    "spo2_custom_a": 94.845,
    "spo2_custom_b": 30.354,
    "spo2_custom_c": -45.06
  },
  "files": {
    "raw": "C:\\Users\\julia\\OneDrive\\Desktop\\tesis\\mtestv2\\resultados\\raw\\raw_BLOQUE_5CFG_5384_left_20260608_134437_CFG004_CONFIG_04_-_B1F_AVG1_ADC16384.csv",
    "processed": "C:\\Users\\julia\\OneDrive\\Desktop\\tesis\\mtestv2\\resultados\\processed\\proc_BLOQUE_5CFG_5384_left_20260608_134437_CFG004_CONFIG_04_-_B1F_AVG1_ADC16384.csv",
    "plot": "C:\\Users\\julia\\OneDrive\\Desktop\\tesis\\mtestv2\\resultados\\figures\\plot_BLOQUE_5CFG_5384_left_20260608_134437_CFG004_CONFIG_04_-_B1F_AVG1_ADC16384.png",
    "bpm_blocks_10s": "C:\\Users\\julia\\OneDrive\\Desktop\\tesis\\mtestv2\\resultados\\reports\\bpm_blocks_10s_BLOQUE_5CFG_5384_left_20260608_134437_CFG004_CONFIG_04_-_B1F_AVG1_ADC16384.csv"
  },
  "manual_reference": {
    "pulso_previo": "97",
    "pulso_final_pulsio": "105",
    "pulso_final_fonendo": ""
  },
  "created": "2026-06-08T13:49:12.813942"
}