{
  "session_id": "SIN_CROTAL_20260608_201719",
  "id": "SIN_CROTAL",
  "base_name": "SIN_CROTAL_20260608_201719",
  "mode": "normal",
  "measurement_condition": "",
  "config_label": "manual",
  "reason": "DURACION_COMPLETADA_PYTHON",
  "requested_duration_s": 90.0,
  "samples": 13862,
  "metrics": {
    "n": 9820,
    "hz": 153.3307390419819,
    "duration_s": 64.03804000000001,
    "bpm": 51.95271462247026,
    "bpm_peak": 53.31001097475114,
    "bpm_fft": 50.254307736441284,
    "bpm_autocorr": 50.396895620939375,
    "spo2": 97.99937975156854,
    "ratio_r": 0.5452452396096207,
    "resp_rate_rpm": 8.697331836414941,
    "resp_quality": 80.18578550478449,
    "resp_reason": "experimental: pico lento 8.7 resp/min; dominancia=1.09; banda=0.80; ciclos~9.0",
    "quality": 29.09616758141503,
    "quality_label": "dudosa",
    "artifact_ir_pct": 26.645252857249567,
    "artifact_red_pct": 0.34623217922606925,
    "pi_ir_pct": 0.06968867798095608,
    "pi_red_pct": 0.0379974199238041,
    "ac_ir": 19.46698616303505,
    "dc_ir": 27934.21647108131,
    "ac_red": 9.353624723256898,
    "dc_red": 24616.473281642917,
    "saturation_pct": 0.0,
    "contact_label": "contacto débil / baja perfusión",
    "polarity": "normal",
    "reason": "cribado robusto descarta 26.6 % | cv_intervalos=0.12 | dominancia_fft=1.24 | autocorr=0.22 | estimadores coherentes spread=3.1 | BPM por debajo del umbral de calidad | estimada no calibrada",
    "peaks_count": 45
  },
  "temperature": {
    "temp_samples": 13862,
    "temp_c_last": 3.56,
    "temp_c_mean": 10.144984129274276,
    "temp_c_min": -5.29,
    "temp_c_max": 16.8,
    "temp_raw_last": 1190.0
  },
  "bpm_blocks_2s_orientative": [
    NaN,
    NaN,
    49.98781311014588,
    54.29956845669623,
    57.71654570316456,
    58.73962653443336,
    60.59193835432548,
    52.137436814327316,
    49.184537766845715,
    50.051202174321304,
    NaN,
    NaN,
    NaN,
    63.24651943903624,
    52.574707778232074,
    NaN,
    NaN,
    NaN,
    NaN,
    48.96617314857933,
    49.69288418146352,
    51.86334076850932,
    49.46535535194643,
    50.35429875511819,
    49.72089130370261,
    52.53118517308732,
    50.572335094494676,
    51.34247653425988,
    NaN,
    NaN,
    NaN,
    NaN,
    NaN,
    52.651822833279496,
    51.55682434469114,
    51.714130884123925,
    51.91447929943427,
    51.79717946665096,
    51.73352653877703,
    55.11482402162605,
    51.600794503112276,
    51.09628922740627,
    51.113293926936656,
    NaN,
    NaN
  ],
  "bpm_blocks_10s_mean": [
    54.01990243167306,
    NaN,
    NaN,
    NaN,
    50.128709141474204,
    49.9289025915535,
    53.035951914293136,
    52.699122110043355,
    52.107427948529036
  ],
  "sensor_config": {
    "red": 31,
    "ir": 31,
    "avg": 1,
    "rate": 400,
    "width": 411,
    "adc": 16384,
    "skip": 50,
    "debug": false
  },
  "analysis_config": {
    "bpm_min": 45,
    "bpm_max": 100,
    "peak_threshold_sd": 0.55,
    "detrend_seconds": 2.0,
    "smooth_seconds": 0.07,
    "ignore_initial_seconds": 3.0,
    "min_quality_to_accept": 45.0,
    "spo2_formula": "quad",
    "spo2_custom_a": 94.845,
    "spo2_custom_b": 30.354,
    "spo2_custom_c": -45.06
  },
  "config_confirmation": {
    "status": "confirmada",
    "command": "CONFIG RED=31 IR=31 AVG=1 RATE=400 WIDTH=411 ADC=16384 SKIP=50 DEBUG=0",
    "arduino_cfg_line": "CFG RED=31 IR=31 AVG=1 RATE=400 WIDTH=411 ADC=16384 SKIP=50 DEBUG=0"
  },
  "manual_reference": {
    "pulso_previo": "",
    "pulso_final_pulsio": "",
    "pulso_final_fonendo": ""
  },
  "files": {
    "raw": "C:\\Users\\julia\\OneDrive\\Desktop\\tesis\\mtestv2\\resultados\\raw\\raw_SIN_CROTAL_20260608_201719.csv",
    "processed": "C:\\Users\\julia\\OneDrive\\Desktop\\tesis\\mtestv2\\resultados\\processed\\proc_SIN_CROTAL_20260608_201719.csv",
    "plot": "C:\\Users\\julia\\OneDrive\\Desktop\\tesis\\mtestv2\\resultados\\figures\\plot_SIN_CROTAL_20260608_201719.png",
    "screenshot": "C:\\Users\\julia\\OneDrive\\Desktop\\tesis\\mtestv2\\resultados\\screenshots\\screen_SIN_CROTAL_20260608_201719.png",
    "config": "C:\\Users\\julia\\OneDrive\\Desktop\\tesis\\mtestv2\\resultados\\configs\\config_SIN_CROTAL_20260608_201719_20260608_201719.json",
    "bpm_blocks_10s": "C:\\Users\\julia\\OneDrive\\Desktop\\tesis\\mtestv2\\resultados\\reports\\bpm_blocks_10s_SIN_CROTAL_20260608_201719.csv"
  },
  "created": "2026-06-08T20:18:54.453127"
}