{
  "session_id": "BLOQUE_12CFG_184_20260609_133934_CFG012_CONFIG_03_-_B3F_AVG4_ADC16384",
  "id": "184",
  "base_name": "BLOQUE_12CFG_184_20260609_133934_CFG012_CONFIG_03_-_B3F_AVG4_ADC16384",
  "mode": "configurations",
  "measurement_condition": "RIGHT",
  "config_label": "CONFIG 03 - B3F_AVG4_ADC16384",
  "config_description": "X+",
  "reason": "BLOQUE_COMPLETADO",
  "requested_duration_s": 60.0,
  "samples": 2335,
  "metrics": {
    "n": 2234,
    "hz": 39.38025113736703,
    "duration_s": 56.703549000000066,
    "bpm": 117.02971184396232,
    "bpm_peak": 117.02971184396232,
    "bpm_fft": 74.03596772776643,
    "bpm_autocorr": 180.04571052917268,
    "spo2": 99.57886896705902,
    "ratio_r": 0.42840943069013876,
    "resp_rate_rpm": 9.523213441190416,
    "resp_quality": 84.40915461871461,
    "resp_reason": "experimental: pico lento 9.5 resp/min; dominancia=1.04; banda=0.93; ciclos~9.0",
    "quality": 28.953851081032752,
    "quality_label": "dudosa",
    "artifact_ir_pct": 0.9312638580931265,
    "artifact_red_pct": 0.6266786034019696,
    "pi_ir_pct": 0.11153713615874988,
    "pi_red_pct": 0.04778356100257853,
    "ac_ir": 32.489825770691915,
    "dc_ir": 29129.155445097153,
    "ac_red": 5.851850396976938,
    "dc_red": 12246.57659286037,
    "saturation_pct": 0.0,
    "contact_label": "contacto débil / baja perfusión",
    "polarity": "normal",
    "reason": "primeros 1.0 s ignorados; cribado robusto descarta 0.9 % | cv_intervalos=0.21 | dominancia_fft=1.06 | autocorr=0.79 | estimadores discrepantes; se usa picos spread=43.0 | BPM por debajo del umbral de calidad | estimada no calibrada",
    "peaks_count": 41
  },
  "temperature": {
    "temp_samples": 2335,
    "temp_c_last": 34.34,
    "temp_c_mean": 33.91513490364026,
    "temp_c_min": 31.74,
    "temp_c_max": 35.45,
    "temp_raw_last": 2402.0
  },
  "bpm_blocks_10s_mean": [
    NaN,
    NaN,
    NaN,
    NaN,
    NaN,
    NaN
  ],
  "sensor_config": {
    "red": 63,
    "ir": 63,
    "avg": 4,
    "rate": 800,
    "width": 411,
    "adc": 16384,
    "skip": 50,
    "debug": false
  },
  "analysis_config": {
    "bpm_min": 45,
    "bpm_max": 180,
    "peak_threshold_sd": 0.55,
    "detrend_seconds": 2.0,
    "smooth_seconds": 0.07,
    "ignore_initial_seconds": 1.0,
    "min_quality_to_accept": 45.0,
    "spo2_formula": "quad",
    "spo2_custom_a": 94.845,
    "spo2_custom_b": 30.354,
    "spo2_custom_c": -45.06
  },
  "files": {
    "raw": "C:\\Users\\julia\\OneDrive\\Desktop\\tesis\\mtestv2\\resultados\\raw\\raw_BLOQUE_12CFG_184_20260609_133934_CFG012_CONFIG_03_-_B3F_AVG4_ADC16384.csv",
    "processed": "C:\\Users\\julia\\OneDrive\\Desktop\\tesis\\mtestv2\\resultados\\processed\\proc_BLOQUE_12CFG_184_20260609_133934_CFG012_CONFIG_03_-_B3F_AVG4_ADC16384.csv",
    "plot": "C:\\Users\\julia\\OneDrive\\Desktop\\tesis\\mtestv2\\resultados\\figures\\plot_BLOQUE_12CFG_184_20260609_133934_CFG012_CONFIG_03_-_B3F_AVG4_ADC16384.png",
    "bpm_blocks_10s": "C:\\Users\\julia\\OneDrive\\Desktop\\tesis\\mtestv2\\resultados\\reports\\bpm_blocks_10s_BLOQUE_12CFG_184_20260609_133934_CFG012_CONFIG_03_-_B3F_AVG4_ADC16384.csv"
  },
  "manual_reference": {
    "pulso_previo": "77",
    "pulso_final_pulsio": "80",
    "pulso_final_fonendo": ""
  },
  "created": "2026-06-09T13:52:37.177230"
}