{
  "session_id": "LONG_SIN_CROTAL_20260609_111918",
  "id": "SIN_CROTAL",
  "base_name": "LONG_SIN_CROTAL_20260609_111918",
  "mode": "long",
  "measurement_condition": "",
  "config_label": "larga_manual",
  "reason": "STOP_LONG_MANUAL",
  "requested_duration_s": null,
  "samples": 3028,
  "metrics": {
    "n": 2850,
    "hz": 38.9659985896743,
    "duration_s": 73.115026,
    "bpm": 72.42013426898043,
    "bpm_peak": 72.42013426898043,
    "bpm_fft": 68.90807820000694,
    "bpm_autocorr": 178.2649458928751,
    "spo2": 98.77192952810948,
    "ratio_r": 0.49898162250047867,
    "resp_rate_rpm": 9.8474970110795,
    "resp_quality": 79.97746341192823,
    "resp_reason": "experimental: pico lento 9.8 resp/min; dominancia=1.09; banda=0.79; ciclos~12.0",
    "quality": 24.51752510400455,
    "quality_label": "dudosa",
    "artifact_ir_pct": 1.994497936726272,
    "artifact_red_pct": 0.8771929824561403,
    "pi_ir_pct": 0.08606290790569418,
    "pi_red_pct": 0.04294380942389256,
    "ac_ir": 36.846254422734496,
    "dc_ir": 42813.16460176991,
    "ac_red": 20.849390186443138,
    "dc_red": 48550.397522123894,
    "saturation_pct": 0.0,
    "contact_label": "contacto débil / baja perfusión",
    "polarity": "invertida",
    "reason": "cribado robusto descarta 2.0 % | cv_intervalos=0.23 | dominancia_fft=1.53 | autocorr=0.53 | estimadores discrepantes; se usa picos spread=109.4 | BPM por debajo del umbral de calidad | estimada no calibrada",
    "peaks_count": 68
  },
  "temperature": {
    "temp_samples": 3028,
    "temp_c_last": 32.23,
    "temp_c_mean": 31.904626816380446,
    "temp_c_min": 30.78,
    "temp_c_max": 33.4,
    "temp_raw_last": 2325.0
  },
  "bpm_blocks_2s_orientative": [
    NaN,
    NaN,
    69.92364513223909,
    NaN,
    NaN,
    NaN,
    NaN,
    71.26857705135113,
    NaN,
    NaN,
    NaN,
    NaN,
    73.24893413092325,
    NaN,
    69.93086701876089,
    67.41208480220436,
    69.98981750565815,
    70.79939219171936,
    NaN,
    NaN,
    NaN,
    NaN,
    69.11772828682385,
    NaN,
    71.03904374707312,
    NaN,
    NaN,
    NaN,
    61.26864854055496,
    NaN,
    73.55663016602534,
    72.29752840811314,
    73.85597581225548,
    73.83504036849203,
    72.33402157965531,
    NaN,
    NaN,
    NaN,
    NaN
  ],
  "bpm_blocks_10s_mean": [
    NaN,
    NaN,
    NaN,
    72.88085463854958,
    NaN,
    NaN,
    73.1637996597592,
    NaN
  ],
  "sensor_config": {
    "red": 63,
    "ir": 63,
    "avg": 4,
    "rate": 800,
    "width": 411,
    "adc": 16384,
    "skip": 50,
    "debug": false
  },
  "analysis_config": {
    "bpm_min": 45,
    "bpm_max": 180,
    "peak_threshold_sd": 0.55,
    "detrend_seconds": 2.0,
    "smooth_seconds": 0.07,
    "ignore_initial_seconds": 3.0,
    "min_quality_to_accept": 50.0,
    "spo2_formula": "quad",
    "spo2_custom_a": 94.845,
    "spo2_custom_b": 30.354,
    "spo2_custom_c": -45.06
  },
  "config_confirmation": {
    "status": "confirmada",
    "command": "CONFIG RED=63 IR=63 AVG=4 RATE=800 WIDTH=411 ADC=16384 SKIP=50 DEBUG=0",
    "arduino_cfg_line": "CFG RED=63 IR=63 AVG=4 RATE=800 WIDTH=411 ADC=16384 SKIP=50 DEBUG=0"
  },
  "manual_reference": {
    "pulso_previo": "68",
    "pulso_final_pulsio": "70",
    "pulso_final_fonendo": ""
  },
  "files": {
    "raw": "C:\\Users\\julia\\OneDrive\\Desktop\\tesis\\mtestv2\\resultados\\raw\\raw_LONG_SIN_CROTAL_20260609_111918.csv",
    "processed": "C:\\Users\\julia\\OneDrive\\Desktop\\tesis\\mtestv2\\resultados\\processed\\proc_LONG_SIN_CROTAL_20260609_111918.csv",
    "plot": "C:\\Users\\julia\\OneDrive\\Desktop\\tesis\\mtestv2\\resultados\\figures\\plot_LONG_SIN_CROTAL_20260609_111918.png",
    "screenshot": "C:\\Users\\julia\\OneDrive\\Desktop\\tesis\\mtestv2\\resultados\\screenshots\\screen_LONG_SIN_CROTAL_20260609_111918.png",
    "config": "C:\\Users\\julia\\OneDrive\\Desktop\\tesis\\mtestv2\\resultados\\configs\\config_LONG_SIN_CROTAL_20260609_111918_20260609_111922.json",
    "bpm_blocks_10s": "C:\\Users\\julia\\OneDrive\\Desktop\\tesis\\mtestv2\\resultados\\reports\\bpm_blocks_10s_LONG_SIN_CROTAL_20260609_111918.csv"
  },
  "created": "2026-06-09T11:20:47.185482"
}