{
  "session_id": "BLOQUE_12CFG_184_20260609_140202_CFG009_CONFIG_03_-_B3F_AVG4_ADC16384",
  "id": "184",
  "base_name": "BLOQUE_12CFG_184_20260609_140202_CFG009_CONFIG_03_-_B3F_AVG4_ADC16384",
  "mode": "configurations",
  "measurement_condition": "LEFT",
  "config_label": "CONFIG 03 - B3F_AVG4_ADC16384",
  "config_description": "Brillo alto, sin promediado, rango ADC 8192",
  "reason": "STOP_BLOQUE_MANUAL",
  "requested_duration_s": 60.0,
  "samples": 2335,
  "metrics": {
    "n": 2246,
    "hz": 39.5896725304527,
    "duration_s": 56.706707999999935,
    "bpm": 68.7749322355303,
    "bpm_peak": 118.76901759135829,
    "bpm_fft": 68.7749322355303,
    "bpm_autocorr": 182.7215655251663,
    "spo2": 96.98760935014228,
    "ratio_r": 0.5935196197127913,
    "resp_rate_rpm": 9.522682924919579,
    "resp_quality": 87.39538807391617,
    "resp_reason": "experimental: pico lento 9.5 resp/min; dominancia=1.13; banda=1.00; ciclos~9.0",
    "quality": 20.00454890621778,
    "quality_label": "dudosa",
    "artifact_ir_pct": 0.3991130820399113,
    "artifact_red_pct": 0.0,
    "pi_ir_pct": 0.039786594460021134,
    "pi_red_pct": 0.02361412441357879,
    "ac_ir": 9.952430071298211,
    "dc_ir": 25014.531166518256,
    "ac_red": 1.5394158100717954,
    "dc_red": 6519.046749777382,
    "saturation_pct": 0.0,
    "contact_label": "contacto débil / baja perfusión",
    "polarity": "normal",
    "reason": "primeros 1.0 s ignorados; cribado robusto descarta 0.4 % | cv_intervalos=0.28 | dominancia_fft=1.25 | autocorr=0.78 | estimadores discrepantes; se usa FFT spread=50.0 | BPM por debajo del umbral de calidad | estimada no calibrada",
    "peaks_count": 49
  },
  "temperature": {
    "temp_samples": 2335,
    "temp_c_last": 35.28,
    "temp_c_mean": 35.06717773019272,
    "temp_c_min": 32.66,
    "temp_c_max": 36.5,
    "temp_raw_last": 2436.0
  },
  "bpm_blocks_10s_mean": [
    NaN,
    NaN,
    NaN,
    NaN,
    NaN,
    NaN
  ],
  "sensor_config": {
    "red": 63,
    "ir": 63,
    "avg": 4,
    "rate": 800,
    "width": 411,
    "adc": 16384,
    "skip": 50,
    "debug": false
  },
  "analysis_config": {
    "bpm_min": 45,
    "bpm_max": 180,
    "peak_threshold_sd": 0.55,
    "detrend_seconds": 2.0,
    "smooth_seconds": 0.07,
    "ignore_initial_seconds": 1.0,
    "min_quality_to_accept": 45.0,
    "spo2_formula": "quad",
    "spo2_custom_a": 94.845,
    "spo2_custom_b": 30.354,
    "spo2_custom_c": -45.06
  },
  "files": {
    "raw": "C:\\Users\\julia\\OneDrive\\Desktop\\tesis\\mtestv2\\resultados\\raw\\raw_BLOQUE_12CFG_184_20260609_140202_CFG009_CONFIG_03_-_B3F_AVG4_ADC16384.csv",
    "processed": "C:\\Users\\julia\\OneDrive\\Desktop\\tesis\\mtestv2\\resultados\\processed\\proc_BLOQUE_12CFG_184_20260609_140202_CFG009_CONFIG_03_-_B3F_AVG4_ADC16384.csv",
    "plot": "C:\\Users\\julia\\OneDrive\\Desktop\\tesis\\mtestv2\\resultados\\figures\\plot_BLOQUE_12CFG_184_20260609_140202_CFG009_CONFIG_03_-_B3F_AVG4_ADC16384.png",
    "bpm_blocks_10s": "C:\\Users\\julia\\OneDrive\\Desktop\\tesis\\mtestv2\\resultados\\reports\\bpm_blocks_10s_BLOQUE_12CFG_184_20260609_140202_CFG009_CONFIG_03_-_B3F_AVG4_ADC16384.csv"
  },
  "manual_reference": {
    "pulso_previo": "73",
    "pulso_final_pulsio": "66",
    "pulso_final_fonendo": ""
  },
  "created": "2026-06-09T14:12:22.926279"
}