{
  "session_id": "BLOQUE_12CFG_marco_no_oveja_20260603_102305_CFG010_3M_10_-_RED199_IR159_AVG2_ADC8192",
  "id": "marco_no_oveja",
  "base_name": "BLOQUE_12CFG_marco_no_oveja_20260603_102305_CFG010_3M_10_-_RED199_IR159_AVG2_ADC8192",
  "mode": "experimento_3m",
  "measurement_condition": "Experimento 3M: optimizacion adaptativa con BPM manual, PPG y SpO2",
  "config_label": "3M 10 - RED199 IR159 AVG2 ADC8192",
  "config_description": "Experimento 3M: sube IR porque el PI IR es bajo; sube RED relativo a IR para mejorar SpO2; mantiene el AVG de la mejor candidata provisional",
  "reason": "BLOQUE_COMPLETADO",
  "requested_duration_s": 100.0,
  "samples": 1944,
  "metrics": {
    "n": 1924,
    "hz": 19.940501814808595,
    "duration_s": 96.43689100000006,
    "bpm": 80.21572850999729,
    "bpm_peak": 80.0,
    "bpm_fft": 80.87091757387248,
    "bpm_autocorr": 80.0,
    "spo2": 94.84500000001415,
    "ratio_r": 4.664193728393541e-13,
    "resp_rate_rpm": 6.2208398133748055,
    "resp_quality": 78.38375048732775,
    "resp_reason": "experimental: pico lento 6.2 resp/min; dominancia=1.26; banda=0.71; ciclos~10.0",
    "quality": 40.87153409327166,
    "quality_label": "dudosa",
    "artifact_ir_pct": 0.0,
    "artifact_red_pct": 0.0,
    "pi_ir_pct": 0.09521279127386821,
    "pi_red_pct": 4.440909039224195e-14,
    "ac_ir": 220.99048548883854,
    "dc_ir": 232101.67723492722,
    "ac_red": 1.1641532182693481e-10,
    "dc_red": 262143.0,
    "saturation_pct": 50.0,
    "contact_label": "contacto débil / baja perfusión",
    "polarity": "invertida",
    "reason": "cv_intervalos=0.18 | dominancia_fft=1.11 | autocorr=0.51 | estimadores coherentes spread=0.9 | BPM por debajo del umbral de calidad | estimada no calibrada",
    "peaks_count": 150
  },
  "temperature": {
    "temp_samples": 1944,
    "temp_c_last": 30.76,
    "temp_c_mean": 31.221033950617286,
    "temp_c_min": 28.78,
    "temp_c_max": 33.59,
    "temp_raw_last": 2270.0
  },
  "bpm_blocks_10s_mean": [
    84.53785228570905,
    78.08375142518152,
    80.11404596976794,
    82.33752394557384,
    NaN,
    79.08596854110878,
    84.0333611707857,
    92.30769230769229,
    78.38871083897756,
    NaN
  ],
  "sensor_config": {
    "red": 199,
    "ir": 159,
    "avg": 2,
    "rate": 100,
    "width": 411,
    "adc": 8192,
    "skip": 50,
    "debug": false
  },
  "analysis_config": {
    "bpm_min": 45,
    "bpm_max": 180,
    "peak_threshold_sd": 0.55,
    "detrend_seconds": 2.0,
    "smooth_seconds": 0.07,
    "ignore_initial_seconds": 1.0,
    "min_quality_to_accept": 45.0,
    "spo2_formula": "quad",
    "spo2_custom_a": 94.845,
    "spo2_custom_b": 30.354,
    "spo2_custom_c": -45.06
  },
  "files": {
    "raw": "C:\\Users\\julia\\OneDrive\\Desktop\\tesis\\mtestv2\\resultados\\raw\\raw_BLOQUE_12CFG_marco_no_oveja_20260603_102305_CFG010_3M_10_-_RED199_IR159_AVG2_ADC8192.csv",
    "processed": "C:\\Users\\julia\\OneDrive\\Desktop\\tesis\\mtestv2\\resultados\\processed\\proc_BLOQUE_12CFG_marco_no_oveja_20260603_102305_CFG010_3M_10_-_RED199_IR159_AVG2_ADC8192.csv",
    "plot": "C:\\Users\\julia\\OneDrive\\Desktop\\tesis\\mtestv2\\resultados\\figures\\plot_BLOQUE_12CFG_marco_no_oveja_20260603_102305_CFG010_3M_10_-_RED199_IR159_AVG2_ADC8192.png",
    "bpm_blocks_10s": "C:\\Users\\julia\\OneDrive\\Desktop\\tesis\\mtestv2\\resultados\\reports\\bpm_blocks_10s_BLOQUE_12CFG_marco_no_oveja_20260603_102305_CFG010_3M_10_-_RED199_IR159_AVG2_ADC8192.csv"
  },
  "manual_reference": {
    "pulso_previo": "80",
    "pulso_final_pulsio": "78",
    "pulso_final_fonendo": ""
  },
  "created": "2026-06-03T10:46:47.291077"
}