{
  "session_id": "BLOQUE_12CFG_584_20260609_141436_CFG005_CONFIG_02_-_B5F_AVG4_ADC16384",
  "id": "584",
  "base_name": "BLOQUE_12CFG_584_20260609_141436_CFG005_CONFIG_02_-_B5F_AVG4_ADC16384",
  "mode": "configurations",
  "measurement_condition": "LEFT",
  "config_label": "CONFIG 02 - B5F_AVG4_ADC16384",
  "config_description": "Brillo medio, sin promediado, rango ADC 8192",
  "reason": "BLOQUE_COMPLETADO",
  "requested_duration_s": 60.0,
  "samples": 2336,
  "metrics": {
    "n": 1533,
    "hz": 27.009275447096513,
    "duration_s": 56.721254999999985,
    "bpm": 50.11673288947209,
    "bpm_peak": NaN,
    "bpm_fft": 50.11673288947209,
    "bpm_autocorr": 187.51883947398218,
    "spo2": 88.19953763526922,
    "ratio_r": 0.8476271114402679,
    "resp_rate_rpm": 8.529244878030477,
    "resp_quality": 82.81480121290278,
    "resp_reason": "experimental: pico lento 8.5 resp/min; dominancia=1.32; banda=0.83; ciclos~8.0",
    "quality": 5.499040003349755,
    "quality_label": "dudosa",
    "artifact_ir_pct": 32.047872340425535,
    "artifact_red_pct": 17.35159817351598,
    "pi_ir_pct": 0.20510036791766603,
    "pi_red_pct": 0.17384863241338744,
    "ac_ir": 74.14764028756473,
    "dc_ir": 36151.880681818184,
    "ac_red": 20.93855083198599,
    "dc_red": 12044.127435064935,
    "saturation_pct": 0.0,
    "contact_label": "contacto útil",
    "polarity": "normal",
    "reason": "primeros 1.0 s ignorados; cribado robusto descarta 32.0 % | intervalos fuera de rango | dominancia_fft=1.13 | autocorr=0.80 | solo FFT | BPM por debajo del umbral de calidad | estimada no calibrada",
    "peaks_count": 7
  },
  "temperature": {
    "temp_samples": 2336,
    "temp_c_last": 34.06,
    "temp_c_mean": 33.53371147260274,
    "temp_c_min": 30.76,
    "temp_c_max": 36.05,
    "temp_raw_last": 2392.0
  },
  "bpm_blocks_10s_mean": [
    NaN,
    NaN,
    NaN,
    52.057227633494904,
    NaN,
    NaN
  ],
  "sensor_config": {
    "red": 95,
    "ir": 95,
    "avg": 4,
    "rate": 800,
    "width": 411,
    "adc": 16384,
    "skip": 50,
    "debug": false
  },
  "analysis_config": {
    "bpm_min": 45,
    "bpm_max": 180,
    "peak_threshold_sd": 0.55,
    "detrend_seconds": 2.0,
    "smooth_seconds": 0.07,
    "ignore_initial_seconds": 1.0,
    "min_quality_to_accept": 45.0,
    "spo2_formula": "quad",
    "spo2_custom_a": 94.845,
    "spo2_custom_b": 30.354,
    "spo2_custom_c": -45.06
  },
  "files": {
    "raw": "C:\\Users\\julia\\OneDrive\\Desktop\\tesis\\mtestv2\\resultados\\raw\\raw_BLOQUE_12CFG_584_20260609_141436_CFG005_CONFIG_02_-_B5F_AVG4_ADC16384.csv",
    "processed": "C:\\Users\\julia\\OneDrive\\Desktop\\tesis\\mtestv2\\resultados\\processed\\proc_BLOQUE_12CFG_584_20260609_141436_CFG005_CONFIG_02_-_B5F_AVG4_ADC16384.csv",
    "plot": "C:\\Users\\julia\\OneDrive\\Desktop\\tesis\\mtestv2\\resultados\\figures\\plot_BLOQUE_12CFG_584_20260609_141436_CFG005_CONFIG_02_-_B5F_AVG4_ADC16384.png",
    "bpm_blocks_10s": "C:\\Users\\julia\\OneDrive\\Desktop\\tesis\\mtestv2\\resultados\\reports\\bpm_blocks_10s_BLOQUE_12CFG_584_20260609_141436_CFG005_CONFIG_02_-_B5F_AVG4_ADC16384.csv"
  },
  "manual_reference": {
    "pulso_previo": "98",
    "pulso_final_pulsio": "103",
    "pulso_final_fonendo": ""
  },
  "created": "2026-06-09T14:29:25.004945"
}