{
  "session_id": "BLOQUE_16CFG_184_ConVacio_20260602_130526_CFG013_CONFIG_13-B5F_AVG1_ADC8192",
  "id": "184_ConVacio",
  "base_name": "BLOQUE_16CFG_184_ConVacio_20260602_130526_CFG013_CONFIG_13-B5F_AVG1_ADC8192",
  "mode": "configurations",
  "measurement_condition": "toma con tabla personalizada de configuraciones",
  "config_label": "CONFIG 13-B5F_AVG1_ADC8192",
  "config_description": "Configuracion personalizada 13",
  "reason": "BLOQUE_COMPLETADO",
  "requested_duration_s": 30.0,
  "samples": 1148,
  "metrics": {
    "n": 1146,
    "hz": 39.89405532584248,
    "duration_s": 28.701017999999976,
    "bpm": 77.28138208546258,
    "bpm_peak": 132.39948492419364,
    "bpm_fft": 77.28138208546258,
    "bpm_autocorr": 183.32236374119086,
    "spo2": 96.69097152021226,
    "ratio_r": 0.6060370282523712,
    "resp_rate_rpm": 6.27155454904074,
    "resp_quality": 56.27161182497974,
    "resp_reason": "experimental: pico lento 6.3 resp/min; dominancia=1.10; banda=0.91; ciclos~3.0",
    "quality": 26.40442899062823,
    "quality_label": "dudosa",
    "artifact_ir_pct": 0.4363001745200698,
    "artifact_red_pct": 0.4363001745200698,
    "pi_ir_pct": 0.06648373527670812,
    "pi_red_pct": 0.04029160535421353,
    "ac_ir": 59.35931489727456,
    "dc_ir": 89283.96494303242,
    "ac_red": 15.221842568100206,
    "dc_red": 37779.19106047327,
    "saturation_pct": 0.0,
    "contact_label": "contacto débil / baja perfusión",
    "polarity": "normal",
    "reason": "cv_intervalos=0.30 | dominancia_fft=1.26 | autocorr=0.64 | estimadores discrepantes; se usa FFT spread=55.1 | BPM por debajo del umbral de calidad | estimada no calibrada",
    "peaks_count": 24
  },
  "temperature": {
    "temp_samples": 1148,
    "temp_c_last": 30.68,
    "temp_c_mean": 30.12497386759582,
    "temp_c_min": 27.8,
    "temp_c_max": 32.34,
    "temp_raw_last": 2267.0
  },
  "bpm_blocks_10s_mean": [
    NaN,
    NaN,
    NaN,
    NaN,
    NaN,
    82.81299298503723,
    NaN,
    NaN
  ],
  "sensor_config": {
    "red": 95,
    "ir": 95,
    "avg": 1,
    "rate": 100,
    "width": 411,
    "adc": 8192,
    "skip": 50,
    "debug": false
  },
  "analysis_config": {
    "bpm_min": 45,
    "bpm_max": 180,
    "peak_threshold_sd": 0.55,
    "detrend_seconds": 2.0,
    "smooth_seconds": 0.07,
    "ignore_initial_seconds": 1.0,
    "min_quality_to_accept": 45.0,
    "spo2_formula": "quad",
    "spo2_custom_a": 94.845,
    "spo2_custom_b": 30.354,
    "spo2_custom_c": -45.06
  },
  "files": {
    "raw": "C:\\Users\\julia\\OneDrive\\Desktop\\tesis\\mtestv2\\resultados\\raw\\raw_BLOQUE_16CFG_184_ConVacio_20260602_130526_CFG013_CONFIG_13-B5F_AVG1_ADC8192.csv",
    "processed": "C:\\Users\\julia\\OneDrive\\Desktop\\tesis\\mtestv2\\resultados\\processed\\proc_BLOQUE_16CFG_184_ConVacio_20260602_130526_CFG013_CONFIG_13-B5F_AVG1_ADC8192.csv",
    "plot": "C:\\Users\\julia\\OneDrive\\Desktop\\tesis\\mtestv2\\resultados\\figures\\plot_BLOQUE_16CFG_184_ConVacio_20260602_130526_CFG013_CONFIG_13-B5F_AVG1_ADC8192.png",
    "bpm_blocks_10s": "C:\\Users\\julia\\OneDrive\\Desktop\\tesis\\mtestv2\\resultados\\reports\\bpm_blocks_10s_BLOQUE_16CFG_184_ConVacio_20260602_130526_CFG013_CONFIG_13-B5F_AVG1_ADC8192.csv"
  },
  "manual_reference": {
    "pulso_previo": "79",
    "pulso_final_pulsio": "75",
    "pulso_final_fonendo": ""
  },
  "created": "2026-06-02T13:16:08.876671"
}