{
  "session_id": "BLOQUE_7CFG_SIN_CROTAL_20260609_121839_CFG003_CONFIG_03_-_B3F_AVG4_ADC16384",
  "id": "SIN_CROTAL",
  "base_name": "BLOQUE_7CFG_SIN_CROTAL_20260609_121839_CFG003_CONFIG_03_-_B3F_AVG4_ADC16384",
  "mode": "configurations",
  "measurement_condition": "toma con tabla personalizada de configuraciones",
  "config_label": "CONFIG 03 - B3F_AVG4_ADC16384",
  "config_description": "Brillo bajo, promediado x4, rango ADC 8192",
  "reason": "BLOQUE_COMPLETADO",
  "requested_duration_s": 30.0,
  "samples": 1142,
  "metrics": {
    "n": 850,
    "hz": 39.76498099992673,
    "duration_s": 21.35044400000001,
    "bpm": 64.68749127175357,
    "bpm_peak": 64.483560765357,
    "bpm_fft": 65.1728149778133,
    "bpm_autocorr": 64.48356076535698,
    "spo2": 99.7983341424073,
    "ratio_r": 0.3961350095729896,
    "resp_rate_rpm": 11.33443638952781,
    "resp_quality": 60.97376581283518,
    "resp_reason": "experimental: pico lento 11.3 resp/min; dominancia=1.37; banda=0.98; ciclos~4.0",
    "quality": 27.178714327738057,
    "quality_label": "dudosa",
    "artifact_ir_pct": 19.962335216572505,
    "artifact_red_pct": 0.9411764705882352,
    "pi_ir_pct": 0.07598251657655183,
    "pi_red_pct": 0.030099334931432204,
    "ac_ir": 31.316606606195382,
    "dc_ir": 41215.54275534442,
    "ac_red": 14.045609060917945,
    "dc_red": 46664.184085510686,
    "saturation_pct": 0.0,
    "contact_label": "contacto débil / baja perfusión",
    "polarity": "normal",
    "reason": "primeros 1.0 s ignorados; cribado robusto descarta 20.0 % | cv_intervalos=0.18 | dominancia_fft=1.09 | autocorr=0.25 | estimadores coherentes spread=0.7 | BPM por debajo del umbral de calidad | estimada no calibrada",
    "peaks_count": 25
  },
  "temperature": {
    "temp_samples": 1142,
    "temp_c_last": 31.1,
    "temp_c_mean": 30.926392294220662,
    "temp_c_min": 29.75,
    "temp_c_max": 32.23,
    "temp_raw_last": 2283.0
  },
  "bpm_blocks_10s_mean": [
    NaN,
    63.20841077019043,
    NaN
  ],
  "sensor_config": {
    "red": 63,
    "ir": 63,
    "avg": 4,
    "rate": 800,
    "width": 411,
    "adc": 16384,
    "skip": 50,
    "debug": false
  },
  "analysis_config": {
    "bpm_min": 45,
    "bpm_max": 180,
    "peak_threshold_sd": 0.55,
    "detrend_seconds": 2.0,
    "smooth_seconds": 0.07,
    "ignore_initial_seconds": 1.0,
    "min_quality_to_accept": 45.0,
    "spo2_formula": "quad",
    "spo2_custom_a": 94.845,
    "spo2_custom_b": 30.354,
    "spo2_custom_c": -45.06
  },
  "files": {
    "raw": "C:\\Users\\julia\\OneDrive\\Desktop\\tesis\\mtestv2\\resultados\\raw\\raw_BLOQUE_7CFG_SIN_CROTAL_20260609_121839_CFG003_CONFIG_03_-_B3F_AVG4_ADC16384.csv",
    "processed": "C:\\Users\\julia\\OneDrive\\Desktop\\tesis\\mtestv2\\resultados\\processed\\proc_BLOQUE_7CFG_SIN_CROTAL_20260609_121839_CFG003_CONFIG_03_-_B3F_AVG4_ADC16384.csv",
    "plot": "C:\\Users\\julia\\OneDrive\\Desktop\\tesis\\mtestv2\\resultados\\figures\\plot_BLOQUE_7CFG_SIN_CROTAL_20260609_121839_CFG003_CONFIG_03_-_B3F_AVG4_ADC16384.png",
    "bpm_blocks_10s": "C:\\Users\\julia\\OneDrive\\Desktop\\tesis\\mtestv2\\resultados\\reports\\bpm_blocks_10s_BLOQUE_7CFG_SIN_CROTAL_20260609_121839_CFG003_CONFIG_03_-_B3F_AVG4_ADC16384.csv"
  },
  "manual_reference": {
    "pulso_previo": "65",
    "pulso_final_pulsio": "65",
    "pulso_final_fonendo": ""
  },
  "created": "2026-06-09T12:22:55.624767"
}