{
  "session_id": "BLOQUE_12CFG_SIN_CROTAL_20260603_121000_CFG002_3M_02_-_RED63_IR63_AVG1_ADC16384",
  "id": "SIN_CROTAL",
  "base_name": "BLOQUE_12CFG_SIN_CROTAL_20260603_121000_CFG002_3M_02_-_RED63_IR63_AVG1_ADC16384",
  "mode": "experimento_3m",
  "measurement_condition": "Experimento 3M: optimizacion adaptativa con BPM manual, PPG y SpO2, con",
  "config_label": "3M 02 - RED63 IR63 AVG1 ADC16384",
  "config_description": "Experimento 3M: sube IR porque el PI IR es muy bajo; sube RED relativo a IR para mejorar SpO2",
  "reason": "STOP_BLOQUE_MANUAL",
  "requested_duration_s": 100.0,
  "samples": 3938,
  "metrics": {
    "n": 3898,
    "hz": 39.890350158865346,
    "duration_s": 97.69279999999999,
    "bpm": 86.2965904913732,
    "bpm_peak": 86.2965904913732,
    "bpm_fft": 49.13361066526909,
    "bpm_autocorr": 186.40063546136463,
    "spo2": 70.68444484302952,
    "ratio_r": 1.1428153374252747,
    "resp_rate_rpm": 6.141701333158636,
    "resp_quality": 80.05621790954777,
    "resp_reason": "experimental: pico lento 6.1 resp/min; dominancia=1.03; banda=0.81; ciclos~10.0",
    "quality": 23.999999999999112,
    "quality_label": "dudosa",
    "artifact_ir_pct": 22.113904566444333,
    "artifact_red_pct": 20.677270395074395,
    "pi_ir_pct": 16.228029303428443,
    "pi_red_pct": 18.545640784144823,
    "ac_ir": 3170.1050078034946,
    "dc_ir": 19534.750329380764,
    "ac_red": 2614.2415383508946,
    "dc_red": 14096.258893280632,
    "saturation_pct": 0.0,
    "contact_label": "contacto útil",
    "polarity": "normal",
    "reason": "cv_intervalos=0.20 | dominancia_fft=1.03 | autocorr=0.85 | estimadores discrepantes; se usa picos spread=37.2 | BPM por debajo del umbral de calidad | estimada no calibrada",
    "peaks_count": 17
  },
  "temperature": {
    "temp_samples": 3938,
    "temp_c_last": 31.24,
    "temp_c_mean": 31.449855256475367,
    "temp_c_min": 26.31,
    "temp_c_max": 34.47,
    "temp_raw_last": 2288.0
  },
  "bpm_blocks_10s_mean": [
    111.86870339187283,
    NaN,
    NaN,
    NaN,
    NaN,
    NaN,
    NaN,
    NaN,
    119.70068012843717,
    149.57538847701184
  ],
  "sensor_config": {
    "red": 63,
    "ir": 63,
    "avg": 1,
    "rate": 100,
    "width": 411,
    "adc": 16384,
    "skip": 50,
    "debug": false
  },
  "analysis_config": {
    "bpm_min": 45,
    "bpm_max": 180,
    "peak_threshold_sd": 0.55,
    "detrend_seconds": 2.0,
    "smooth_seconds": 0.07,
    "ignore_initial_seconds": 1.0,
    "min_quality_to_accept": 45.0,
    "spo2_formula": "quad",
    "spo2_custom_a": 94.845,
    "spo2_custom_b": 30.354,
    "spo2_custom_c": -45.06
  },
  "files": {
    "raw": "C:\\Users\\julia\\OneDrive\\Desktop\\tesis\\mtestv2\\resultados\\raw\\raw_BLOQUE_12CFG_SIN_CROTAL_20260603_121000_CFG002_3M_02_-_RED63_IR63_AVG1_ADC16384.csv",
    "processed": "C:\\Users\\julia\\OneDrive\\Desktop\\tesis\\mtestv2\\resultados\\processed\\proc_BLOQUE_12CFG_SIN_CROTAL_20260603_121000_CFG002_3M_02_-_RED63_IR63_AVG1_ADC16384.csv",
    "plot": "C:\\Users\\julia\\OneDrive\\Desktop\\tesis\\mtestv2\\resultados\\figures\\plot_BLOQUE_12CFG_SIN_CROTAL_20260603_121000_CFG002_3M_02_-_RED63_IR63_AVG1_ADC16384.png",
    "bpm_blocks_10s": "C:\\Users\\julia\\OneDrive\\Desktop\\tesis\\mtestv2\\resultados\\reports\\bpm_blocks_10s_BLOQUE_12CFG_SIN_CROTAL_20260603_121000_CFG002_3M_02_-_RED63_IR63_AVG1_ADC16384.csv"
  },
  "manual_reference": {
    "pulso_previo": "90",
    "pulso_final_pulsio": "83",
    "pulso_final_fonendo": ""
  },
  "created": "2026-06-03T12:15:42.138063"
}