{
  "session_id": "BLOQUE_12CFG_584_20260609_141436_CFG004_CONFIG_01_-_B7F_AVG4_ADC16384",
  "id": "584",
  "base_name": "BLOQUE_12CFG_584_20260609_141436_CFG004_CONFIG_01_-_B7F_AVG4_ADC16384",
  "mode": "configurations",
  "measurement_condition": "LEFT",
  "config_label": "CONFIG 01 - B7F_AVG4_ADC16384",
  "config_description": "Brillo bajo, promediado x4, rango ADC 16384",
  "reason": "BLOQUE_COMPLETADO",
  "requested_duration_s": 60.0,
  "samples": 2334,
  "metrics": {
    "n": 1932,
    "hz": 38.228744852507404,
    "duration_s": 50.51172900000003,
    "bpm": 104.11207504392367,
    "bpm_peak": 103.70507822477138,
    "bpm_fft": 104.47378163479496,
    "bpm_autocorr": 183.47821532075233,
    "spo2": 77.6410124863391,
    "ratio_r": 1.0405560539127046,
    "resp_rate_rpm": 6.424999134875193,
    "resp_quality": 60.733468660720256,
    "resp_reason": "experimental: pico lento 6.4 resp/min; dominancia=2.58; banda=0.53; ciclos~4.0",
    "quality": 27.400941181473094,
    "quality_label": "dudosa",
    "artifact_ir_pct": 14.285714285714285,
    "artifact_red_pct": 23.136645962732917,
    "pi_ir_pct": 0.03715002928875824,
    "pi_red_pct": 0.038656687879451666,
    "ac_ir": 17.91651348885893,
    "dc_ir": 48227.454545454544,
    "ac_red": 3.098139599312663,
    "dc_red": 8014.498316498317,
    "saturation_pct": 0.0,
    "contact_label": "contacto débil / baja perfusión",
    "polarity": "invertida",
    "reason": "primeros 1.0 s ignorados; cribado robusto descarta 14.3 % | cv_intervalos=0.33 | dominancia_fft=1.15 | autocorr=0.59 | estimadores coherentes spread=0.8 | BPM por debajo del umbral de calidad | estimada no calibrada",
    "peaks_count": 34
  },
  "temperature": {
    "temp_samples": 2334,
    "temp_c_last": 33.48,
    "temp_c_mean": 32.393491859468725,
    "temp_c_min": 29.17,
    "temp_c_max": 35.51,
    "temp_raw_last": 2371.0
  },
  "bpm_blocks_10s_mean": [
    NaN,
    NaN,
    NaN,
    NaN,
    NaN,
    NaN
  ],
  "sensor_config": {
    "red": 63,
    "ir": 127,
    "avg": 4,
    "rate": 800,
    "width": 411,
    "adc": 16384,
    "skip": 50,
    "debug": false
  },
  "analysis_config": {
    "bpm_min": 45,
    "bpm_max": 180,
    "peak_threshold_sd": 0.55,
    "detrend_seconds": 2.0,
    "smooth_seconds": 0.07,
    "ignore_initial_seconds": 1.0,
    "min_quality_to_accept": 45.0,
    "spo2_formula": "quad",
    "spo2_custom_a": 94.845,
    "spo2_custom_b": 30.354,
    "spo2_custom_c": -45.06
  },
  "files": {
    "raw": "C:\\Users\\julia\\OneDrive\\Desktop\\tesis\\mtestv2\\resultados\\raw\\raw_BLOQUE_12CFG_584_20260609_141436_CFG004_CONFIG_01_-_B7F_AVG4_ADC16384.csv",
    "processed": "C:\\Users\\julia\\OneDrive\\Desktop\\tesis\\mtestv2\\resultados\\processed\\proc_BLOQUE_12CFG_584_20260609_141436_CFG004_CONFIG_01_-_B7F_AVG4_ADC16384.csv",
    "plot": "C:\\Users\\julia\\OneDrive\\Desktop\\tesis\\mtestv2\\resultados\\figures\\plot_BLOQUE_12CFG_584_20260609_141436_CFG004_CONFIG_01_-_B7F_AVG4_ADC16384.png",
    "bpm_blocks_10s": "C:\\Users\\julia\\OneDrive\\Desktop\\tesis\\mtestv2\\resultados\\reports\\bpm_blocks_10s_BLOQUE_12CFG_584_20260609_141436_CFG004_CONFIG_01_-_B7F_AVG4_ADC16384.csv"
  },
  "manual_reference": {
    "pulso_previo": "96",
    "pulso_final_pulsio": "98",
    "pulso_final_fonendo": ""
  },
  "created": "2026-06-09T14:29:24.667144"
}