{
  "session_id": "BLOQUE_12CFG_marco_no_oveja_20260603_102305_CFG008_3M_08_-_RED159_IR127_AVG1_ADC8192",
  "id": "marco_no_oveja",
  "base_name": "BLOQUE_12CFG_marco_no_oveja_20260603_102305_CFG008_3M_08_-_RED159_IR127_AVG1_ADC8192",
  "mode": "experimento_3m",
  "measurement_condition": "Experimento 3M: optimizacion adaptativa con BPM manual, PPG y SpO2",
  "config_label": "3M 08 - RED159 IR127 AVG1 ADC8192",
  "config_description": "Experimento 3M: sube IR porque el PI IR es bajo; sube RED relativo a IR para mejorar SpO2; mantiene el AVG de la mejor candidata provisional",
  "reason": "BLOQUE_COMPLETADO",
  "requested_duration_s": 100.0,
  "samples": 3938,
  "metrics": {
    "n": 3898,
    "hz": 39.878788948002445,
    "duration_s": 97.72112200000004,
    "bpm": 75.1988344931543,
    "bpm_peak": 77.1847528025854,
    "bpm_fft": 71.8370793982492,
    "bpm_autocorr": 74.77272927750458,
    "spo2": 99.92906294538669,
    "ratio_r": 0.3119712159387175,
    "resp_rate_rpm": 6.139921316089676,
    "resp_quality": 75.76367333875248,
    "resp_reason": "experimental: pico lento 6.1 resp/min; dominancia=1.23; banda=0.65; ciclos~10.0",
    "quality": 77.15637100463587,
    "quality_label": "buena",
    "artifact_ir_pct": 0.0,
    "artifact_red_pct": 0.2565418163160595,
    "pi_ir_pct": 0.09238209825130496,
    "pi_red_pct": 0.028820555522429674,
    "ac_ir": 172.29333418876809,
    "dc_ir": 186500.78040020523,
    "ac_red": 71.97891220686583,
    "dc_red": 249748.52462801436,
    "saturation_pct": 0.0,
    "contact_label": "contacto débil / baja perfusión",
    "polarity": "invertida",
    "reason": "cv_intervalos=0.12 | dominancia_fft=1.01 | autocorr=0.73 | estimadores coherentes spread=5.3 | estimada no calibrada",
    "peaks_count": 138
  },
  "temperature": {
    "temp_samples": 3938,
    "temp_c_last": 31.1,
    "temp_c_mean": 30.910345352971053,
    "temp_c_min": 28.06,
    "temp_c_max": 33.81,
    "temp_raw_last": 2283.0
  },
  "bpm_blocks_10s_mean": [
    79.81690945127419,
    78.3906018718729,
    73.46823281573285,
    70.64743147291244,
    74.64119684784366,
    81.68000192805002,
    76.96941525630899,
    77.80587095767025,
    74.21048948632288,
    73.4628233871563
  ],
  "sensor_config": {
    "red": 159,
    "ir": 127,
    "avg": 1,
    "rate": 100,
    "width": 411,
    "adc": 8192,
    "skip": 50,
    "debug": false
  },
  "analysis_config": {
    "bpm_min": 45,
    "bpm_max": 180,
    "peak_threshold_sd": 0.55,
    "detrend_seconds": 2.0,
    "smooth_seconds": 0.07,
    "ignore_initial_seconds": 1.0,
    "min_quality_to_accept": 45.0,
    "spo2_formula": "quad",
    "spo2_custom_a": 94.845,
    "spo2_custom_b": 30.354,
    "spo2_custom_c": -45.06
  },
  "files": {
    "raw": "C:\\Users\\julia\\OneDrive\\Desktop\\tesis\\mtestv2\\resultados\\raw\\raw_BLOQUE_12CFG_marco_no_oveja_20260603_102305_CFG008_3M_08_-_RED159_IR127_AVG1_ADC8192.csv",
    "processed": "C:\\Users\\julia\\OneDrive\\Desktop\\tesis\\mtestv2\\resultados\\processed\\proc_BLOQUE_12CFG_marco_no_oveja_20260603_102305_CFG008_3M_08_-_RED159_IR127_AVG1_ADC8192.csv",
    "plot": "C:\\Users\\julia\\OneDrive\\Desktop\\tesis\\mtestv2\\resultados\\figures\\plot_BLOQUE_12CFG_marco_no_oveja_20260603_102305_CFG008_3M_08_-_RED159_IR127_AVG1_ADC8192.png",
    "bpm_blocks_10s": "C:\\Users\\julia\\OneDrive\\Desktop\\tesis\\mtestv2\\resultados\\reports\\bpm_blocks_10s_BLOQUE_12CFG_marco_no_oveja_20260603_102305_CFG008_3M_08_-_RED159_IR127_AVG1_ADC8192.csv"
  },
  "manual_reference": {
    "pulso_previo": "74",
    "pulso_final_pulsio": "77",
    "pulso_final_fonendo": ""
  },
  "created": "2026-06-03T10:46:41.424300"
}