{
  "session_id": "BLOQUE_12CFG_184_20260609_140202_CFG008_CONFIG_02_-_B5F_AVG4_ADC16384",
  "id": "184",
  "base_name": "BLOQUE_12CFG_184_20260609_140202_CFG008_CONFIG_02_-_B5F_AVG4_ADC16384",
  "mode": "configurations",
  "measurement_condition": "LEFT",
  "config_label": "CONFIG 02 - B5F_AVG4_ADC16384",
  "config_description": "Brillo medio, promediado x4, rango ADC 16384",
  "reason": "STOP_BLOQUE_MANUAL",
  "requested_duration_s": 60.0,
  "samples": 2335,
  "metrics": {
    "n": 2241,
    "hz": 39.499003805147126,
    "duration_s": 56.710290999999984,
    "bpm": 70.88660504316582,
    "bpm_peak": 118.4970114154416,
    "bpm_fft": 70.88660504316582,
    "bpm_autocorr": 182.30309448529442,
    "spo2": 99.53599367009406,
    "ratio_r": 0.43346427041165925,
    "resp_rate_rpm": 9.52208127445511,
    "resp_quality": 89.07061340614193,
    "resp_reason": "experimental: pico lento 9.5 resp/min; dominancia=1.41; banda=0.99; ciclos~9.0",
    "quality": 17.26493794030814,
    "quality_label": "dudosa",
    "artifact_ir_pct": 0.6208425720620843,
    "artifact_red_pct": 0.0,
    "pi_ir_pct": 0.04420327041448697,
    "pi_red_pct": 0.01916053836002488,
    "ac_ir": 16.769572023070307,
    "dc_ir": 37937.40116019634,
    "ac_red": 1.8922045659908548,
    "dc_red": 9875.529228023204,
    "saturation_pct": 0.0,
    "contact_label": "contacto débil / baja perfusión",
    "polarity": "normal",
    "reason": "primeros 1.0 s ignorados; cribado robusto descarta 0.6 % | cv_intervalos=0.33 | dominancia_fft=1.04 | autocorr=0.82 | estimadores discrepantes; se usa FFT spread=47.6 | BPM por debajo del umbral de calidad | estimada no calibrada",
    "peaks_count": 45
  },
  "temperature": {
    "temp_samples": 2335,
    "temp_c_last": 35.06,
    "temp_c_mean": 35.02794004282656,
    "temp_c_min": 31.93,
    "temp_c_max": 37.59,
    "temp_raw_last": 2428.0
  },
  "bpm_blocks_10s_mean": [
    NaN,
    NaN,
    NaN,
    NaN,
    NaN,
    NaN
  ],
  "sensor_config": {
    "red": 95,
    "ir": 95,
    "avg": 4,
    "rate": 800,
    "width": 411,
    "adc": 16384,
    "skip": 50,
    "debug": false
  },
  "analysis_config": {
    "bpm_min": 45,
    "bpm_max": 180,
    "peak_threshold_sd": 0.55,
    "detrend_seconds": 2.0,
    "smooth_seconds": 0.07,
    "ignore_initial_seconds": 1.0,
    "min_quality_to_accept": 45.0,
    "spo2_formula": "quad",
    "spo2_custom_a": 94.845,
    "spo2_custom_b": 30.354,
    "spo2_custom_c": -45.06
  },
  "files": {
    "raw": "C:\\Users\\julia\\OneDrive\\Desktop\\tesis\\mtestv2\\resultados\\raw\\raw_BLOQUE_12CFG_184_20260609_140202_CFG008_CONFIG_02_-_B5F_AVG4_ADC16384.csv",
    "processed": "C:\\Users\\julia\\OneDrive\\Desktop\\tesis\\mtestv2\\resultados\\processed\\proc_BLOQUE_12CFG_184_20260609_140202_CFG008_CONFIG_02_-_B5F_AVG4_ADC16384.csv",
    "plot": "C:\\Users\\julia\\OneDrive\\Desktop\\tesis\\mtestv2\\resultados\\figures\\plot_BLOQUE_12CFG_184_20260609_140202_CFG008_CONFIG_02_-_B5F_AVG4_ADC16384.png",
    "bpm_blocks_10s": "C:\\Users\\julia\\OneDrive\\Desktop\\tesis\\mtestv2\\resultados\\reports\\bpm_blocks_10s_BLOQUE_12CFG_184_20260609_140202_CFG008_CONFIG_02_-_B5F_AVG4_ADC16384.csv"
  },
  "manual_reference": {
    "pulso_previo": "66",
    "pulso_final_pulsio": "73",
    "pulso_final_fonendo": ""
  },
  "created": "2026-06-09T14:12:22.554923"
}