{
  "session_id": "BLOQUE_12CFG_584_20260609_141436_CFG006_CONFIG_03_-_B3F_AVG4_ADC16384",
  "id": "584",
  "base_name": "BLOQUE_12CFG_584_20260609_141436_CFG006_CONFIG_03_-_B3F_AVG4_ADC16384",
  "mode": "configurations",
  "measurement_condition": "LEFT",
  "config_label": "CONFIG 03 - B3F_AVG4_ADC16384",
  "config_description": "Brillo medio, sin promediado, rango ADC 16384",
  "reason": "BLOQUE_COMPLETADO",
  "requested_duration_s": 60.0,
  "samples": 2335,
  "metrics": {
    "n": 1867,
    "hz": 34.79371272017302,
    "duration_s": 53.630379000000005,
    "bpm": 171.28351824625366,
    "bpm_peak": 70.3134311355721,
    "bpm_fft": 50.34460039896417,
    "bpm_autocorr": 171.28351824625366,
    "spo2": 0.0,
    "ratio_r": 3.258650726215545,
    "resp_rate_rpm": 7.831382284283316,
    "resp_quality": 69.2433979732759,
    "resp_reason": "experimental: pico lento 7.8 resp/min; dominancia=1.07; banda=0.61; ciclos~7.0",
    "quality": 10.418906915949293,
    "quality_label": "dudosa",
    "artifact_ir_pct": 17.20620842572062,
    "artifact_red_pct": 14.301017675415103,
    "pi_ir_pct": 0.2864274034873897,
    "pi_red_pct": 0.9333668663822153,
    "ac_ir": 70.77106243914128,
    "dc_ir": 24708.20234986945,
    "ac_red": 104.8450452684571,
    "dc_red": 11232.994125326371,
    "saturation_pct": 0.0,
    "contact_label": "contacto útil",
    "polarity": "normal",
    "reason": "primeros 1.0 s ignorados; cribado robusto descarta 17.2 % | cv_intervalos=0.29 | dominancia_fft=1.02 | autocorr=0.83 | estimadores discrepantes; se usa autocorr spread=120.9 | BPM por debajo del umbral de calidad | estimada no calibrada",
    "peaks_count": 12
  },
  "temperature": {
    "temp_samples": 2335,
    "temp_c_last": 34.28,
    "temp_c_mean": 34.10595289079229,
    "temp_c_min": 30.12,
    "temp_c_max": 36.13,
    "temp_raw_last": 2400.0
  },
  "bpm_blocks_10s_mean": [
    NaN,
    NaN,
    NaN,
    NaN,
    NaN,
    NaN
  ],
  "sensor_config": {
    "red": 63,
    "ir": 63,
    "avg": 4,
    "rate": 800,
    "width": 411,
    "adc": 16384,
    "skip": 50,
    "debug": false
  },
  "analysis_config": {
    "bpm_min": 45,
    "bpm_max": 180,
    "peak_threshold_sd": 0.55,
    "detrend_seconds": 2.0,
    "smooth_seconds": 0.07,
    "ignore_initial_seconds": 1.0,
    "min_quality_to_accept": 45.0,
    "spo2_formula": "quad",
    "spo2_custom_a": 94.845,
    "spo2_custom_b": 30.354,
    "spo2_custom_c": -45.06
  },
  "files": {
    "raw": "C:\\Users\\julia\\OneDrive\\Desktop\\tesis\\mtestv2\\resultados\\raw\\raw_BLOQUE_12CFG_584_20260609_141436_CFG006_CONFIG_03_-_B3F_AVG4_ADC16384.csv",
    "processed": "C:\\Users\\julia\\OneDrive\\Desktop\\tesis\\mtestv2\\resultados\\processed\\proc_BLOQUE_12CFG_584_20260609_141436_CFG006_CONFIG_03_-_B3F_AVG4_ADC16384.csv",
    "plot": "C:\\Users\\julia\\OneDrive\\Desktop\\tesis\\mtestv2\\resultados\\figures\\plot_BLOQUE_12CFG_584_20260609_141436_CFG006_CONFIG_03_-_B3F_AVG4_ADC16384.png",
    "bpm_blocks_10s": "C:\\Users\\julia\\OneDrive\\Desktop\\tesis\\mtestv2\\resultados\\reports\\bpm_blocks_10s_BLOQUE_12CFG_584_20260609_141436_CFG006_CONFIG_03_-_B3F_AVG4_ADC16384.csv"
  },
  "manual_reference": {
    "pulso_previo": "103",
    "pulso_final_pulsio": "115",
    "pulso_final_fonendo": ""
  },
  "created": "2026-06-09T14:29:25.324296"
}