{
  "session_id": "BLOQUE_8CFG_184_20260610_142211_CFG004_CONFIG_03_-_B3F_AVG4_ADC16384",
  "id": "184",
  "base_name": "BLOQUE_8CFG_184_20260610_142211_CFG004_CONFIG_03_-_B3F_AVG4_ADC16384",
  "mode": "configurations",
  "measurement_condition": "LEFT",
  "config_label": "CONFIG 03 - B3F_AVG4_ADC16384",
  "config_description": "Brillo bajo, promediado x4, rango ADC 16384",
  "reason": "BLOQUE_COMPLETADO",
  "requested_duration_s": 30.0,
  "samples": 1143,
  "metrics": {
    "n": 1014,
    "hz": 37.92086450886341,
    "duration_s": 26.713526,
    "bpm": 131.06380904520924,
    "bpm_peak": 131.06380904520924,
    "bpm_fft": 110.05660578090664,
    "bpm_autocorr": 185.6737294807132,
    "spo2": 91.45553494108455,
    "ratio_r": 0.7711759893628894,
    "resp_rate_rpm": 8.984212716808706,
    "resp_quality": 68.49121512796849,
    "resp_reason": "experimental: pico lento 9.0 resp/min; dominancia=2.00; banda=1.00; ciclos~4.0",
    "quality": 26.311368343441117,
    "quality_label": "dudosa",
    "artifact_ir_pct": 4.609595484477893,
    "artifact_red_pct": 2.0710059171597637,
    "pi_ir_pct": 0.19408169458577024,
    "pi_red_pct": 0.14967114283940752,
    "ac_ir": 42.02228901843478,
    "dc_ir": 21651.855991943605,
    "ac_red": 15.912701294463146,
    "dc_red": 10631.776435045318,
    "saturation_pct": 0.0,
    "contact_label": "contacto útil",
    "polarity": "normal",
    "reason": "primeros 1.0 s ignorados; cribado robusto descarta 4.6 % | cv_intervalos=0.17 | dominancia_fft=1.24 | autocorr=0.71 | estimadores discrepantes; se usa picos spread=21.0 | BPM por debajo del umbral de calidad | estimada no calibrada",
    "peaks_count": 18
  },
  "temperature": {
    "temp_samples": 1143,
    "temp_c_last": 31.91,
    "temp_c_mean": 32.131102362204714,
    "temp_c_min": 29.62,
    "temp_c_max": 33.65,
    "temp_raw_last": 2313.0
  },
  "bpm_blocks_10s_mean": [
    NaN,
    NaN,
    NaN
  ],
  "sensor_config": {
    "red": 63,
    "ir": 63,
    "avg": 4,
    "rate": 800,
    "width": 411,
    "adc": 16384,
    "skip": 50,
    "debug": false
  },
  "analysis_config": {
    "bpm_min": 45,
    "bpm_max": 180,
    "peak_threshold_sd": 0.55,
    "detrend_seconds": 2.0,
    "smooth_seconds": 0.07,
    "ignore_initial_seconds": 1.0,
    "min_quality_to_accept": 45.0,
    "spo2_formula": "quad",
    "spo2_custom_a": 94.845,
    "spo2_custom_b": 30.354,
    "spo2_custom_c": -45.06
  },
  "files": {
    "raw": "C:\\Users\\julia\\OneDrive\\Desktop\\tesis\\mtestv2\\resultados\\raw\\raw_BLOQUE_8CFG_184_20260610_142211_CFG004_CONFIG_03_-_B3F_AVG4_ADC16384.csv",
    "processed": "C:\\Users\\julia\\OneDrive\\Desktop\\tesis\\mtestv2\\resultados\\processed\\proc_BLOQUE_8CFG_184_20260610_142211_CFG004_CONFIG_03_-_B3F_AVG4_ADC16384.csv",
    "plot": "C:\\Users\\julia\\OneDrive\\Desktop\\tesis\\mtestv2\\resultados\\figures\\plot_BLOQUE_8CFG_184_20260610_142211_CFG004_CONFIG_03_-_B3F_AVG4_ADC16384.png",
    "bpm_blocks_10s": "C:\\Users\\julia\\OneDrive\\Desktop\\tesis\\mtestv2\\resultados\\reports\\bpm_blocks_10s_BLOQUE_8CFG_184_20260610_142211_CFG004_CONFIG_03_-_B3F_AVG4_ADC16384.csv"
  },
  "manual_reference": {
    "pulso_previo": "77",
    "pulso_final_pulsio": "80",
    "pulso_final_fonendo": ""
  },
  "created": "2026-06-10T14:26:46.463672"
}