{
  "session_id": "BLOQUE_5CFG_184__Right_20260608_133710_CFG003_CONFIG_04_-_B3F_AVG1_ADC16384",
  "id": "184__Right",
  "base_name": "BLOQUE_5CFG_184__Right_20260608_133710_CFG003_CONFIG_04_-_B3F_AVG1_ADC16384",
  "mode": "configurations",
  "measurement_condition": "toma con tabla personalizada de configuraciones",
  "config_label": "CONFIG 04 - B3F_AVG1_ADC16384",
  "config_description": "Brillo medio, sinpromedio",
  "reason": "BLOQUE_COMPLETADO",
  "requested_duration_s": 48.0,
  "samples": 1864,
  "metrics": {
    "n": 1777,
    "hz": 39.724204866134585,
    "duration_s": 44.70825799999999,
    "bpm": 118.70290271654076,
    "bpm_peak": 118.70290271654076,
    "bpm_fft": 76.49593504627269,
    "bpm_autocorr": 182.61985033313948,
    "spo2": 99.3948383739447,
    "ratio_r": 0.22513413562376516,
    "resp_rate_rpm": 9.394237637261558,
    "resp_quality": 82.40484298086322,
    "resp_reason": "experimental: pico lento 9.4 resp/min; dominancia=1.29; banda=0.95; ciclos~7.0",
    "quality": 24.45996895248225,
    "quality_label": "dudosa",
    "artifact_ir_pct": 0.3923766816143498,
    "artifact_red_pct": 0.39392234102419804,
    "pi_ir_pct": 0.20727036657306308,
    "pi_red_pct": 0.046663634818847506,
    "ac_ir": 53.67338862690622,
    "dc_ir": 25895.350847457627,
    "ac_red": 4.0293856211535735,
    "dc_red": 8634.958757062146,
    "saturation_pct": 0.0,
    "contact_label": "contacto útil",
    "polarity": "invertida",
    "reason": "primeros 1.0 s ignorados; cribado robusto descarta 0.4 % | cv_intervalos=0.27 | dominancia_fft=1.02 | autocorr=0.84 | estimadores discrepantes; se usa picos spread=42.2 | BPM por debajo del umbral de calidad | estimada no calibrada",
    "peaks_count": 30
  },
  "temperature": {
    "temp_samples": 1864,
    "temp_c_last": 35.4,
    "temp_c_mean": 35.14418991416309,
    "temp_c_min": 33.34,
    "temp_c_max": 36.9,
    "temp_raw_last": 2440.0
  },
  "bpm_blocks_10s_mean": [
    NaN,
    NaN,
    NaN,
    NaN,
    NaN
  ],
  "sensor_config": {
    "red": 63,
    "ir": 63,
    "avg": 1,
    "rate": 100,
    "width": 411,
    "adc": 16384,
    "skip": 50,
    "debug": false
  },
  "analysis_config": {
    "bpm_min": 45,
    "bpm_max": 180,
    "peak_threshold_sd": 0.55,
    "detrend_seconds": 2.0,
    "smooth_seconds": 0.07,
    "ignore_initial_seconds": 1.0,
    "min_quality_to_accept": 45.0,
    "spo2_formula": "quad",
    "spo2_custom_a": 94.845,
    "spo2_custom_b": 30.354,
    "spo2_custom_c": -45.06
  },
  "files": {
    "raw": "C:\\Users\\julia\\OneDrive\\Desktop\\tesis\\mtestv2\\resultados\\raw\\raw_BLOQUE_5CFG_184__Right_20260608_133710_CFG003_CONFIG_04_-_B3F_AVG1_ADC16384.csv",
    "processed": "C:\\Users\\julia\\OneDrive\\Desktop\\tesis\\mtestv2\\resultados\\processed\\proc_BLOQUE_5CFG_184__Right_20260608_133710_CFG003_CONFIG_04_-_B3F_AVG1_ADC16384.csv",
    "plot": "C:\\Users\\julia\\OneDrive\\Desktop\\tesis\\mtestv2\\resultados\\figures\\plot_BLOQUE_5CFG_184__Right_20260608_133710_CFG003_CONFIG_04_-_B3F_AVG1_ADC16384.png",
    "bpm_blocks_10s": "C:\\Users\\julia\\OneDrive\\Desktop\\tesis\\mtestv2\\resultados\\reports\\bpm_blocks_10s_BLOQUE_5CFG_184__Right_20260608_133710_CFG003_CONFIG_04_-_B3F_AVG1_ADC16384.csv"
  },
  "manual_reference": {
    "pulso_previo": "78",
    "pulso_final_pulsio": "78",
    "pulso_final_fonendo": ""
  },
  "created": "2026-06-08T13:41:34.734604"
}