{
  "session_id": "BLOQUE_16CFG_184_ConVacio_20260602_130526_CFG005_CONFIG_05_-_B3F_AVG1_ADC8192",
  "id": "184_ConVacio",
  "base_name": "BLOQUE_16CFG_184_ConVacio_20260602_130526_CFG005_CONFIG_05_-_B3F_AVG1_ADC8192",
  "mode": "configurations",
  "measurement_condition": "toma con tabla personalizada de configuraciones",
  "config_label": "CONFIG 05 - B3F_AVG1_ADC8192",
  "config_description": "Brillo medio, sin promediado, rango ADC 8192",
  "reason": "BLOQUE_COMPLETADO",
  "requested_duration_s": 30.0,
  "samples": 1147,
  "metrics": {
    "n": 1146,
    "hz": 39.894037256013554,
    "duration_s": 28.701031,
    "bpm": 84.7447381028659,
    "bpm_peak": 85.4872226914573,
    "bpm_fft": 83.62068944491925,
    "bpm_autocorr": 184.12632579698564,
    "spo2": 99.45152338471516,
    "ratio_r": 0.442719424489057,
    "resp_rate_rpm": 8.362068944491924,
    "resp_quality": 65.06447472701745,
    "resp_reason": "experimental: pico lento 8.4 resp/min; dominancia=2.12; banda=0.85; ciclos~4.0",
    "quality": 62.78726751443596,
    "quality_label": "aceptable",
    "artifact_ir_pct": 0.0,
    "artifact_red_pct": 0.0,
    "pi_ir_pct": 0.04153484444753074,
    "pi_red_pct": 0.018388282430053315,
    "ac_ir": 24.182280496925845,
    "dc_ir": 58221.67102966841,
    "ac_red": 4.7611455932349545,
    "dc_red": 25892.28010471204,
    "saturation_pct": 0.0,
    "contact_label": "contacto débil / baja perfusión",
    "polarity": "normal",
    "reason": "cv_intervalos=0.23 | dominancia_fft=1.01 | autocorr=0.52 | estimadores coherentes spread=1.9 | estimada no calibrada",
    "peaks_count": 27
  },
  "temperature": {
    "temp_samples": 1147,
    "temp_c_last": 31.99,
    "temp_c_mean": 31.856965998256324,
    "temp_c_min": 29.91,
    "temp_c_max": 34.36,
    "temp_raw_last": 2316.0
  },
  "bpm_blocks_10s_mean": [
    NaN,
    NaN,
    NaN,
    83.03987944225982,
    72.89797108868495
  ],
  "sensor_config": {
    "red": 63,
    "ir": 63,
    "avg": 1,
    "rate": 100,
    "width": 411,
    "adc": 8192,
    "skip": 50,
    "debug": false
  },
  "analysis_config": {
    "bpm_min": 45,
    "bpm_max": 180,
    "peak_threshold_sd": 0.55,
    "detrend_seconds": 2.0,
    "smooth_seconds": 0.07,
    "ignore_initial_seconds": 1.0,
    "min_quality_to_accept": 45.0,
    "spo2_formula": "quad",
    "spo2_custom_a": 94.845,
    "spo2_custom_b": 30.354,
    "spo2_custom_c": -45.06
  },
  "files": {
    "raw": "C:\\Users\\julia\\OneDrive\\Desktop\\tesis\\mtestv2\\resultados\\raw\\raw_BLOQUE_16CFG_184_ConVacio_20260602_130526_CFG005_CONFIG_05_-_B3F_AVG1_ADC8192.csv",
    "processed": "C:\\Users\\julia\\OneDrive\\Desktop\\tesis\\mtestv2\\resultados\\processed\\proc_BLOQUE_16CFG_184_ConVacio_20260602_130526_CFG005_CONFIG_05_-_B3F_AVG1_ADC8192.csv",
    "plot": "C:\\Users\\julia\\OneDrive\\Desktop\\tesis\\mtestv2\\resultados\\figures\\plot_BLOQUE_16CFG_184_ConVacio_20260602_130526_CFG005_CONFIG_05_-_B3F_AVG1_ADC8192.png",
    "bpm_blocks_10s": "C:\\Users\\julia\\OneDrive\\Desktop\\tesis\\mtestv2\\resultados\\reports\\bpm_blocks_10s_BLOQUE_16CFG_184_ConVacio_20260602_130526_CFG005_CONFIG_05_-_B3F_AVG1_ADC8192.csv"
  },
  "manual_reference": {
    "pulso_previo": "70",
    "pulso_final_pulsio": "79",
    "pulso_final_fonendo": ""
  },
  "created": "2026-06-02T13:16:07.867664"
}