{
  "session_id": "VACIO_SIN_CROTAL_20260605_110612",
  "id": "SIN_CROTAL",
  "base_name": "VACIO_SIN_CROTAL_20260605_110612",
  "mode": "experimento_vacio",
  "measurement_condition": "Experimento con vacio: PPG + audio sincronizado",
  "config_label": "vacio_audio_notch",
  "reason": "STOP_MANUAL",
  "requested_duration_s": 240.0,
  "samples": 19157,
  "metrics": {
    "n": 13627,
    "hz": 110.90545480901834,
    "duration_s": 122.861405,
    "bpm": 45.025317216347865,
    "bpm_peak": 101.22954658762771,
    "bpm_fft": 45.025317216347865,
    "bpm_autocorr": 181.48213580867815,
    "spo2": 0.0,
    "ratio_r": 2.0453545134072737,
    "resp_rate_rpm": 6.92678066121558,
    "resp_quality": 64.88882319359007,
    "resp_reason": "experimental: pico lento 6.9 resp/min; dominancia=1.29; banda=0.56; ciclos~6.0",
    "quality": 0.0,
    "quality_label": "dudosa",
    "artifact_ir_pct": 27.6813670859205,
    "artifact_red_pct": 41.138915388566815,
    "pi_ir_pct": 0.04354915320966319,
    "pi_red_pct": 0.08907345707244947,
    "ac_ir": 27.04159841517453,
    "dc_ir": 62094.42990770766,
    "ac_red": 28.04243625384586,
    "dc_red": 31482.37104015964,
    "saturation_pct": 0.0,
    "contact_label": "contacto débil / baja perfusión",
    "polarity": "invertida",
    "reason": "primeros 1.0 s ignorados; cribado robusto descarta 27.7 % | cv_intervalos=0.38 | dominancia_fft=1.50 | autocorr=0.40 | estimadores discrepantes; se usa FFT spread=56.2 | BPM por debajo del umbral de calidad | estimada no calibrada",
    "peaks_count": 66
  },
  "temperature": {
    "temp_samples": 19157,
    "temp_c_last": 33.51,
    "temp_c_mean": 33.45795531659446,
    "temp_c_min": 29.86,
    "temp_c_max": 36.53,
    "temp_raw_last": 2372.0
  },
  "bpm_blocks_2s_orientative": [
    NaN,
    88.19630071835705,
    89.79536757734152,
    89.85918620965437,
    NaN,
    NaN,
    NaN,
    NaN,
    NaN,
    NaN,
    NaN,
    NaN,
    NaN,
    NaN,
    89.47993697772095,
    89.84225316375144,
    89.58146272984898,
    89.56870891169248,
    89.85762639166941,
    90.05322117353704,
    89.92728340708132,
    90.13674852679337,
    89.79689182353253,
    89.9929720922292,
    90.0491568433816,
    89.84893873020569,
    89.75113246181076,
    89.80004664204203,
    89.61434774095557,
    89.5051855573857,
    89.46121609212578,
    89.61923122754465,
    89.66846449748634,
    89.68063202411501,
    89.69667715606067,
    90.46619816831051,
    NaN,
    NaN,
    NaN,
    NaN,
    NaN,
    NaN,
    NaN,
    NaN,
    NaN,
    NaN,
    NaN,
    NaN,
    NaN,
    NaN,
    NaN,
    NaN,
    NaN,
    NaN,
    NaN,
    NaN,
    NaN,
    NaN,
    NaN,
    NaN,
    NaN,
    NaN,
    NaN
  ],
  "bpm_blocks_10s_mean": [
    89.1434558296928,
    NaN,
    NaN,
    89.56372512890695,
    89.95351431116305,
    89.72587528079889,
    89.62803679405307,
    NaN,
    NaN,
    NaN,
    NaN,
    NaN,
    NaN
  ],
  "sensor_config": {
    "red": 159,
    "ir": 159,
    "avg": 1,
    "rate": 400,
    "width": 411,
    "adc": 16384,
    "skip": 50,
    "debug": false
  },
  "analysis_config": {
    "bpm_min": 45,
    "bpm_max": 180,
    "peak_threshold_sd": 0.55,
    "detrend_seconds": 2.0,
    "smooth_seconds": 0.07,
    "ignore_initial_seconds": 1.0,
    "min_quality_to_accept": 45.0,
    "spo2_formula": "quad",
    "spo2_custom_a": 94.845,
    "spo2_custom_b": 30.354,
    "spo2_custom_c": -45.06
  },
  "config_confirmation": {
    "status": "confirmada",
    "command": "CONFIG RED=159 IR=159 AVG=1 RATE=400 WIDTH=411 ADC=16384 SKIP=50 DEBUG=0",
    "arduino_cfg_line": "CFG RED=159 IR=159 AVG=1 RATE=400 WIDTH=411 ADC=16384 SKIP=50 DEBUG=0"
  },
  "manual_reference": {
    "pulso_previo": "70",
    "pulso_final_pulsio": "70",
    "pulso_final_fonendo": ""
  },
  "files": {
    "raw": "C:\\Users\\julia\\OneDrive\\Desktop\\tesis\\mtestv2\\resultados\\experimento_con_vacio\\raw_ppg\\raw_VACIO_SIN_CROTAL_20260605_110612.csv",
    "processed": "C:\\Users\\julia\\OneDrive\\Desktop\\tesis\\mtestv2\\resultados\\experimento_con_vacio\\processed\\proc_VACIO_SIN_CROTAL_20260605_110612.csv",
    "plot": "C:\\Users\\julia\\OneDrive\\Desktop\\tesis\\mtestv2\\resultados\\experimento_con_vacio\\figures\\plot_VACIO_SIN_CROTAL_20260605_110612.png",
    "screenshot": "C:\\Users\\julia\\OneDrive\\Desktop\\tesis\\mtestv2\\resultados\\experimento_con_vacio\\screenshots\\screen_VACIO_SIN_CROTAL_20260605_110612.png",
    "config": "C:\\Users\\julia\\OneDrive\\Desktop\\tesis\\mtestv2\\resultados\\experimento_con_vacio\\configs\\config_VACIO_SIN_CROTAL_20260605_110612_20260605_110615.json",
    "bpm_blocks_10s": "C:\\Users\\julia\\OneDrive\\Desktop\\tesis\\mtestv2\\resultados\\experimento_con_vacio\\reports\\bpm_blocks_10s_VACIO_SIN_CROTAL_20260605_110612.csv"
  },
  "created": "2026-06-05T11:08:38.570712"
}